<?xml version="1.0" encoding="UTF-8"?>
<gpx version="1.1" creator="brouter-racebike-no-bundesstrasse" xmlns="http://www.topografix.com/GPX/1/1">
<metadata><name>Forstenried – Riva (Rennrad, ohne Bundesstraße)</name>
<desc>BRouter racebike, primary/Bundesstraßen stark gemieden. Asphalt bevorzugt. Keine OSRM-Luftlinien.</desc></metadata>
  <wpt lat="48.0845" lon="11.4925"><name>Start Forstenried</name></wpt>
  <wpt lat="48.043" lon="11.521"><name>Pullach</name></wpt>
  <wpt lat="48.0205" lon="11.4865"><name>Baierbrunn</name></wpt>
  <wpt lat="47.984" lon="11.4555"><name>Schaeftlarn</name></wpt>
  <wpt lat="47.9535" lon="11.436"><name>Icking</name></wpt>
  <wpt lat="47.9129" lon="11.4196"><name>Wolfratshausen</name></wpt>
  <wpt lat="47.865" lon="11.48"><name>Geretsried</name></wpt>
  <wpt lat="47.814" lon="11.48"><name>Koenigsdorf</name></wpt>
  <wpt lat="47.7611" lon="11.5589"><name>Bad Toelz</name></wpt>
  <wpt lat="47.68" lon="11.574"><name>Lenggries</name></wpt>
  <wpt lat="47.568" lon="11.538"><name>Fall Sylvenstein</name></wpt>
  <wpt lat="47.527" lon="11.706"><name>Achenkirch</name></wpt>
  <wpt lat="47.422" lon="11.753"><name>Maurach</name></wpt>
  <wpt lat="47.392" lon="11.777"><name>Jenbach</name></wpt>
  <wpt lat="47.351" lon="11.71"><name>Schwaz</name></wpt>
  <wpt lat="47.283" lon="11.506"><name>Hall in Tirol</name></wpt>
  <wpt lat="47.25" lon="11.449"><name>Aldrans</name></wpt>
  <wpt lat="47.205" lon="11.415"><name>Patsch</name></wpt>
  <wpt lat="47.13" lon="11.452"><name>Matrei am Brenner</name></wpt>
  <wpt lat="47.003" lon="11.5047"><name>Brenner</name></wpt>
  <wpt lat="46.896" lon="11.433"><name>Sterzing</name></wpt>
  <wpt lat="46.716" lon="11.656"><name>Brixen</name></wpt>
  <wpt lat="46.64" lon="11.566"><name>Klausen</name></wpt>
  <wpt lat="46.498" lon="11.356"><name>Bozen</name></wpt>
  <wpt lat="46.348" lon="11.298"><name>Auer</name></wpt>
  <wpt lat="46.24" lon="11.211"><name>Salurn</name></wpt>
  <wpt lat="46.067" lon="11.121"><name>Trento</name></wpt>
  <wpt lat="45.89" lon="11.04"><name>Rovereto</name></wpt>
  <wpt lat="45.855" lon="10.978"><name>Mori</name></wpt>
  <wpt lat="45.876" lon="10.888"><name>Nago</name></wpt>
  <wpt lat="45.889" lon="10.843"><name>Riva del Garda</name></wpt>
  <trk><name>Forstenried-Riva ohne Bundesstrasse</name><trkseg>
    <trkpt lat="48.08447" lon="11.492493"><ele>562.75</ele></trkpt>
    <trkpt lat="48.084458" lon="11.492613"><ele>562.75</ele></trkpt>
    <trkpt lat="48.084454" lon="11.49264"><ele>562.75</ele></trkpt>
    <trkpt lat="48.084432" lon="11.492941"><ele>563.0</ele></trkpt>
    <trkpt lat="48.084402" lon="11.493434"><ele>562.0</ele></trkpt>
    <trkpt lat="48.084385" lon="11.493855"><ele>562.0</ele></trkpt>
    <trkpt lat="48.084378" lon="11.494032"><ele>562.0</ele></trkpt>
    <trkpt lat="48.084369" lon="11.494528"><ele>561.75</ele></trkpt>
    <trkpt lat="48.084337" lon="11.494637"><ele>561.5</ele></trkpt>
    <trkpt lat="48.084275" lon="11.49478"><ele>561.5</ele></trkpt>
    <trkpt lat="48.084183" lon="11.495034"><ele>562.0</ele></trkpt>
    <trkpt lat="48.084125" lon="11.49516"><ele>562.0</ele></trkpt>
    <trkpt lat="48.084026" lon="11.495351"><ele>562.0</ele></trkpt>
    <trkpt lat="48.083981" lon="11.495428"><ele>562.0</ele></trkpt>
    <trkpt lat="48.083968" lon="11.49545"><ele>562.0</ele></trkpt>
    <trkpt lat="48.083857" lon="11.495635"><ele>562.0</ele></trkpt>
    <trkpt lat="48.083703" lon="11.495892"><ele>562.0</ele></trkpt>
    <trkpt lat="48.083618" lon="11.49604"><ele>562.0</ele></trkpt>
    <trkpt lat="48.08326" lon="11.496607"><ele>563.0</ele></trkpt>
    <trkpt lat="48.083113" lon="11.496837"><ele>563.0</ele></trkpt>
    <trkpt lat="48.082666" lon="11.497537"><ele>564.0</ele></trkpt>
    <trkpt lat="48.082367" lon="11.497908"><ele>564.0</ele></trkpt>
    <trkpt lat="48.082018" lon="11.498261"><ele>565.25</ele></trkpt>
    <trkpt lat="48.081901" lon="11.498376"><ele>565.5</ele></trkpt>
    <trkpt lat="48.081691" lon="11.498621"><ele>565.75</ele></trkpt>
    <trkpt lat="48.081506" lon="11.498874"><ele>565.5</ele></trkpt>
    <trkpt lat="48.080916" lon="11.499942"><ele>566.0</ele></trkpt>
    <trkpt lat="48.080687" lon="11.500361"><ele>566.75</ele></trkpt>
    <trkpt lat="48.080566" lon="11.500612"><ele>566.75</ele></trkpt>
    <trkpt lat="48.080483" lon="11.500778"><ele>567.0</ele></trkpt>
    <trkpt lat="48.080222" lon="11.501307"><ele>566.0</ele></trkpt>
    <trkpt lat="48.079832" lon="11.50208"><ele>567.0</ele></trkpt>
    <trkpt lat="48.079747" lon="11.502284"><ele>567.0</ele></trkpt>
    <trkpt lat="48.079601" lon="11.502634"><ele>566.75</ele></trkpt>
    <trkpt lat="48.079585" lon="11.502672"><ele>566.75</ele></trkpt>
    <trkpt lat="48.079404" lon="11.503089"><ele>566.75</ele></trkpt>
    <trkpt lat="48.079374" lon="11.503157"><ele>566.75</ele></trkpt>
    <trkpt lat="48.079281" lon="11.503391"><ele>567.0</ele></trkpt>
    <trkpt lat="48.079223" lon="11.503556"><ele>567.0</ele></trkpt>
    <trkpt lat="48.079157" lon="11.503746"><ele>567.0</ele></trkpt>
    <trkpt lat="48.079133" lon="11.503824"><ele>567.0</ele></trkpt>
    <trkpt lat="48.078986" lon="11.504282"><ele>567.0</ele></trkpt>
    <trkpt lat="48.078894" lon="11.504569"><ele>567.0</ele></trkpt>
    <trkpt lat="48.078771" lon="11.505069"><ele>567.0</ele></trkpt>
    <trkpt lat="48.078708" lon="11.505351"><ele>567.25</ele></trkpt>
    <trkpt lat="48.078649" lon="11.505659"><ele>567.0</ele></trkpt>
    <trkpt lat="48.0786" lon="11.506014"><ele>567.0</ele></trkpt>
    <trkpt lat="48.078555" lon="11.506471"><ele>567.0</ele></trkpt>
    <trkpt lat="48.078521" lon="11.506949"><ele>567.0</ele></trkpt>
    <trkpt lat="48.078513" lon="11.507062"><ele>567.0</ele></trkpt>
    <trkpt lat="48.078503" lon="11.507167"><ele>567.0</ele></trkpt>
    <trkpt lat="48.078418" lon="11.507141"><ele>567.0</ele></trkpt>
    <trkpt lat="48.078086" lon="11.506973"><ele>567.0</ele></trkpt>
    <trkpt lat="48.078008" lon="11.506939"><ele>567.0</ele></trkpt>
    <trkpt lat="48.077971" lon="11.506923"><ele>567.25</ele></trkpt>
    <trkpt lat="48.077943" lon="11.50691"><ele>567.25</ele></trkpt>
    <trkpt lat="48.077709" lon="11.506801"><ele>568.0</ele></trkpt>
    <trkpt lat="48.077394" lon="11.506659"><ele>568.0</ele></trkpt>
    <trkpt lat="48.077116" lon="11.506576"><ele>568.5</ele></trkpt>
    <trkpt lat="48.076863" lon="11.506519"><ele>569.0</ele></trkpt>
    <trkpt lat="48.076814" lon="11.506537"><ele>569.0</ele></trkpt>
    <trkpt lat="48.0768" lon="11.506589"><ele>569.0</ele></trkpt>
    <trkpt lat="48.076799" lon="11.506841"><ele>569.0</ele></trkpt>
    <trkpt lat="48.076773" lon="11.507275"><ele>568.75</ele></trkpt>
    <trkpt lat="48.076717" lon="11.507694"><ele>568.5</ele></trkpt>
    <trkpt lat="48.076588" lon="11.508157"><ele>568.5</ele></trkpt>
    <trkpt lat="48.076425" lon="11.508858"><ele>568.75</ele></trkpt>
    <trkpt lat="48.076226" lon="11.509713"><ele>569.0</ele></trkpt>
    <trkpt lat="48.07579" lon="11.511682"><ele>571.0</ele></trkpt>
    <trkpt lat="48.075571" lon="11.51171"><ele>571.75</ele></trkpt>
    <trkpt lat="48.075425" lon="11.51177"><ele>572.25</ele></trkpt>
    <trkpt lat="48.075343" lon="11.51182"><ele>572.75</ele></trkpt>
    <trkpt lat="48.075258" lon="11.511901"><ele>572.75</ele></trkpt>
    <trkpt lat="48.075211" lon="11.512081"><ele>572.25</ele></trkpt>
    <trkpt lat="48.075176" lon="11.512393"><ele>571.5</ele></trkpt>
    <trkpt lat="48.075131" lon="11.512767"><ele>571.5</ele></trkpt>
    <trkpt lat="48.075084" lon="11.512952"><ele>571.25</ele></trkpt>
    <trkpt lat="48.074982" lon="11.513219"><ele>571.0</ele></trkpt>
    <trkpt lat="48.074968" lon="11.513322"><ele>571.0</ele></trkpt>
    <trkpt lat="48.074678" lon="11.51337"><ele>571.25</ele></trkpt>
    <trkpt lat="48.07443" lon="11.51337"><ele>572.0</ele></trkpt>
    <trkpt lat="48.07431" lon="11.513276"><ele>572.25</ele></trkpt>
    <trkpt lat="48.074234" lon="11.513285"><ele>572.5</ele></trkpt>
    <trkpt lat="48.074169" lon="11.513314"><ele>572.75</ele></trkpt>
    <trkpt lat="48.073917" lon="11.514028"><ele>573.25</ele></trkpt>
    <trkpt lat="48.073869" lon="11.514165"><ele>573.0</ele></trkpt>
    <trkpt lat="48.073813" lon="11.514268"><ele>572.75</ele></trkpt>
    <trkpt lat="48.07373" lon="11.514404"><ele>572.5</ele></trkpt>
    <trkpt lat="48.073696" lon="11.51443"><ele>572.25</ele></trkpt>
    <trkpt lat="48.073467" lon="11.514475"><ele>572.0</ele></trkpt>
    <trkpt lat="48.07333" lon="11.514458"><ele>572.0</ele></trkpt>
    <trkpt lat="48.07321" lon="11.514444"><ele>572.0</ele></trkpt>
    <trkpt lat="48.073125" lon="11.514436"><ele>572.0</ele></trkpt>
    <trkpt lat="48.07274" lon="11.514402"><ele>572.0</ele></trkpt>
    <trkpt lat="48.072567" lon="11.514423"><ele>572.0</ele></trkpt>
    <trkpt lat="48.072265" lon="11.514501"><ele>572.0</ele></trkpt>
    <trkpt lat="48.071938" lon="11.514625"><ele>572.25</ele></trkpt>
    <trkpt lat="48.071674" lon="11.514739"><ele>572.75</ele></trkpt>
    <trkpt lat="48.070959" lon="11.515056"><ele>572.75</ele></trkpt>
    <trkpt lat="48.070895" lon="11.515091"><ele>572.75</ele></trkpt>
    <trkpt lat="48.070803" lon="11.515143"><ele>573.0</ele></trkpt>
    <trkpt lat="48.070724" lon="11.515197"><ele>573.0</ele></trkpt>
    <trkpt lat="48.070339" lon="11.51551"><ele>573.0</ele></trkpt>
    <trkpt lat="48.070241" lon="11.515613"><ele>573.0</ele></trkpt>
    <trkpt lat="48.070074" lon="11.515812"><ele>573.5</ele></trkpt>
    <trkpt lat="48.069949" lon="11.515949"><ele>573.75</ele></trkpt>
    <trkpt lat="48.069625" lon="11.516278"><ele>574.0</ele></trkpt>
    <trkpt lat="48.069418" lon="11.516507"><ele>574.0</ele></trkpt>
    <trkpt lat="48.069011" lon="11.516958"><ele>574.0</ele></trkpt>
    <trkpt lat="48.068567" lon="11.517531"><ele>575.0</ele></trkpt>
    <trkpt lat="48.068524" lon="11.517588"><ele>575.0</ele></trkpt>
    <trkpt lat="48.068431" lon="11.517676"><ele>575.0</ele></trkpt>
    <trkpt lat="48.068357" lon="11.517749"><ele>575.0</ele></trkpt>
    <trkpt lat="48.068289" lon="11.51782"><ele>574.75</ele></trkpt>
    <trkpt lat="48.067808" lon="11.51833"><ele>575.75</ele></trkpt>
    <trkpt lat="48.067588" lon="11.518558"><ele>575.5</ele></trkpt>
    <trkpt lat="48.067547" lon="11.518588"><ele>575.75</ele></trkpt>
    <trkpt lat="48.06739" lon="11.518702"><ele>575.75</ele></trkpt>
    <trkpt lat="48.067368" lon="11.518717"><ele>575.75</ele></trkpt>
    <trkpt lat="48.067282" lon="11.518773"><ele>575.75</ele></trkpt>
    <trkpt lat="48.067037" lon="11.518928"><ele>575.75</ele></trkpt>
    <trkpt lat="48.066752" lon="11.519086"><ele>576.0</ele></trkpt>
    <trkpt lat="48.06631" lon="11.519271"><ele>576.75</ele></trkpt>
    <trkpt lat="48.065862" lon="11.519402"><ele>576.75</ele></trkpt>
    <trkpt lat="48.065786" lon="11.519423"><ele>577.0</ele></trkpt>
    <trkpt lat="48.065563" lon="11.519497"><ele>577.0</ele></trkpt>
    <trkpt lat="48.06543" lon="11.519553"><ele>577.0</ele></trkpt>
    <trkpt lat="48.065" lon="11.519772"><ele>577.75</ele></trkpt>
    <trkpt lat="48.064203" lon="11.520138"><ele>578.0</ele></trkpt>
    <trkpt lat="48.063998" lon="11.520232"><ele>578.0</ele></trkpt>
    <trkpt lat="48.063744" lon="11.520353"><ele>578.5</ele></trkpt>
    <trkpt lat="48.063724" lon="11.520363"><ele>578.5</ele></trkpt>
    <trkpt lat="48.063468" lon="11.520484"><ele>579.0</ele></trkpt>
    <trkpt lat="48.063015" lon="11.520698"><ele>579.0</ele></trkpt>
    <trkpt lat="48.062944" lon="11.52072"><ele>579.0</ele></trkpt>
    <trkpt lat="48.062791" lon="11.520745"><ele>579.0</ele></trkpt>
    <trkpt lat="48.062536" lon="11.520797"><ele>579.0</ele></trkpt>
    <trkpt lat="48.062528" lon="11.520799"><ele>579.0</ele></trkpt>
    <trkpt lat="48.062394" lon="11.520829"><ele>579.25</ele></trkpt>
    <trkpt lat="48.06216" lon="11.520882"><ele>580.0</ele></trkpt>
    <trkpt lat="48.061992" lon="11.520954"><ele>580.0</ele></trkpt>
    <trkpt lat="48.061871" lon="11.521039"><ele>580.0</ele></trkpt>
    <trkpt lat="48.061769" lon="11.521151"><ele>580.0</ele></trkpt>
    <trkpt lat="48.061475" lon="11.521517"><ele>580.0</ele></trkpt>
    <trkpt lat="48.061352" lon="11.521615"><ele>580.0</ele></trkpt>
    <trkpt lat="48.061191" lon="11.521731"><ele>580.0</ele></trkpt>
    <trkpt lat="48.060664" lon="11.522074"><ele>580.75</ele></trkpt>
    <trkpt lat="48.060471" lon="11.522191"><ele>581.0</ele></trkpt>
    <trkpt lat="48.060207" lon="11.522291"><ele>581.0</ele></trkpt>
    <trkpt lat="48.05991" lon="11.522417"><ele>581.0</ele></trkpt>
    <trkpt lat="48.059792" lon="11.522459"><ele>581.5</ele></trkpt>
    <trkpt lat="48.05974" lon="11.522477"><ele>581.75</ele></trkpt>
    <trkpt lat="48.059599" lon="11.522528"><ele>581.75</ele></trkpt>
    <trkpt lat="48.05943" lon="11.522596"><ele>582.0</ele></trkpt>
    <trkpt lat="48.059253" lon="11.52266"><ele>582.0</ele></trkpt>
    <trkpt lat="48.059122" lon="11.522718"><ele>582.0</ele></trkpt>
    <trkpt lat="48.058488" lon="11.523029"><ele>582.0</ele></trkpt>
    <trkpt lat="48.05836" lon="11.52309"><ele>581.75</ele></trkpt>
    <trkpt lat="48.05825" lon="11.523144"><ele>581.75</ele></trkpt>
    <trkpt lat="48.057932" lon="11.523297"><ele>582.0</ele></trkpt>
    <trkpt lat="48.057743" lon="11.523401"><ele>582.0</ele></trkpt>
    <trkpt lat="48.057358" lon="11.523553"><ele>582.0</ele></trkpt>
    <trkpt lat="48.057206" lon="11.523578"><ele>582.0</ele></trkpt>
    <trkpt lat="48.057112" lon="11.523577"><ele>582.0</ele></trkpt>
    <trkpt lat="48.056963" lon="11.523575"><ele>582.0</ele></trkpt>
    <trkpt lat="48.056869" lon="11.523574"><ele>582.0</ele></trkpt>
    <trkpt lat="48.05672" lon="11.523526"><ele>582.0</ele></trkpt>
    <trkpt lat="48.056588" lon="11.523465"><ele>582.0</ele></trkpt>
    <trkpt lat="48.056437" lon="11.523365"><ele>582.0</ele></trkpt>
    <trkpt lat="48.056261" lon="11.523233"><ele>582.0</ele></trkpt>
    <trkpt lat="48.056161" lon="11.523148"><ele>582.0</ele></trkpt>
    <trkpt lat="48.056091" lon="11.523088"><ele>581.75</ele></trkpt>
    <trkpt lat="48.056044" lon="11.523036"><ele>581.5</ele></trkpt>
    <trkpt lat="48.056011" lon="11.522965"><ele>581.25</ele></trkpt>
    <trkpt lat="48.055874" lon="11.522584"><ele>581.0</ele></trkpt>
    <trkpt lat="48.055838" lon="11.522527"><ele>581.0</ele></trkpt>
    <trkpt lat="48.055791" lon="11.522483"><ele>581.0</ele></trkpt>
    <trkpt lat="48.055695" lon="11.522453"><ele>581.0</ele></trkpt>
    <trkpt lat="48.055396" lon="11.522427"><ele>581.5</ele></trkpt>
    <trkpt lat="48.05531" lon="11.522415"><ele>581.75</ele></trkpt>
    <trkpt lat="48.055061" lon="11.522371"><ele>582.25</ele></trkpt>
    <trkpt lat="48.054887" lon="11.522316"><ele>582.0</ele></trkpt>
    <trkpt lat="48.054726" lon="11.522238"><ele>581.75</ele></trkpt>
    <trkpt lat="48.05436" lon="11.522047"><ele>582.5</ele></trkpt>
    <trkpt lat="48.054174" lon="11.52195"><ele>582.75</ele></trkpt>
    <trkpt lat="48.054082" lon="11.521881"><ele>583.0</ele></trkpt>
    <trkpt lat="48.054044" lon="11.521831"><ele>583.25</ele></trkpt>
    <trkpt lat="48.054038" lon="11.521747"><ele>583.5</ele></trkpt>
    <trkpt lat="48.053905" lon="11.521671"><ele>583.75</ele></trkpt>
    <trkpt lat="48.053762" lon="11.521582"><ele>584.0</ele></trkpt>
    <trkpt lat="48.05356" lon="11.521426"><ele>583.75</ele></trkpt>
    <trkpt lat="48.053248" lon="11.521156"><ele>584.25</ele></trkpt>
    <trkpt lat="48.053027" lon="11.520962"><ele>585.0</ele></trkpt>
    <trkpt lat="48.052874" lon="11.520822"><ele>585.0</ele></trkpt>
    <trkpt lat="48.052861" lon="11.520812"><ele>585.0</ele></trkpt>
    <trkpt lat="48.052288" lon="11.520325"><ele>586.0</ele></trkpt>
    <trkpt lat="48.052267" lon="11.520356"><ele>586.0</ele></trkpt>
    <trkpt lat="48.05216" lon="11.520315"><ele>585.75</ele></trkpt>
    <trkpt lat="48.051953" lon="11.520246"><ele>586.0</ele></trkpt>
    <trkpt lat="48.051871" lon="11.520142"><ele>585.5</ele></trkpt>
    <trkpt lat="48.051708" lon="11.520011"><ele>585.75</ele></trkpt>
    <trkpt lat="48.051613" lon="11.519935"><ele>585.75</ele></trkpt>
    <trkpt lat="48.050853" lon="11.519438"><ele>587.0</ele></trkpt>
    <trkpt lat="48.050645" lon="11.519286"><ele>586.75</ele></trkpt>
    <trkpt lat="48.050217" lon="11.518905"><ele>587.5</ele></trkpt>
    <trkpt lat="48.049971" lon="11.518703"><ele>587.5</ele></trkpt>
    <trkpt lat="48.049371" lon="11.518313"><ele>588.75</ele></trkpt>
    <trkpt lat="48.049118" lon="11.518131"><ele>589.0</ele></trkpt>
    <trkpt lat="48.04866" lon="11.517742"><ele>590.0</ele></trkpt>
    <trkpt lat="48.048375" lon="11.517473"><ele>590.0</ele></trkpt>
    <trkpt lat="48.048244" lon="11.517303"><ele>588.75</ele></trkpt>
    <trkpt lat="48.048129" lon="11.517109"><ele>589.75</ele></trkpt>
    <trkpt lat="48.047887" lon="11.516675"><ele>590.0</ele></trkpt>
    <trkpt lat="48.047839" lon="11.516508"><ele>590.5</ele></trkpt>
    <trkpt lat="48.047617" lon="11.515823"><ele>591.0</ele></trkpt>
    <trkpt lat="48.047453" lon="11.515359"><ele>590.75</ele></trkpt>
    <trkpt lat="48.047365" lon="11.515226"><ele>591.5</ele></trkpt>
    <trkpt lat="48.047157" lon="11.51499"><ele>591.75</ele></trkpt>
    <trkpt lat="48.04703" lon="11.514863"><ele>591.5</ele></trkpt>
    <trkpt lat="48.04693" lon="11.514731"><ele>591.5</ele></trkpt>
    <trkpt lat="48.046794" lon="11.514339"><ele>592.0</ele></trkpt>
    <trkpt lat="48.046677" lon="11.514162"><ele>592.75</ele></trkpt>
    <trkpt lat="48.046539" lon="11.514047"><ele>592.0</ele></trkpt>
    <trkpt lat="48.046412" lon="11.513918"><ele>592.5</ele></trkpt>
    <trkpt lat="48.046161" lon="11.513787"><ele>593.25</ele></trkpt>
    <trkpt lat="48.04594" lon="11.513628"><ele>592.0</ele></trkpt>
    <trkpt lat="48.045782" lon="11.513489"><ele>592.25</ele></trkpt>
    <trkpt lat="48.045643" lon="11.51336"><ele>593.25</ele></trkpt>
    <trkpt lat="48.045173" lon="11.513228"><ele>593.75</ele></trkpt>
    <trkpt lat="48.045045" lon="11.513222"><ele>593.25</ele></trkpt>
    <trkpt lat="48.044554" lon="11.513069"><ele>593.75</ele></trkpt>
    <trkpt lat="48.044123" lon="11.512996"><ele>594.25</ele></trkpt>
    <trkpt lat="48.043595" lon="11.512973"><ele>594.25</ele></trkpt>
    <trkpt lat="48.043574" lon="11.513"><ele>593.75</ele></trkpt>
    <trkpt lat="48.043522" lon="11.512995"><ele>593.0</ele></trkpt>
    <trkpt lat="48.043356" lon="11.512908"><ele>592.25</ele></trkpt>
    <trkpt lat="48.043155" lon="11.512858"><ele>589.75</ele></trkpt>
    <trkpt lat="48.043023" lon="11.512802"><ele>590.25</ele></trkpt>
    <trkpt lat="48.042974" lon="11.512743"><ele>591.25</ele></trkpt>
    <trkpt lat="48.042947" lon="11.512689"><ele>591.5</ele></trkpt>
    <trkpt lat="48.042853" lon="11.512736"><ele>590.25</ele></trkpt>
    <trkpt lat="48.042756" lon="11.512754"><ele>589.25</ele></trkpt>
    <trkpt lat="48.042654" lon="11.512743"><ele>588.5</ele></trkpt>
    <trkpt lat="48.042318" lon="11.512656"><ele>587.5</ele></trkpt>
    <trkpt lat="48.04223" lon="11.512638"><ele>587.0</ele></trkpt>
    <trkpt lat="48.042156" lon="11.512636"><ele>587.0</ele></trkpt>
    <trkpt lat="48.04204" lon="11.512632"><ele>587.25</ele></trkpt>
    <trkpt lat="48.041773" lon="11.512684"><ele>586.25</ele></trkpt>
    <trkpt lat="48.041498" lon="11.512757"><ele>582.25</ele></trkpt>
    <trkpt lat="48.041417" lon="11.512748"><ele>581.75</ele></trkpt>
    <trkpt lat="48.041354" lon="11.512722"><ele>581.0</ele></trkpt>
    <trkpt lat="48.041297" lon="11.512669"><ele>580.25</ele></trkpt>
    <trkpt lat="48.041242" lon="11.512602"><ele>579.5</ele></trkpt>
    <trkpt lat="48.041144" lon="11.512435"><ele>577.75</ele></trkpt>
    <trkpt lat="48.041095" lon="11.512332"><ele>576.5</ele></trkpt>
    <trkpt lat="48.041022" lon="11.512156"><ele>574.75</ele></trkpt>
    <trkpt lat="48.040855" lon="11.511645"><ele>575.25</ele></trkpt>
    <trkpt lat="48.040798" lon="11.511565"><ele>575.5</ele></trkpt>
    <trkpt lat="48.040742" lon="11.511518"><ele>575.5</ele></trkpt>
    <trkpt lat="48.040683" lon="11.511506"><ele>574.5</ele></trkpt>
    <trkpt lat="48.040641" lon="11.511515"><ele>573.5</ele></trkpt>
    <trkpt lat="48.0406" lon="11.511544"><ele>572.5</ele></trkpt>
    <trkpt lat="48.040539" lon="11.511615"><ele>570.75</ele></trkpt>
    <trkpt lat="48.040495" lon="11.511704"><ele>568.75</ele></trkpt>
    <trkpt lat="48.040468" lon="11.511798"><ele>567.5</ele></trkpt>
    <trkpt lat="48.040463" lon="11.51192"><ele>566.5</ele></trkpt>
    <trkpt lat="48.040481" lon="11.512018"><ele>566.5</ele></trkpt>
    <trkpt lat="48.040573" lon="11.51224"><ele>567.5</ele></trkpt>
    <trkpt lat="48.040758" lon="11.512577"><ele>564.75</ele></trkpt>
    <trkpt lat="48.040906" lon="11.512835"><ele>565.25</ele></trkpt>
    <trkpt lat="48.041018" lon="11.512988"><ele>563.75</ele></trkpt>
    <trkpt lat="48.041264" lon="11.51319"><ele>563.75</ele></trkpt>
    <trkpt lat="48.04138" lon="11.51326"><ele>564.0</ele></trkpt>
    <trkpt lat="48.041505" lon="11.513327"><ele>561.75</ele></trkpt>
    <trkpt lat="48.041867" lon="11.513417"><ele>560.0</ele></trkpt>
    <trkpt lat="48.042004" lon="11.513472"><ele>559.75</ele></trkpt>
    <trkpt lat="48.042585" lon="11.51385"><ele>558.25</ele></trkpt>
    <trkpt lat="48.042669" lon="11.513964"><ele>557.25</ele></trkpt>
    <trkpt lat="48.042738" lon="11.514116"><ele>555.5</ele></trkpt>
    <trkpt lat="48.042756" lon="11.514166"><ele>555.0</ele></trkpt>
    <trkpt lat="48.042795" lon="11.514359"><ele>554.25</ele></trkpt>
    <trkpt lat="48.042803" lon="11.514416"><ele>554.0</ele></trkpt>
    <trkpt lat="48.042808" lon="11.51445"><ele>553.75</ele></trkpt>
    <trkpt lat="48.042814" lon="11.514498"><ele>553.0</ele></trkpt>
    <trkpt lat="48.042831" lon="11.514632"><ele>553.0</ele></trkpt>
    <trkpt lat="48.043209" lon="11.517585"><ele>553.0</ele></trkpt>
    <trkpt lat="48.043213" lon="11.517669"><ele>553.25</ele></trkpt>
    <trkpt lat="48.043202" lon="11.517771"><ele>553.25</ele></trkpt>
    <trkpt lat="48.043179" lon="11.51788"><ele>554.5</ele></trkpt>
    <trkpt lat="48.04315" lon="11.51796"><ele>555.5</ele></trkpt>
    <trkpt lat="48.043106" lon="11.518049"><ele>556.5</ele></trkpt>
    <trkpt lat="48.042921" lon="11.518283"><ele>558.0</ele></trkpt>
    <trkpt lat="48.042863" lon="11.518399"><ele>559.25</ele></trkpt>
    <trkpt lat="48.042763" lon="11.518626"><ele>560.75</ele></trkpt>
    <trkpt lat="48.042711" lon="11.518777"><ele>562.5</ele></trkpt>
    <trkpt lat="48.042658" lon="11.518898"><ele>563.5</ele></trkpt>
    <trkpt lat="48.042586" lon="11.519001"><ele>565.0</ele></trkpt>
    <trkpt lat="48.042359" lon="11.519189"><ele>565.0</ele></trkpt>
    <trkpt lat="48.042279" lon="11.519265"><ele>566.0</ele></trkpt>
    <trkpt lat="48.042248" lon="11.519312"><ele>566.5</ele></trkpt>
    <trkpt lat="48.042157" lon="11.519467"><ele>569.0</ele></trkpt>
    <trkpt lat="48.04211" lon="11.519534"><ele>570.5</ele></trkpt>
    <trkpt lat="48.042068" lon="11.519571"><ele>570.75</ele></trkpt>
    <trkpt lat="48.042005" lon="11.519588"><ele>570.25</ele></trkpt>
    <trkpt lat="48.041905" lon="11.519571"><ele>569.75</ele></trkpt>
    <trkpt lat="48.04179" lon="11.519536"><ele>570.75</ele></trkpt>
    <trkpt lat="48.041561" lon="11.519534"><ele>573.75</ele></trkpt>
    <trkpt lat="48.041234" lon="11.51943"><ele>574.0</ele></trkpt>
    <trkpt lat="48.041116" lon="11.519404"><ele>574.25</ele></trkpt>
    <trkpt lat="48.040993" lon="11.519389"><ele>574.5</ele></trkpt>
    <trkpt lat="48.040828" lon="11.519423"><ele>577.0</ele></trkpt>
    <trkpt lat="48.040756" lon="11.51946"><ele>578.0</ele></trkpt>
    <trkpt lat="48.040575" lon="11.519607"><ele>579.75</ele></trkpt>
    <trkpt lat="48.040509" lon="11.519707"><ele>582.25</ele></trkpt>
    <trkpt lat="48.04046" lon="11.519803"><ele>583.75</ele></trkpt>
    <trkpt lat="48.040384" lon="11.520012"><ele>585.0</ele></trkpt>
    <trkpt lat="48.040255" lon="11.520483"><ele>585.75</ele></trkpt>
    <trkpt lat="48.040314" lon="11.5205"><ele>585.5</ele></trkpt>
    <trkpt lat="48.040351" lon="11.520512"><ele>585.5</ele></trkpt>
    <trkpt lat="48.040499" lon="11.520561"><ele>585.0</ele></trkpt>
    <trkpt lat="48.040645" lon="11.520609"><ele>585.0</ele></trkpt>
    <trkpt lat="48.040756" lon="11.520646"><ele>585.0</ele></trkpt>
    <trkpt lat="48.040856" lon="11.520675"><ele>584.75</ele></trkpt>
    <trkpt lat="48.040976" lon="11.520723"><ele>584.5</ele></trkpt>
    <trkpt lat="48.041014" lon="11.520749"><ele>584.5</ele></trkpt>
    <trkpt lat="48.041131" lon="11.52083"><ele>584.0</ele></trkpt>
    <trkpt lat="48.0412" lon="11.520878"><ele>584.0</ele></trkpt>
    <trkpt lat="48.041303" lon="11.520983"><ele>584.0</ele></trkpt>
    <trkpt lat="48.041347" lon="11.521028"><ele>584.0</ele></trkpt>
    <trkpt lat="48.041747" lon="11.521342"><ele>584.5</ele></trkpt>
    <trkpt lat="48.042551" lon="11.521847"><ele>583.75</ele></trkpt>
    <trkpt lat="48.042565" lon="11.5218"><ele>584.0</ele></trkpt>
    <trkpt lat="48.042606" lon="11.521657"><ele>584.0</ele></trkpt>
    <trkpt lat="48.042731" lon="11.5209"><ele>584.0</ele></trkpt>
    <trkpt lat="48.042606" lon="11.521657"><ele>584.0</ele></trkpt>
    <trkpt lat="48.042565" lon="11.5218"><ele>584.0</ele></trkpt>
    <trkpt lat="48.042551" lon="11.521847"><ele>583.75</ele></trkpt>
    <trkpt lat="48.041747" lon="11.521342"><ele>584.5</ele></trkpt>
    <trkpt lat="48.041347" lon="11.521028"><ele>584.0</ele></trkpt>
    <trkpt lat="48.041303" lon="11.520983"><ele>584.0</ele></trkpt>
    <trkpt lat="48.0412" lon="11.520878"><ele>584.0</ele></trkpt>
    <trkpt lat="48.041131" lon="11.52083"><ele>584.0</ele></trkpt>
    <trkpt lat="48.041014" lon="11.520749"><ele>584.5</ele></trkpt>
    <trkpt lat="48.040976" lon="11.520723"><ele>584.5</ele></trkpt>
    <trkpt lat="48.040856" lon="11.520675"><ele>584.75</ele></trkpt>
    <trkpt lat="48.040756" lon="11.520646"><ele>585.0</ele></trkpt>
    <trkpt lat="48.040645" lon="11.520609"><ele>585.0</ele></trkpt>
    <trkpt lat="48.040499" lon="11.520561"><ele>585.0</ele></trkpt>
    <trkpt lat="48.040351" lon="11.520512"><ele>585.5</ele></trkpt>
    <trkpt lat="48.040314" lon="11.5205"><ele>585.5</ele></trkpt>
    <trkpt lat="48.040255" lon="11.520483"><ele>585.75</ele></trkpt>
    <trkpt lat="48.040384" lon="11.520012"><ele>585.0</ele></trkpt>
    <trkpt lat="48.04046" lon="11.519803"><ele>583.75</ele></trkpt>
    <trkpt lat="48.040509" lon="11.519707"><ele>582.25</ele></trkpt>
    <trkpt lat="48.040575" lon="11.519607"><ele>579.75</ele></trkpt>
    <trkpt lat="48.040756" lon="11.51946"><ele>578.0</ele></trkpt>
    <trkpt lat="48.040828" lon="11.519423"><ele>577.0</ele></trkpt>
    <trkpt lat="48.040993" lon="11.519389"><ele>574.5</ele></trkpt>
    <trkpt lat="48.041116" lon="11.519404"><ele>574.25</ele></trkpt>
    <trkpt lat="48.041234" lon="11.51943"><ele>574.0</ele></trkpt>
    <trkpt lat="48.041561" lon="11.519534"><ele>573.75</ele></trkpt>
    <trkpt lat="48.04179" lon="11.519536"><ele>570.75</ele></trkpt>
    <trkpt lat="48.041905" lon="11.519571"><ele>569.75</ele></trkpt>
    <trkpt lat="48.042005" lon="11.519588"><ele>570.25</ele></trkpt>
    <trkpt lat="48.042068" lon="11.519571"><ele>570.75</ele></trkpt>
    <trkpt lat="48.04211" lon="11.519534"><ele>570.5</ele></trkpt>
    <trkpt lat="48.042157" lon="11.519467"><ele>569.0</ele></trkpt>
    <trkpt lat="48.042248" lon="11.519312"><ele>566.5</ele></trkpt>
    <trkpt lat="48.042279" lon="11.519265"><ele>566.0</ele></trkpt>
    <trkpt lat="48.042359" lon="11.519189"><ele>565.0</ele></trkpt>
    <trkpt lat="48.042586" lon="11.519001"><ele>565.0</ele></trkpt>
    <trkpt lat="48.042658" lon="11.518898"><ele>563.5</ele></trkpt>
    <trkpt lat="48.042711" lon="11.518777"><ele>562.5</ele></trkpt>
    <trkpt lat="48.042763" lon="11.518626"><ele>560.75</ele></trkpt>
    <trkpt lat="48.042863" lon="11.518399"><ele>559.25</ele></trkpt>
    <trkpt lat="48.042921" lon="11.518283"><ele>558.0</ele></trkpt>
    <trkpt lat="48.043106" lon="11.518049"><ele>556.5</ele></trkpt>
    <trkpt lat="48.04315" lon="11.51796"><ele>555.5</ele></trkpt>
    <trkpt lat="48.043179" lon="11.51788"><ele>554.5</ele></trkpt>
    <trkpt lat="48.043202" lon="11.517771"><ele>553.25</ele></trkpt>
    <trkpt lat="48.043213" lon="11.517669"><ele>553.0</ele></trkpt>
    <trkpt lat="48.043209" lon="11.517585"><ele>553.0</ele></trkpt>
    <trkpt lat="48.042831" lon="11.514632"><ele>553.0</ele></trkpt>
    <trkpt lat="48.042814" lon="11.514498"><ele>553.0</ele></trkpt>
    <trkpt lat="48.042808" lon="11.51445"><ele>553.75</ele></trkpt>
    <trkpt lat="48.042803" lon="11.514416"><ele>554.0</ele></trkpt>
    <trkpt lat="48.042795" lon="11.514359"><ele>554.25</ele></trkpt>
    <trkpt lat="48.042756" lon="11.514166"><ele>555.0</ele></trkpt>
    <trkpt lat="48.042738" lon="11.514116"><ele>555.5</ele></trkpt>
    <trkpt lat="48.042669" lon="11.513964"><ele>557.25</ele></trkpt>
    <trkpt lat="48.042585" lon="11.51385"><ele>558.25</ele></trkpt>
    <trkpt lat="48.042004" lon="11.513472"><ele>559.75</ele></trkpt>
    <trkpt lat="48.041867" lon="11.513417"><ele>560.0</ele></trkpt>
    <trkpt lat="48.041505" lon="11.513327"><ele>561.75</ele></trkpt>
    <trkpt lat="48.04138" lon="11.51326"><ele>564.0</ele></trkpt>
    <trkpt lat="48.041264" lon="11.51319"><ele>563.75</ele></trkpt>
    <trkpt lat="48.041018" lon="11.512988"><ele>563.75</ele></trkpt>
    <trkpt lat="48.040906" lon="11.512835"><ele>565.25</ele></trkpt>
    <trkpt lat="48.040758" lon="11.512577"><ele>564.75</ele></trkpt>
    <trkpt lat="48.040573" lon="11.51224"><ele>567.5</ele></trkpt>
    <trkpt lat="48.040481" lon="11.512018"><ele>566.5</ele></trkpt>
    <trkpt lat="48.040463" lon="11.51192"><ele>566.5</ele></trkpt>
    <trkpt lat="48.040468" lon="11.511798"><ele>567.5</ele></trkpt>
    <trkpt lat="48.040495" lon="11.511704"><ele>568.75</ele></trkpt>
    <trkpt lat="48.040539" lon="11.511615"><ele>570.75</ele></trkpt>
    <trkpt lat="48.0406" lon="11.511544"><ele>572.5</ele></trkpt>
    <trkpt lat="48.040641" lon="11.511515"><ele>573.5</ele></trkpt>
    <trkpt lat="48.040683" lon="11.511506"><ele>574.5</ele></trkpt>
    <trkpt lat="48.040742" lon="11.511518"><ele>575.5</ele></trkpt>
    <trkpt lat="48.040798" lon="11.511565"><ele>575.5</ele></trkpt>
    <trkpt lat="48.040855" lon="11.511645"><ele>575.25</ele></trkpt>
    <trkpt lat="48.041022" lon="11.512156"><ele>574.75</ele></trkpt>
    <trkpt lat="48.041095" lon="11.512332"><ele>576.5</ele></trkpt>
    <trkpt lat="48.041144" lon="11.512435"><ele>577.75</ele></trkpt>
    <trkpt lat="48.041242" lon="11.512602"><ele>579.5</ele></trkpt>
    <trkpt lat="48.041297" lon="11.512669"><ele>580.25</ele></trkpt>
    <trkpt lat="48.041354" lon="11.512722"><ele>581.0</ele></trkpt>
    <trkpt lat="48.041417" lon="11.512748"><ele>581.75</ele></trkpt>
    <trkpt lat="48.041498" lon="11.512757"><ele>582.25</ele></trkpt>
    <trkpt lat="48.041773" lon="11.512684"><ele>586.25</ele></trkpt>
    <trkpt lat="48.04204" lon="11.512632"><ele>587.25</ele></trkpt>
    <trkpt lat="48.042156" lon="11.512636"><ele>587.0</ele></trkpt>
    <trkpt lat="48.04223" lon="11.512638"><ele>587.0</ele></trkpt>
    <trkpt lat="48.042318" lon="11.512656"><ele>587.5</ele></trkpt>
    <trkpt lat="48.042654" lon="11.512743"><ele>588.5</ele></trkpt>
    <trkpt lat="48.042756" lon="11.512754"><ele>589.25</ele></trkpt>
    <trkpt lat="48.042853" lon="11.512736"><ele>590.25</ele></trkpt>
    <trkpt lat="48.042947" lon="11.512689"><ele>591.5</ele></trkpt>
    <trkpt lat="48.043013" lon="11.512621"><ele>592.0</ele></trkpt>
    <trkpt lat="48.043089" lon="11.512526"><ele>592.25</ele></trkpt>
    <trkpt lat="48.043169" lon="11.512352"><ele>594.5</ele></trkpt>
    <trkpt lat="48.043482" lon="11.511426"><ele>595.25</ele></trkpt>
    <trkpt lat="48.04355" lon="11.511228"><ele>592.5</ele></trkpt>
    <trkpt lat="48.043636" lon="11.510979"><ele>590.75</ele></trkpt>
    <trkpt lat="48.043757" lon="11.511079"><ele>591.25</ele></trkpt>
    <trkpt lat="48.043929" lon="11.511221"><ele>593.25</ele></trkpt>
    <trkpt lat="48.044105" lon="11.511318"><ele>593.5</ele></trkpt>
    <trkpt lat="48.044214" lon="11.511328"><ele>593.5</ele></trkpt>
    <trkpt lat="48.044287" lon="11.511279"><ele>594.0</ele></trkpt>
    <trkpt lat="48.044353" lon="11.511217"><ele>594.25</ele></trkpt>
    <trkpt lat="48.044401" lon="11.51112"><ele>594.0</ele></trkpt>
    <trkpt lat="48.044423" lon="11.510988"><ele>594.25</ele></trkpt>
    <trkpt lat="48.044414" lon="11.510872"><ele>594.75</ele></trkpt>
    <trkpt lat="48.044383" lon="11.510768"><ele>595.0</ele></trkpt>
    <trkpt lat="48.044335" lon="11.510668"><ele>595.0</ele></trkpt>
    <trkpt lat="48.044269" lon="11.51059"><ele>595.0</ele></trkpt>
    <trkpt lat="48.044197" lon="11.510545"><ele>595.0</ele></trkpt>
    <trkpt lat="48.043891" lon="11.510483"><ele>592.75</ele></trkpt>
    <trkpt lat="48.043726" lon="11.510395"><ele>593.5</ele></trkpt>
    <trkpt lat="48.043638" lon="11.510344"><ele>595.0</ele></trkpt>
    <trkpt lat="48.043583" lon="11.510321"><ele>595.5</ele></trkpt>
    <trkpt lat="48.043255" lon="11.510091"><ele>596.0</ele></trkpt>
    <trkpt lat="48.043222" lon="11.510067"><ele>596.0</ele></trkpt>
    <trkpt lat="48.043055" lon="11.509946"><ele>596.0</ele></trkpt>
    <trkpt lat="48.04296" lon="11.509875"><ele>596.0</ele></trkpt>
    <trkpt lat="48.042885" lon="11.509818"><ele>596.0</ele></trkpt>
    <trkpt lat="48.042807" lon="11.509758"><ele>596.0</ele></trkpt>
    <trkpt lat="48.042717" lon="11.509696"><ele>596.0</ele></trkpt>
    <trkpt lat="48.04266" lon="11.509656"><ele>596.25</ele></trkpt>
    <trkpt lat="48.042551" lon="11.509598"><ele>596.75</ele></trkpt>
    <trkpt lat="48.042438" lon="11.509541"><ele>597.0</ele></trkpt>
    <trkpt lat="48.041905" lon="11.50927"><ele>597.0</ele></trkpt>
    <trkpt lat="48.041839" lon="11.509233"><ele>597.0</ele></trkpt>
    <trkpt lat="48.04179" lon="11.509195"><ele>597.0</ele></trkpt>
    <trkpt lat="48.041217" lon="11.508733"><ele>597.5</ele></trkpt>
    <trkpt lat="48.040995" lon="11.508523"><ele>597.5</ele></trkpt>
    <trkpt lat="48.040832" lon="11.508321"><ele>598.0</ele></trkpt>
    <trkpt lat="48.040793" lon="11.508258"><ele>598.0</ele></trkpt>
    <trkpt lat="48.040642" lon="11.508017"><ele>598.0</ele></trkpt>
    <trkpt lat="48.040589" lon="11.507923"><ele>598.0</ele></trkpt>
    <trkpt lat="48.040432" lon="11.507705"><ele>598.25</ele></trkpt>
    <trkpt lat="48.040268" lon="11.507537"><ele>598.75</ele></trkpt>
    <trkpt lat="48.040122" lon="11.507413"><ele>599.0</ele></trkpt>
    <trkpt lat="48.039715" lon="11.50709"><ele>599.0</ele></trkpt>
    <trkpt lat="48.039216" lon="11.506706"><ele>599.75</ele></trkpt>
    <trkpt lat="48.037642" lon="11.505524"><ele>601.0</ele></trkpt>
    <trkpt lat="48.037044" lon="11.505072"><ele>601.5</ele></trkpt>
    <trkpt lat="48.036635" lon="11.50477"><ele>602.0</ele></trkpt>
    <trkpt lat="48.036329" lon="11.504575"><ele>602.25</ele></trkpt>
    <trkpt lat="48.036115" lon="11.504459"><ele>602.0</ele></trkpt>
    <trkpt lat="48.035959" lon="11.504396"><ele>602.0</ele></trkpt>
    <trkpt lat="48.035749" lon="11.50429"><ele>602.5</ele></trkpt>
    <trkpt lat="48.035635" lon="11.504233"><ele>602.75</ele></trkpt>
    <trkpt lat="48.035026" lon="11.503864"><ele>604.0</ele></trkpt>
    <trkpt lat="48.03463" lon="11.503504"><ele>603.75</ele></trkpt>
    <trkpt lat="48.034278" lon="11.503226"><ele>604.0</ele></trkpt>
    <trkpt lat="48.034132" lon="11.503085"><ele>604.0</ele></trkpt>
    <trkpt lat="48.03401" lon="11.502954"><ele>604.25</ele></trkpt>
    <trkpt lat="48.033955" lon="11.502804"><ele>604.75</ele></trkpt>
    <trkpt lat="48.03391" lon="11.502539"><ele>605.0</ele></trkpt>
    <trkpt lat="48.033889" lon="11.502261"><ele>605.75</ele></trkpt>
    <trkpt lat="48.033884" lon="11.501951"><ele>605.75</ele></trkpt>
    <trkpt lat="48.033885" lon="11.501711"><ele>606.0</ele></trkpt>
    <trkpt lat="48.033872" lon="11.501652"><ele>606.0</ele></trkpt>
    <trkpt lat="48.033835" lon="11.501615"><ele>606.0</ele></trkpt>
    <trkpt lat="48.033549" lon="11.501514"><ele>606.0</ele></trkpt>
    <trkpt lat="48.033391" lon="11.501441"><ele>606.5</ele></trkpt>
    <trkpt lat="48.033112" lon="11.501315"><ele>607.0</ele></trkpt>
    <trkpt lat="48.03279" lon="11.501212"><ele>607.0</ele></trkpt>
    <trkpt lat="48.032031" lon="11.500388"><ele>608.0</ele></trkpt>
    <trkpt lat="48.031797" lon="11.500121"><ele>608.0</ele></trkpt>
    <trkpt lat="48.031742" lon="11.50004"><ele>608.0</ele></trkpt>
    <trkpt lat="48.03162" lon="11.49986"><ele>608.5</ele></trkpt>
    <trkpt lat="48.031448" lon="11.499637"><ele>609.0</ele></trkpt>
    <trkpt lat="48.031297" lon="11.499443"><ele>609.0</ele></trkpt>
    <trkpt lat="48.031127" lon="11.499201"><ele>609.0</ele></trkpt>
    <trkpt lat="48.03111" lon="11.499175"><ele>609.0</ele></trkpt>
    <trkpt lat="48.03103" lon="11.49899"><ele>609.0</ele></trkpt>
    <trkpt lat="48.030851" lon="11.498549"><ele>609.75</ele></trkpt>
    <trkpt lat="48.030814" lon="11.498434"><ele>610.0</ele></trkpt>
    <trkpt lat="48.030799" lon="11.498351"><ele>610.0</ele></trkpt>
    <trkpt lat="48.0308" lon="11.498213"><ele>610.0</ele></trkpt>
    <trkpt lat="48.030812" lon="11.498054"><ele>610.0</ele></trkpt>
    <trkpt lat="48.030843" lon="11.497835"><ele>609.75</ele></trkpt>
    <trkpt lat="48.030926" lon="11.497515"><ele>610.0</ele></trkpt>
    <trkpt lat="48.030905" lon="11.497395"><ele>610.0</ele></trkpt>
    <trkpt lat="48.030822" lon="11.49722"><ele>610.0</ele></trkpt>
    <trkpt lat="48.030698" lon="11.496945"><ele>610.25</ele></trkpt>
    <trkpt lat="48.030486" lon="11.496661"><ele>610.0</ele></trkpt>
    <trkpt lat="48.030381" lon="11.49657"><ele>609.0</ele></trkpt>
    <trkpt lat="48.030301" lon="11.496515"><ele>608.5</ele></trkpt>
    <trkpt lat="48.030202" lon="11.496468"><ele>608.75</ele></trkpt>
    <trkpt lat="48.02987" lon="11.496341"><ele>610.0</ele></trkpt>
    <trkpt lat="48.029301" lon="11.496123"><ele>610.5</ele></trkpt>
    <trkpt lat="48.028848" lon="11.49595"><ele>610.75</ele></trkpt>
    <trkpt lat="48.028688" lon="11.495936"><ele>611.0</ele></trkpt>
    <trkpt lat="48.028461" lon="11.495967"><ele>611.75</ele></trkpt>
    <trkpt lat="48.028405" lon="11.495963"><ele>611.75</ele></trkpt>
    <trkpt lat="48.028356" lon="11.495947"><ele>611.75</ele></trkpt>
    <trkpt lat="48.028315" lon="11.495913"><ele>612.0</ele></trkpt>
    <trkpt lat="48.02828" lon="11.495867"><ele>612.0</ele></trkpt>
    <trkpt lat="48.028254" lon="11.4958"><ele>612.0</ele></trkpt>
    <trkpt lat="48.028245" lon="11.495724"><ele>612.0</ele></trkpt>
    <trkpt lat="48.028247" lon="11.495654"><ele>612.0</ele></trkpt>
    <trkpt lat="48.028277" lon="11.49552"><ele>612.0</ele></trkpt>
    <trkpt lat="48.028206" lon="11.495451"><ele>612.25</ele></trkpt>
    <trkpt lat="48.02788" lon="11.495096"><ele>612.0</ele></trkpt>
    <trkpt lat="48.027756" lon="11.494961"><ele>612.25</ele></trkpt>
    <trkpt lat="48.027324" lon="11.494417"><ele>611.5</ele></trkpt>
    <trkpt lat="48.027206" lon="11.494241"><ele>612.5</ele></trkpt>
    <trkpt lat="48.02696" lon="11.493854"><ele>614.0</ele></trkpt>
    <trkpt lat="48.026841" lon="11.493657"><ele>612.0</ele></trkpt>
    <trkpt lat="48.026664" lon="11.493338"><ele>614.75</ele></trkpt>
    <trkpt lat="48.02643" lon="11.493314"><ele>612.5</ele></trkpt>
    <trkpt lat="48.026338" lon="11.49329"><ele>611.5</ele></trkpt>
    <trkpt lat="48.026242" lon="11.493239"><ele>611.25</ele></trkpt>
    <trkpt lat="48.026102" lon="11.49313"><ele>612.75</ele></trkpt>
    <trkpt lat="48.026016" lon="11.493098"><ele>613.5</ele></trkpt>
    <trkpt lat="48.025825" lon="11.49307"><ele>614.0</ele></trkpt>
    <trkpt lat="48.025731" lon="11.493027"><ele>611.5</ele></trkpt>
    <trkpt lat="48.025576" lon="11.492902"><ele>610.25</ele></trkpt>
    <trkpt lat="48.025467" lon="11.49284"><ele>611.75</ele></trkpt>
    <trkpt lat="48.025382" lon="11.492842"><ele>611.5</ele></trkpt>
    <trkpt lat="48.024947" lon="11.493013"><ele>612.25</ele></trkpt>
    <trkpt lat="48.024708" lon="11.49309"><ele>611.75</ele></trkpt>
    <trkpt lat="48.024571" lon="11.493164"><ele>610.0</ele></trkpt>
    <trkpt lat="48.024477" lon="11.49318"><ele>610.25</ele></trkpt>
    <trkpt lat="48.024236" lon="11.493088"><ele>611.25</ele></trkpt>
    <trkpt lat="48.024023" lon="11.493074"><ele>611.25</ele></trkpt>
    <trkpt lat="48.023826" lon="11.493021"><ele>611.0</ele></trkpt>
    <trkpt lat="48.023535" lon="11.492848"><ele>611.5</ele></trkpt>
    <trkpt lat="48.023142" lon="11.492569"><ele>614.0</ele></trkpt>
    <trkpt lat="48.022183" lon="11.491837"><ele>616.0</ele></trkpt>
    <trkpt lat="48.021602" lon="11.491345"><ele>616.0</ele></trkpt>
    <trkpt lat="48.021309" lon="11.491084"><ele>616.75</ele></trkpt>
    <trkpt lat="48.021121" lon="11.49089"><ele>616.75</ele></trkpt>
    <trkpt lat="48.020949" lon="11.490676"><ele>616.25</ele></trkpt>
    <trkpt lat="48.020878" lon="11.490568"><ele>616.75</ele></trkpt>
    <trkpt lat="48.020834" lon="11.490403"><ele>617.0</ele></trkpt>
    <trkpt lat="48.020829" lon="11.490349"><ele>616.75</ele></trkpt>
    <trkpt lat="48.020815" lon="11.490203"><ele>616.75</ele></trkpt>
    <trkpt lat="48.020822" lon="11.489824"><ele>617.5</ele></trkpt>
    <trkpt lat="48.020823" lon="11.489743"><ele>617.5</ele></trkpt>
    <trkpt lat="48.020885" lon="11.488969"><ele>619.0</ele></trkpt>
    <trkpt lat="48.020936" lon="11.488409"><ele>618.25</ele></trkpt>
    <trkpt lat="48.021009" lon="11.487952"><ele>618.25</ele></trkpt>
    <trkpt lat="48.021052" lon="11.487718"><ele>619.5</ele></trkpt>
    <trkpt lat="48.021094" lon="11.487572"><ele>619.75</ele></trkpt>
    <trkpt lat="48.021146" lon="11.487457"><ele>620.25</ele></trkpt>
    <trkpt lat="48.021196" lon="11.487531"><ele>620.5</ele></trkpt>
    <trkpt lat="48.021237" lon="11.487611"><ele>620.75</ele></trkpt>
    <trkpt lat="48.021277" lon="11.487566"><ele>621.0</ele></trkpt>
    <trkpt lat="48.021317" lon="11.48752"><ele>621.25</ele></trkpt>
    <trkpt lat="48.021212" lon="11.487372"><ele>620.5</ele></trkpt>
    <trkpt lat="48.021091" lon="11.487193"><ele>619.75</ele></trkpt>
    <trkpt lat="48.021026" lon="11.487123"><ele>619.75</ele></trkpt>
    <trkpt lat="48.021012" lon="11.487111"><ele>619.75</ele></trkpt>
    <trkpt lat="48.020873" lon="11.486988"><ele>619.75</ele></trkpt>
    <trkpt lat="48.020808" lon="11.486934"><ele>619.75</ele></trkpt>
    <trkpt lat="48.020664" lon="11.486887"><ele>619.5</ele></trkpt>
    <trkpt lat="48.020668" lon="11.486792"><ele>619.5</ele></trkpt>
    <trkpt lat="48.020676" lon="11.486512"><ele>619.75</ele></trkpt>
    <trkpt lat="48.020681" lon="11.486385"><ele>619.75</ele></trkpt>
    <trkpt lat="48.020678" lon="11.486352"><ele>619.75</ele></trkpt>
    <trkpt lat="48.020667" lon="11.486251"><ele>619.5</ele></trkpt>
    <trkpt lat="48.020654" lon="11.486141"><ele>619.25</ele></trkpt>
    <trkpt lat="48.020651" lon="11.48611"><ele>619.25</ele></trkpt>
    <trkpt lat="48.020229" lon="11.486227"><ele>618.75</ele></trkpt>
    <trkpt lat="48.020147" lon="11.486273"><ele>618.5</ele></trkpt>
    <trkpt lat="48.020125" lon="11.486285"><ele>618.5</ele></trkpt>
    <trkpt lat="48.020063" lon="11.486351"><ele>618.25</ele></trkpt>
    <trkpt lat="48.020043" lon="11.486433"><ele>618.0</ele></trkpt>
    <trkpt lat="48.020019" lon="11.486421"><ele>618.0</ele></trkpt>
    <trkpt lat="48.019984" lon="11.48642"><ele>618.0</ele></trkpt>
    <trkpt lat="48.019898" lon="11.486473"><ele>618.5</ele></trkpt>
    <trkpt lat="48.019669" lon="11.486614"><ele>619.25</ele></trkpt>
    <trkpt lat="48.019586" lon="11.486626"><ele>619.5</ele></trkpt>
    <trkpt lat="48.01953" lon="11.486598"><ele>619.75</ele></trkpt>
    <trkpt lat="48.019438" lon="11.486274"><ele>620.0</ele></trkpt>
    <trkpt lat="48.019368" lon="11.486027"><ele>620.25</ele></trkpt>
    <trkpt lat="48.019274" lon="11.485686"><ele>621.25</ele></trkpt>
    <trkpt lat="48.019207" lon="11.485364"><ele>621.75</ele></trkpt>
    <trkpt lat="48.019155" lon="11.485247"><ele>622.0</ele></trkpt>
    <trkpt lat="48.019098" lon="11.485246"><ele>622.0</ele></trkpt>
    <trkpt lat="48.019058" lon="11.485246"><ele>622.0</ele></trkpt>
    <trkpt lat="48.018831" lon="11.485256"><ele>622.0</ele></trkpt>
    <trkpt lat="48.018647" lon="11.485329"><ele>621.75</ele></trkpt>
    <trkpt lat="48.018562" lon="11.485371"><ele>622.0</ele></trkpt>
    <trkpt lat="48.018426" lon="11.485518"><ele>622.0</ele></trkpt>
    <trkpt lat="48.018392" lon="11.48556"><ele>622.0</ele></trkpt>
    <trkpt lat="48.018355" lon="11.485606"><ele>622.0</ele></trkpt>
    <trkpt lat="48.018257" lon="11.485675"><ele>622.0</ele></trkpt>
    <trkpt lat="48.018065" lon="11.485762"><ele>621.75</ele></trkpt>
    <trkpt lat="48.017579" lon="11.485991"><ele>621.75</ele></trkpt>
    <trkpt lat="48.017513" lon="11.48599"><ele>622.0</ele></trkpt>
    <trkpt lat="48.016861" lon="11.485276"><ele>620.0</ele></trkpt>
    <trkpt lat="48.016266" lon="11.484462"><ele>622.0</ele></trkpt>
    <trkpt lat="48.015924" lon="11.483902"><ele>622.0</ele></trkpt>
    <trkpt lat="48.015865" lon="11.483852"><ele>622.0</ele></trkpt>
    <trkpt lat="48.015761" lon="11.48369"><ele>620.75</ele></trkpt>
    <trkpt lat="48.015554" lon="11.483251"><ele>617.5</ele></trkpt>
    <trkpt lat="48.015338" lon="11.48268"><ele>614.25</ele></trkpt>
    <trkpt lat="48.015247" lon="11.48247"><ele>613.25</ele></trkpt>
    <trkpt lat="48.015111" lon="11.482208"><ele>612.75</ele></trkpt>
    <trkpt lat="48.014876" lon="11.481749"><ele>610.75</ele></trkpt>
    <trkpt lat="48.014205" lon="11.480314"><ele>609.5</ele></trkpt>
    <trkpt lat="48.014042" lon="11.479957"><ele>608.75</ele></trkpt>
    <trkpt lat="48.01371" lon="11.479102"><ele>608.5</ele></trkpt>
    <trkpt lat="48.013372" lon="11.478143"><ele>610.25</ele></trkpt>
    <trkpt lat="48.013116" lon="11.477538"><ele>611.0</ele></trkpt>
    <trkpt lat="48.012957" lon="11.477136"><ele>613.5</ele></trkpt>
    <trkpt lat="48.012858" lon="11.476957"><ele>613.5</ele></trkpt>
    <trkpt lat="48.012599" lon="11.476604"><ele>613.75</ele></trkpt>
    <trkpt lat="48.01248" lon="11.476458"><ele>613.5</ele></trkpt>
    <trkpt lat="48.012397" lon="11.476369"><ele>613.75</ele></trkpt>
    <trkpt lat="48.012233" lon="11.476241"><ele>614.25</ele></trkpt>
    <trkpt lat="48.012133" lon="11.476181"><ele>614.75</ele></trkpt>
    <trkpt lat="48.011904" lon="11.476083"><ele>615.5</ele></trkpt>
    <trkpt lat="48.011643" lon="11.475952"><ele>617.0</ele></trkpt>
    <trkpt lat="48.01143" lon="11.475804"><ele>616.5</ele></trkpt>
    <trkpt lat="48.011126" lon="11.475558"><ele>617.75</ele></trkpt>
    <trkpt lat="48.010583" lon="11.474993"><ele>617.75</ele></trkpt>
    <trkpt lat="48.00972" lon="11.474334"><ele>620.5</ele></trkpt>
    <trkpt lat="48.009473" lon="11.474098"><ele>622.0</ele></trkpt>
    <trkpt lat="48.009418" lon="11.47403"><ele>622.0</ele></trkpt>
    <trkpt lat="48.009377" lon="11.473938"><ele>622.0</ele></trkpt>
    <trkpt lat="48.009277" lon="11.473304"><ele>622.75</ele></trkpt>
    <trkpt lat="48.00868" lon="11.472994"><ele>624.0</ele></trkpt>
    <trkpt lat="48.00848" lon="11.472853"><ele>624.75</ele></trkpt>
    <trkpt lat="48.008319" lon="11.472644"><ele>625.0</ele></trkpt>
    <trkpt lat="48.008226" lon="11.472483"><ele>625.5</ele></trkpt>
    <trkpt lat="48.008086" lon="11.472171"><ele>626.25</ele></trkpt>
    <trkpt lat="48.008041" lon="11.472048"><ele>626.5</ele></trkpt>
    <trkpt lat="48.007895" lon="11.471791"><ele>627.5</ele></trkpt>
    <trkpt lat="48.007489" lon="11.471383"><ele>630.25</ele></trkpt>
    <trkpt lat="48.006969" lon="11.471047"><ele>633.25</ele></trkpt>
    <trkpt lat="48.006394" lon="11.470829"><ele>633.75</ele></trkpt>
    <trkpt lat="48.005945" lon="11.470708"><ele>636.25</ele></trkpt>
    <trkpt lat="48.005307" lon="11.470422"><ele>638.5</ele></trkpt>
    <trkpt lat="48.004993" lon="11.470199"><ele>640.5</ele></trkpt>
    <trkpt lat="48.004734" lon="11.469998"><ele>642.0</ele></trkpt>
    <trkpt lat="48.003849" lon="11.469144"><ele>645.0</ele></trkpt>
    <trkpt lat="48.001361" lon="11.467159"><ele>649.0</ele></trkpt>
    <trkpt lat="48.000417" lon="11.466458"><ele>655.25</ele></trkpt>
    <trkpt lat="47.999199" lon="11.465611"><ele>663.5</ele></trkpt>
    <trkpt lat="47.999026" lon="11.465457"><ele>663.75</ele></trkpt>
    <trkpt lat="47.998692" lon="11.465097"><ele>663.25</ele></trkpt>
    <trkpt lat="47.998621" lon="11.465009"><ele>663.0</ele></trkpt>
    <trkpt lat="47.998563" lon="11.464913"><ele>662.75</ele></trkpt>
    <trkpt lat="47.998363" lon="11.464687"><ele>663.0</ele></trkpt>
    <trkpt lat="47.997142" lon="11.463391"><ele>660.25</ele></trkpt>
    <trkpt lat="47.996121" lon="11.46224"><ele>657.0</ele></trkpt>
    <trkpt lat="47.99571" lon="11.461875"><ele>655.0</ele></trkpt>
    <trkpt lat="47.995469" lon="11.461547"><ele>654.75</ele></trkpt>
    <trkpt lat="47.994961" lon="11.461103"><ele>652.75</ele></trkpt>
    <trkpt lat="47.994614" lon="11.460859"><ele>652.5</ele></trkpt>
    <trkpt lat="47.994467" lon="11.460775"><ele>652.5</ele></trkpt>
    <trkpt lat="47.994339" lon="11.461266"><ele>650.25</ele></trkpt>
    <trkpt lat="47.994149" lon="11.462036"><ele>649.0</ele></trkpt>
    <trkpt lat="47.993766" lon="11.461538"><ele>649.25</ele></trkpt>
    <trkpt lat="47.993404" lon="11.461134"><ele>650.0</ele></trkpt>
    <trkpt lat="47.993147" lon="11.460901"><ele>650.0</ele></trkpt>
    <trkpt lat="47.992888" lon="11.460686"><ele>650.5</ele></trkpt>
    <trkpt lat="47.992863" lon="11.460671"><ele>650.5</ele></trkpt>
    <trkpt lat="47.992514" lon="11.460503"><ele>651.0</ele></trkpt>
    <trkpt lat="47.991976" lon="11.460193"><ele>651.75</ele></trkpt>
    <trkpt lat="47.991797" lon="11.46"><ele>652.0</ele></trkpt>
    <trkpt lat="47.991641" lon="11.45975"><ele>652.0</ele></trkpt>
    <trkpt lat="47.991524" lon="11.459796"><ele>652.0</ele></trkpt>
    <trkpt lat="47.991388" lon="11.45989"><ele>652.0</ele></trkpt>
    <trkpt lat="47.990988" lon="11.460226"><ele>651.5</ele></trkpt>
    <trkpt lat="47.990936" lon="11.460097"><ele>651.75</ele></trkpt>
    <trkpt lat="47.990866" lon="11.459867"><ele>652.25</ele></trkpt>
    <trkpt lat="47.990859" lon="11.459859"><ele>652.25</ele></trkpt>
    <trkpt lat="47.990781" lon="11.459572"><ele>652.75</ele></trkpt>
    <trkpt lat="47.990502" lon="11.459742"><ele>652.0</ele></trkpt>
    <trkpt lat="47.989863" lon="11.460099"><ele>653.25</ele></trkpt>
    <trkpt lat="47.989784" lon="11.460184"><ele>653.75</ele></trkpt>
    <trkpt lat="47.989733" lon="11.460288"><ele>653.75</ele></trkpt>
    <trkpt lat="47.989586" lon="11.460225"><ele>654.0</ele></trkpt>
    <trkpt lat="47.989531" lon="11.460198"><ele>654.0</ele></trkpt>
    <trkpt lat="47.989645" lon="11.459635"><ele>654.0</ele></trkpt>
    <trkpt lat="47.989689" lon="11.459443"><ele>654.0</ele></trkpt>
    <trkpt lat="47.989791" lon="11.459064"><ele>653.75</ele></trkpt>
    <trkpt lat="47.990087" lon="11.458055"><ele>654.0</ele></trkpt>
    <trkpt lat="47.990201" lon="11.457681"><ele>654.75</ele></trkpt>
    <trkpt lat="47.99025" lon="11.457535"><ele>654.75</ele></trkpt>
    <trkpt lat="47.990287" lon="11.457407"><ele>654.75</ele></trkpt>
    <trkpt lat="47.990276" lon="11.457334"><ele>655.0</ele></trkpt>
    <trkpt lat="47.989921" lon="11.457157"><ele>655.75</ele></trkpt>
    <trkpt lat="47.989916" lon="11.456997"><ele>655.25</ele></trkpt>
    <trkpt lat="47.98964" lon="11.456704"><ele>656.0</ele></trkpt>
    <trkpt lat="47.989601" lon="11.456616"><ele>656.0</ele></trkpt>
    <trkpt lat="47.989547" lon="11.456657"><ele>656.0</ele></trkpt>
    <trkpt lat="47.989491" lon="11.456721"><ele>656.0</ele></trkpt>
    <trkpt lat="47.989399" lon="11.456601"><ele>656.0</ele></trkpt>
    <trkpt lat="47.989261" lon="11.456485"><ele>656.0</ele></trkpt>
    <trkpt lat="47.988472" lon="11.455998"><ele>658.0</ele></trkpt>
    <trkpt lat="47.987906" lon="11.455675"><ele>658.5</ele></trkpt>
    <trkpt lat="47.987774" lon="11.455635"><ele>659.0</ele></trkpt>
    <trkpt lat="47.986901" lon="11.455176"><ele>661.0</ele></trkpt>
    <trkpt lat="47.986359" lon="11.454865"><ele>662.0</ele></trkpt>
    <trkpt lat="47.986262" lon="11.454806"><ele>662.0</ele></trkpt>
    <trkpt lat="47.985998" lon="11.454623"><ele>662.25</ele></trkpt>
    <trkpt lat="47.985843" lon="11.454735"><ele>662.75</ele></trkpt>
    <trkpt lat="47.985566" lon="11.454864"><ele>663.75</ele></trkpt>
    <trkpt lat="47.984956" lon="11.455157"><ele>666.75</ele></trkpt>
    <trkpt lat="47.984763" lon="11.455256"><ele>668.5</ele></trkpt>
    <trkpt lat="47.984231" lon="11.455536"><ele>673.25</ele></trkpt>
    <trkpt lat="47.98406" lon="11.455604"><ele>675.0</ele></trkpt>
    <trkpt lat="47.984013" lon="11.455616"><ele>677.25</ele></trkpt>
    <trkpt lat="47.983858" lon="11.455657"><ele>677.25</ele></trkpt>
    <trkpt lat="47.983711" lon="11.455646"><ele>678.25</ele></trkpt>
    <trkpt lat="47.983618" lon="11.455323"><ele>678.75</ele></trkpt>
    <trkpt lat="47.983466" lon="11.454519"><ele>681.5</ele></trkpt>
    <trkpt lat="47.983393" lon="11.454013"><ele>681.25</ele></trkpt>
    <trkpt lat="47.983378" lon="11.453501"><ele>681.25</ele></trkpt>
    <trkpt lat="47.98321" lon="11.453418"><ele>683.25</ele></trkpt>
    <trkpt lat="47.983041" lon="11.453315"><ele>685.0</ele></trkpt>
    <trkpt lat="47.982896" lon="11.453197"><ele>686.0</ele></trkpt>
    <trkpt lat="47.982664" lon="11.452976"><ele>687.0</ele></trkpt>
    <trkpt lat="47.982452" lon="11.452794"><ele>688.0</ele></trkpt>
    <trkpt lat="47.982333" lon="11.452716"><ele>687.75</ele></trkpt>
    <trkpt lat="47.982347" lon="11.45263"><ele>687.25</ele></trkpt>
    <trkpt lat="47.982345" lon="11.452523"><ele>687.0</ele></trkpt>
    <trkpt lat="47.982293" lon="11.4522"><ele>687.0</ele></trkpt>
    <trkpt lat="47.982244" lon="11.451849"><ele>688.25</ele></trkpt>
    <trkpt lat="47.982187" lon="11.451421"><ele>689.5</ele></trkpt>
    <trkpt lat="47.982153" lon="11.45123"><ele>689.75</ele></trkpt>
    <trkpt lat="47.982123" lon="11.451064"><ele>690.0</ele></trkpt>
    <trkpt lat="47.982097" lon="11.450994"><ele>690.0</ele></trkpt>
    <trkpt lat="47.98207" lon="11.450969"><ele>690.25</ele></trkpt>
    <trkpt lat="47.981976" lon="11.450863"><ele>690.75</ele></trkpt>
    <trkpt lat="47.981613" lon="11.450436"><ele>692.25</ele></trkpt>
    <trkpt lat="47.981417" lon="11.450136"><ele>693.0</ele></trkpt>
    <trkpt lat="47.981248" lon="11.44979"><ele>693.0</ele></trkpt>
    <trkpt lat="47.981208" lon="11.449695"><ele>693.25</ele></trkpt>
    <trkpt lat="47.981114" lon="11.449468"><ele>693.75</ele></trkpt>
    <trkpt lat="47.981034" lon="11.449167"><ele>693.0</ele></trkpt>
    <trkpt lat="47.98099" lon="11.449001"><ele>693.5</ele></trkpt>
    <trkpt lat="47.980939" lon="11.448677"><ele>694.0</ele></trkpt>
    <trkpt lat="47.980948" lon="11.448401"><ele>693.5</ele></trkpt>
    <trkpt lat="47.980968" lon="11.448116"><ele>692.5</ele></trkpt>
    <trkpt lat="47.980995" lon="11.44784"><ele>691.0</ele></trkpt>
    <trkpt lat="47.980995" lon="11.447735"><ele>690.5</ele></trkpt>
    <trkpt lat="47.980941" lon="11.447607"><ele>690.0</ele></trkpt>
    <trkpt lat="47.980849" lon="11.447439"><ele>689.0</ele></trkpt>
    <trkpt lat="47.980785" lon="11.447337"><ele>688.75</ele></trkpt>
    <trkpt lat="47.980695" lon="11.447213"><ele>688.25</ele></trkpt>
    <trkpt lat="47.980596" lon="11.447136"><ele>688.0</ele></trkpt>
    <trkpt lat="47.980411" lon="11.447084"><ele>688.0</ele></trkpt>
    <trkpt lat="47.980258" lon="11.447069"><ele>688.0</ele></trkpt>
    <trkpt lat="47.980031" lon="11.447032"><ele>689.25</ele></trkpt>
    <trkpt lat="47.979691" lon="11.446912"><ele>690.5</ele></trkpt>
    <trkpt lat="47.979573" lon="11.446911"><ele>690.0</ele></trkpt>
    <trkpt lat="47.979447" lon="11.446943"><ele>689.75</ele></trkpt>
    <trkpt lat="47.979301" lon="11.447032"><ele>688.5</ele></trkpt>
    <trkpt lat="47.979172" lon="11.447138"><ele>687.5</ele></trkpt>
    <trkpt lat="47.979078" lon="11.447153"><ele>686.25</ele></trkpt>
    <trkpt lat="47.978987" lon="11.447097"><ele>685.25</ele></trkpt>
    <trkpt lat="47.978789" lon="11.446736"><ele>684.75</ele></trkpt>
    <trkpt lat="47.978491" lon="11.446464"><ele>683.75</ele></trkpt>
    <trkpt lat="47.978345" lon="11.44636"><ele>683.25</ele></trkpt>
    <trkpt lat="47.978199" lon="11.446337"><ele>682.75</ele></trkpt>
    <trkpt lat="47.977997" lon="11.446187"><ele>682.5</ele></trkpt>
    <trkpt lat="47.977701" lon="11.446023"><ele>683.25</ele></trkpt>
    <trkpt lat="47.977419" lon="11.445854"><ele>683.5</ele></trkpt>
    <trkpt lat="47.977266" lon="11.445814"><ele>683.25</ele></trkpt>
    <trkpt lat="47.977033" lon="11.445809"><ele>683.0</ele></trkpt>
    <trkpt lat="47.976418" lon="11.445573"><ele>681.0</ele></trkpt>
    <trkpt lat="47.97569" lon="11.445138"><ele>679.0</ele></trkpt>
    <trkpt lat="47.975523" lon="11.445017"><ele>678.5</ele></trkpt>
    <trkpt lat="47.975348" lon="11.444867"><ele>678.0</ele></trkpt>
    <trkpt lat="47.975209" lon="11.444726"><ele>677.5</ele></trkpt>
    <trkpt lat="47.975181" lon="11.444698"><ele>677.75</ele></trkpt>
    <trkpt lat="47.974622" lon="11.444104"><ele>677.75</ele></trkpt>
    <trkpt lat="47.974425" lon="11.443902"><ele>677.75</ele></trkpt>
    <trkpt lat="47.974246" lon="11.443653"><ele>679.0</ele></trkpt>
    <trkpt lat="47.974158" lon="11.443532"><ele>679.25</ele></trkpt>
    <trkpt lat="47.973996" lon="11.443367"><ele>679.25</ele></trkpt>
    <trkpt lat="47.973786" lon="11.443271"><ele>678.75</ele></trkpt>
    <trkpt lat="47.973578" lon="11.443215"><ele>678.5</ele></trkpt>
    <trkpt lat="47.97323" lon="11.443147"><ele>677.25</ele></trkpt>
    <trkpt lat="47.9728" lon="11.443062"><ele>676.75</ele></trkpt>
    <trkpt lat="47.972574" lon="11.443006"><ele>676.25</ele></trkpt>
    <trkpt lat="47.972432" lon="11.442964"><ele>675.75</ele></trkpt>
    <trkpt lat="47.972363" lon="11.442912"><ele>675.75</ele></trkpt>
    <trkpt lat="47.972232" lon="11.442726"><ele>676.0</ele></trkpt>
    <trkpt lat="47.971944" lon="11.44216"><ele>675.75</ele></trkpt>
    <trkpt lat="47.971586" lon="11.441587"><ele>676.75</ele></trkpt>
    <trkpt lat="47.971341" lon="11.441173"><ele>677.5</ele></trkpt>
    <trkpt lat="47.970795" lon="11.440079"><ele>679.0</ele></trkpt>
    <trkpt lat="47.970351" lon="11.439288"><ele>680.5</ele></trkpt>
    <trkpt lat="47.970113" lon="11.438964"><ele>681.75</ele></trkpt>
    <trkpt lat="47.97004" lon="11.438842"><ele>682.25</ele></trkpt>
    <trkpt lat="47.969943" lon="11.438681"><ele>682.5</ele></trkpt>
    <trkpt lat="47.969874" lon="11.438622"><ele>682.5</ele></trkpt>
    <trkpt lat="47.969814" lon="11.438613"><ele>682.25</ele></trkpt>
    <trkpt lat="47.969747" lon="11.438628"><ele>682.0</ele></trkpt>
    <trkpt lat="47.969702" lon="11.438468"><ele>682.75</ele></trkpt>
    <trkpt lat="47.96964" lon="11.438312"><ele>683.75</ele></trkpt>
    <trkpt lat="47.969417" lon="11.437875"><ele>686.25</ele></trkpt>
    <trkpt lat="47.96923" lon="11.437527"><ele>688.0</ele></trkpt>
    <trkpt lat="47.969016" lon="11.437112"><ele>690.5</ele></trkpt>
    <trkpt lat="47.96893" lon="11.436968"><ele>691.0</ele></trkpt>
    <trkpt lat="47.96883" lon="11.436855"><ele>692.0</ele></trkpt>
    <trkpt lat="47.968742" lon="11.436786"><ele>692.75</ele></trkpt>
    <trkpt lat="47.968676" lon="11.436764"><ele>693.0</ele></trkpt>
    <trkpt lat="47.968581" lon="11.436746"><ele>693.25</ele></trkpt>
    <trkpt lat="47.968478" lon="11.436737"><ele>693.25</ele></trkpt>
    <trkpt lat="47.968382" lon="11.436773"><ele>693.0</ele></trkpt>
    <trkpt lat="47.968268" lon="11.436816"><ele>692.75</ele></trkpt>
    <trkpt lat="47.968128" lon="11.436816"><ele>692.5</ele></trkpt>
    <trkpt lat="47.96807" lon="11.436804"><ele>692.5</ele></trkpt>
    <trkpt lat="47.967995" lon="11.436847"><ele>692.0</ele></trkpt>
    <trkpt lat="47.967863" lon="11.436961"><ele>691.0</ele></trkpt>
    <trkpt lat="47.967641" lon="11.437158"><ele>688.5</ele></trkpt>
    <trkpt lat="47.967545" lon="11.437224"><ele>687.75</ele></trkpt>
    <trkpt lat="47.967506" lon="11.43724"><ele>687.75</ele></trkpt>
    <trkpt lat="47.967431" lon="11.43727"><ele>687.5</ele></trkpt>
    <trkpt lat="47.967201" lon="11.437297"><ele>687.25</ele></trkpt>
    <trkpt lat="47.967028" lon="11.437393"><ele>686.75</ele></trkpt>
    <trkpt lat="47.966878" lon="11.437592"><ele>685.0</ele></trkpt>
    <trkpt lat="47.966728" lon="11.437792"><ele>683.0</ele></trkpt>
    <trkpt lat="47.966625" lon="11.437929"><ele>681.75</ele></trkpt>
    <trkpt lat="47.966219" lon="11.438289"><ele>679.0</ele></trkpt>
    <trkpt lat="47.966037" lon="11.43844"><ele>678.5</ele></trkpt>
    <trkpt lat="47.965903" lon="11.438526"><ele>678.25</ele></trkpt>
    <trkpt lat="47.965812" lon="11.438573"><ele>678.0</ele></trkpt>
    <trkpt lat="47.965628" lon="11.438636"><ele>677.0</ele></trkpt>
    <trkpt lat="47.965419" lon="11.438641"><ele>676.75</ele></trkpt>
    <trkpt lat="47.965162" lon="11.438604"><ele>676.5</ele></trkpt>
    <trkpt lat="47.964907" lon="11.438544"><ele>676.0</ele></trkpt>
    <trkpt lat="47.96472" lon="11.438516"><ele>676.25</ele></trkpt>
    <trkpt lat="47.963995" lon="11.438456"><ele>676.0</ele></trkpt>
    <trkpt lat="47.963562" lon="11.438348"><ele>675.75</ele></trkpt>
    <trkpt lat="47.9625" lon="11.438317"><ele>675.0</ele></trkpt>
    <trkpt lat="47.961694" lon="11.438342"><ele>673.0</ele></trkpt>
    <trkpt lat="47.961411" lon="11.438329"><ele>672.0</ele></trkpt>
    <trkpt lat="47.961143" lon="11.438302"><ele>671.25</ele></trkpt>
    <trkpt lat="47.960767" lon="11.438235"><ele>671.25</ele></trkpt>
    <trkpt lat="47.960325" lon="11.438169"><ele>670.25</ele></trkpt>
    <trkpt lat="47.960122" lon="11.438203"><ele>669.75</ele></trkpt>
    <trkpt lat="47.959862" lon="11.438267"><ele>669.25</ele></trkpt>
    <trkpt lat="47.959596" lon="11.43843"><ele>668.25</ele></trkpt>
    <trkpt lat="47.959364" lon="11.438645"><ele>667.75</ele></trkpt>
    <trkpt lat="47.959032" lon="11.439108"><ele>662.5</ele></trkpt>
    <trkpt lat="47.958664" lon="11.439279"><ele>658.75</ele></trkpt>
    <trkpt lat="47.958451" lon="11.439345"><ele>657.25</ele></trkpt>
    <trkpt lat="47.958075" lon="11.439461"><ele>654.75</ele></trkpt>
    <trkpt lat="47.957674" lon="11.439332"><ele>653.5</ele></trkpt>
    <trkpt lat="47.95738" lon="11.439159"><ele>652.5</ele></trkpt>
    <trkpt lat="47.95719" lon="11.438946"><ele>651.5</ele></trkpt>
    <trkpt lat="47.957044" lon="11.438892"><ele>650.5</ele></trkpt>
    <trkpt lat="47.956938" lon="11.438695"><ele>651.25</ele></trkpt>
    <trkpt lat="47.956908" lon="11.438453"><ele>652.75</ele></trkpt>
    <trkpt lat="47.956817" lon="11.438457"><ele>653.75</ele></trkpt>
    <trkpt lat="47.956059" lon="11.437914"><ele>658.25</ele></trkpt>
    <trkpt lat="47.955704" lon="11.437645"><ele>658.5</ele></trkpt>
    <trkpt lat="47.955249" lon="11.437274"><ele>659.5</ele></trkpt>
    <trkpt lat="47.954445" lon="11.436901"><ele>659.25</ele></trkpt>
    <trkpt lat="47.954186" lon="11.436125"><ele>666.75</ele></trkpt>
    <trkpt lat="47.9541" lon="11.435932"><ele>667.5</ele></trkpt>
    <trkpt lat="47.953964" lon="11.435993"><ele>666.5</ele></trkpt>
    <trkpt lat="47.953909" lon="11.435867"><ele>666.0</ele></trkpt>
    <trkpt lat="47.953923" lon="11.435751"><ele>667.0</ele></trkpt>
    <trkpt lat="47.95386" lon="11.435654"><ele>667.75</ele></trkpt>
    <trkpt lat="47.953828" lon="11.435637"><ele>668.0</ele></trkpt>
    <trkpt lat="47.953791" lon="11.435617"><ele>668.25</ele></trkpt>
    <trkpt lat="47.953739" lon="11.435647"><ele>668.0</ele></trkpt>
    <trkpt lat="47.953691" lon="11.435867"><ele>666.5</ele></trkpt>
    <trkpt lat="47.953657" lon="11.435959"><ele>666.0</ele></trkpt>
    <trkpt lat="47.953565" lon="11.436068"><ele>664.5</ele></trkpt>
    <trkpt lat="47.953549" lon="11.436087"><ele>659.0</ele></trkpt>
    <trkpt lat="47.953565" lon="11.436068"><ele>664.5</ele></trkpt>
    <trkpt lat="47.953657" lon="11.435959"><ele>666.0</ele></trkpt>
    <trkpt lat="47.953691" lon="11.435867"><ele>666.5</ele></trkpt>
    <trkpt lat="47.953739" lon="11.435647"><ele>668.0</ele></trkpt>
    <trkpt lat="47.953791" lon="11.435617"><ele>668.25</ele></trkpt>
    <trkpt lat="47.953828" lon="11.435637"><ele>668.0</ele></trkpt>
    <trkpt lat="47.95386" lon="11.435654"><ele>667.75</ele></trkpt>
    <trkpt lat="47.953923" lon="11.435751"><ele>667.0</ele></trkpt>
    <trkpt lat="47.953909" lon="11.435867"><ele>666.0</ele></trkpt>
    <trkpt lat="47.953964" lon="11.435993"><ele>666.5</ele></trkpt>
    <trkpt lat="47.9541" lon="11.435932"><ele>667.5</ele></trkpt>
    <trkpt lat="47.953949" lon="11.435591"><ele>669.0</ele></trkpt>
    <trkpt lat="47.953781" lon="11.435294"><ele>670.5</ele></trkpt>
    <trkpt lat="47.953593" lon="11.434991"><ele>670.75</ele></trkpt>
    <trkpt lat="47.953233" lon="11.434447"><ele>670.75</ele></trkpt>
    <trkpt lat="47.952922" lon="11.433833"><ele>671.25</ele></trkpt>
    <trkpt lat="47.952685" lon="11.433488"><ele>671.25</ele></trkpt>
    <trkpt lat="47.952304" lon="11.432681"><ele>674.5</ele></trkpt>
    <trkpt lat="47.952157" lon="11.432237"><ele>675.5</ele></trkpt>
    <trkpt lat="47.952068" lon="11.431775"><ele>677.0</ele></trkpt>
    <trkpt lat="47.952057" lon="11.431477"><ele>678.25</ele></trkpt>
    <trkpt lat="47.952064" lon="11.431189"><ele>679.5</ele></trkpt>
    <trkpt lat="47.951758" lon="11.431001"><ele>679.0</ele></trkpt>
    <trkpt lat="47.951417" lon="11.430772"><ele>679.0</ele></trkpt>
    <trkpt lat="47.951155" lon="11.430609"><ele>677.75</ele></trkpt>
    <trkpt lat="47.950233" lon="11.429982"><ele>677.75</ele></trkpt>
    <trkpt lat="47.950135" lon="11.429877"><ele>677.75</ele></trkpt>
    <trkpt lat="47.949852" lon="11.429577"><ele>677.25</ele></trkpt>
    <trkpt lat="47.949549" lon="11.429141"><ele>677.25</ele></trkpt>
    <trkpt lat="47.949496" lon="11.429005"><ele>677.25</ele></trkpt>
    <trkpt lat="47.949405" lon="11.428873"><ele>676.75</ele></trkpt>
    <trkpt lat="47.948697" lon="11.428728"><ele>674.5</ele></trkpt>
    <trkpt lat="47.94853" lon="11.428665"><ele>674.0</ele></trkpt>
    <trkpt lat="47.948076" lon="11.428301"><ele>673.25</ele></trkpt>
    <trkpt lat="47.948046" lon="11.4275"><ele>678.75</ele></trkpt>
    <trkpt lat="47.947937" lon="11.426871"><ele>683.75</ele></trkpt>
    <trkpt lat="47.947782" lon="11.426259"><ele>686.25</ele></trkpt>
    <trkpt lat="47.947726" lon="11.426082"><ele>687.0</ele></trkpt>
    <trkpt lat="47.947623" lon="11.425754"><ele>687.5</ele></trkpt>
    <trkpt lat="47.947401" lon="11.425051"><ele>688.5</ele></trkpt>
    <trkpt lat="47.947168" lon="11.424409"><ele>690.0</ele></trkpt>
    <trkpt lat="47.947122" lon="11.424244"><ele>690.0</ele></trkpt>
    <trkpt lat="47.947062" lon="11.424061"><ele>690.25</ele></trkpt>
    <trkpt lat="47.946977" lon="11.423831"><ele>691.0</ele></trkpt>
    <trkpt lat="47.946839" lon="11.423505"><ele>690.5</ele></trkpt>
    <trkpt lat="47.946297" lon="11.422439"><ele>688.25</ele></trkpt>
    <trkpt lat="47.94577" lon="11.421427"><ele>691.25</ele></trkpt>
    <trkpt lat="47.945626" lon="11.421008"><ele>693.5</ele></trkpt>
    <trkpt lat="47.94554" lon="11.420623"><ele>695.5</ele></trkpt>
    <trkpt lat="47.945403" lon="11.420146"><ele>696.75</ele></trkpt>
    <trkpt lat="47.945235" lon="11.419598"><ele>698.25</ele></trkpt>
    <trkpt lat="47.94504" lon="11.419043"><ele>698.75</ele></trkpt>
    <trkpt lat="47.944906" lon="11.418569"><ele>699.0</ele></trkpt>
    <trkpt lat="47.944895" lon="11.418411"><ele>699.0</ele></trkpt>
    <trkpt lat="47.944887" lon="11.418299"><ele>698.75</ele></trkpt>
    <trkpt lat="47.944888" lon="11.41789"><ele>697.75</ele></trkpt>
    <trkpt lat="47.944903" lon="11.41773"><ele>697.0</ele></trkpt>
    <trkpt lat="47.945023" lon="11.416822"><ele>692.5</ele></trkpt>
    <trkpt lat="47.945058" lon="11.416344"><ele>690.0</ele></trkpt>
    <trkpt lat="47.945062" lon="11.415828"><ele>687.75</ele></trkpt>
    <trkpt lat="47.945042" lon="11.415566"><ele>686.0</ele></trkpt>
    <trkpt lat="47.94501" lon="11.415333"><ele>685.0</ele></trkpt>
    <trkpt lat="47.944965" lon="11.41506"><ele>684.5</ele></trkpt>
    <trkpt lat="47.944891" lon="11.414665"><ele>684.75</ele></trkpt>
    <trkpt lat="47.944839" lon="11.4145"><ele>685.0</ele></trkpt>
    <trkpt lat="47.944754" lon="11.414376"><ele>685.25</ele></trkpt>
    <trkpt lat="47.944486" lon="11.414083"><ele>685.5</ele></trkpt>
    <trkpt lat="47.944207" lon="11.413744"><ele>687.75</ele></trkpt>
    <trkpt lat="47.944126" lon="11.413643"><ele>688.0</ele></trkpt>
    <trkpt lat="47.944092" lon="11.413607"><ele>688.25</ele></trkpt>
    <trkpt lat="47.943985" lon="11.41353"><ele>688.75</ele></trkpt>
    <trkpt lat="47.943874" lon="11.413465"><ele>689.0</ele></trkpt>
    <trkpt lat="47.943669" lon="11.413379"><ele>689.0</ele></trkpt>
    <trkpt lat="47.943604" lon="11.41337"><ele>689.0</ele></trkpt>
    <trkpt lat="47.943331" lon="11.413345"><ele>690.0</ele></trkpt>
    <trkpt lat="47.942022" lon="11.413233"><ele>694.5</ele></trkpt>
    <trkpt lat="47.941702" lon="11.413146"><ele>695.75</ele></trkpt>
    <trkpt lat="47.941375" lon="11.413005"><ele>696.0</ele></trkpt>
    <trkpt lat="47.941038" lon="11.412773"><ele>696.75</ele></trkpt>
    <trkpt lat="47.94075" lon="11.412488"><ele>696.75</ele></trkpt>
    <trkpt lat="47.939685" lon="11.411173"><ele>693.0</ele></trkpt>
    <trkpt lat="47.939482" lon="11.410789"><ele>692.75</ele></trkpt>
    <trkpt lat="47.939326" lon="11.410458"><ele>691.5</ele></trkpt>
    <trkpt lat="47.93919" lon="11.410077"><ele>691.0</ele></trkpt>
    <trkpt lat="47.939068" lon="11.409607"><ele>689.5</ele></trkpt>
    <trkpt lat="47.938924" lon="11.408943"><ele>686.5</ele></trkpt>
    <trkpt lat="47.938841" lon="11.409007"><ele>687.0</ele></trkpt>
    <trkpt lat="47.938086" lon="11.409421"><ele>688.0</ele></trkpt>
    <trkpt lat="47.937698" lon="11.409822"><ele>687.75</ele></trkpt>
    <trkpt lat="47.937302" lon="11.410043"><ele>686.5</ele></trkpt>
    <trkpt lat="47.93721" lon="11.410093"><ele>686.5</ele></trkpt>
    <trkpt lat="47.937158" lon="11.410122"><ele>686.5</ele></trkpt>
    <trkpt lat="47.936683" lon="11.410345"><ele>686.25</ele></trkpt>
    <trkpt lat="47.936187" lon="11.410639"><ele>685.5</ele></trkpt>
    <trkpt lat="47.935853" lon="11.411007"><ele>685.0</ele></trkpt>
    <trkpt lat="47.935218" lon="11.412084"><ele>679.25</ele></trkpt>
    <trkpt lat="47.935164" lon="11.412155"><ele>679.0</ele></trkpt>
    <trkpt lat="47.934932" lon="11.412462"><ele>677.25</ele></trkpt>
    <trkpt lat="47.934648" lon="11.412801"><ele>675.75</ele></trkpt>
    <trkpt lat="47.934141" lon="11.413222"><ele>673.75</ele></trkpt>
    <trkpt lat="47.933634" lon="11.413467"><ele>671.75</ele></trkpt>
    <trkpt lat="47.933146" lon="11.413594"><ele>671.75</ele></trkpt>
    <trkpt lat="47.931993" lon="11.413667"><ele>670.5</ele></trkpt>
    <trkpt lat="47.930917" lon="11.413722"><ele>668.75</ele></trkpt>
    <trkpt lat="47.929877" lon="11.413758"><ele>665.5</ele></trkpt>
    <trkpt lat="47.929153" lon="11.413801"><ele>665.0</ele></trkpt>
    <trkpt lat="47.928612" lon="11.413974"><ele>664.75</ele></trkpt>
    <trkpt lat="47.92804" lon="11.414315"><ele>667.0</ele></trkpt>
    <trkpt lat="47.927928" lon="11.414429"><ele>667.75</ele></trkpt>
    <trkpt lat="47.9276" lon="11.414847"><ele>669.5</ele></trkpt>
    <trkpt lat="47.927271" lon="11.415282"><ele>667.5</ele></trkpt>
    <trkpt lat="47.927072" lon="11.415409"><ele>665.25</ele></trkpt>
    <trkpt lat="47.926804" lon="11.415529"><ele>662.75</ele></trkpt>
    <trkpt lat="47.926731" lon="11.415535"><ele>662.5</ele></trkpt>
    <trkpt lat="47.925621" lon="11.415473"><ele>661.25</ele></trkpt>
    <trkpt lat="47.924862" lon="11.415491"><ele>660.25</ele></trkpt>
    <trkpt lat="47.924606" lon="11.415747"><ele>656.0</ele></trkpt>
    <trkpt lat="47.924186" lon="11.415844"><ele>653.75</ele></trkpt>
    <trkpt lat="47.92406" lon="11.41593"><ele>652.75</ele></trkpt>
    <trkpt lat="47.923909" lon="11.416077"><ele>650.5</ele></trkpt>
    <trkpt lat="47.923873" lon="11.416024"><ele>650.75</ele></trkpt>
    <trkpt lat="47.92315" lon="11.415535"><ele>652.0</ele></trkpt>
    <trkpt lat="47.923078" lon="11.415442"><ele>652.25</ele></trkpt>
    <trkpt lat="47.922959" lon="11.415515"><ele>651.0</ele></trkpt>
    <trkpt lat="47.922825" lon="11.415539"><ele>649.5</ele></trkpt>
    <trkpt lat="47.922517" lon="11.41542"><ele>648.5</ele></trkpt>
    <trkpt lat="47.922185" lon="11.415343"><ele>647.25</ele></trkpt>
    <trkpt lat="47.92185" lon="11.415252"><ele>645.75</ele></trkpt>
    <trkpt lat="47.921653" lon="11.415171"><ele>645.5</ele></trkpt>
    <trkpt lat="47.920805" lon="11.414796"><ele>644.5</ele></trkpt>
    <trkpt lat="47.920472" lon="11.414664"><ele>644.0</ele></trkpt>
    <trkpt lat="47.919777" lon="11.414452"><ele>644.75</ele></trkpt>
    <trkpt lat="47.919691" lon="11.414423"><ele>645.0</ele></trkpt>
    <trkpt lat="47.919516" lon="11.414346"><ele>645.25</ele></trkpt>
    <trkpt lat="47.919079" lon="11.41412"><ele>646.0</ele></trkpt>
    <trkpt lat="47.9189" lon="11.414036"><ele>646.25</ele></trkpt>
    <trkpt lat="47.918533" lon="11.413937"><ele>647.25</ele></trkpt>
    <trkpt lat="47.918311" lon="11.413874"><ele>649.0</ele></trkpt>
    <trkpt lat="47.918211" lon="11.41386"><ele>649.75</ele></trkpt>
    <trkpt lat="47.918043" lon="11.413842"><ele>651.25</ele></trkpt>
    <trkpt lat="47.917979" lon="11.413823"><ele>651.5</ele></trkpt>
    <trkpt lat="47.91784" lon="11.413732"><ele>652.5</ele></trkpt>
    <trkpt lat="47.917674" lon="11.413594"><ele>653.75</ele></trkpt>
    <trkpt lat="47.917464" lon="11.413385"><ele>655.75</ele></trkpt>
    <trkpt lat="47.917286" lon="11.413157"><ele>656.5</ele></trkpt>
    <trkpt lat="47.917128" lon="11.412935"><ele>657.25</ele></trkpt>
    <trkpt lat="47.917069" lon="11.412868"><ele>657.5</ele></trkpt>
    <trkpt lat="47.916983" lon="11.412791"><ele>657.75</ele></trkpt>
    <trkpt lat="47.916752" lon="11.412628"><ele>658.75</ele></trkpt>
    <trkpt lat="47.916655" lon="11.412539"><ele>658.75</ele></trkpt>
    <trkpt lat="47.916617" lon="11.412511"><ele>658.75</ele></trkpt>
    <trkpt lat="47.916573" lon="11.412491"><ele>659.0</ele></trkpt>
    <trkpt lat="47.916391" lon="11.412741"><ele>658.0</ele></trkpt>
    <trkpt lat="47.916204" lon="11.413181"><ele>656.75</ele></trkpt>
    <trkpt lat="47.916211" lon="11.413535"><ele>657.75</ele></trkpt>
    <trkpt lat="47.916348" lon="11.413857"><ele>658.0</ele></trkpt>
    <trkpt lat="47.916664" lon="11.414307"><ele>656.5</ele></trkpt>
    <trkpt lat="47.91698" lon="11.414865"><ele>653.75</ele></trkpt>
    <trkpt lat="47.91711" lon="11.415284"><ele>652.0</ele></trkpt>
    <trkpt lat="47.917116" lon="11.415413"><ele>652.0</ele></trkpt>
    <trkpt lat="47.917111" lon="11.415543"><ele>652.5</ele></trkpt>
    <trkpt lat="47.917093" lon="11.415651"><ele>653.0</ele></trkpt>
    <trkpt lat="47.917013" lon="11.415899"><ele>654.75</ele></trkpt>
    <trkpt lat="47.917047" lon="11.415963"><ele>654.0</ele></trkpt>
    <trkpt lat="47.916684" lon="11.416953"><ele>650.5</ele></trkpt>
    <trkpt lat="47.916763" lon="11.417061"><ele>647.25</ele></trkpt>
    <trkpt lat="47.917156" lon="11.417398"><ele>644.0</ele></trkpt>
    <trkpt lat="47.917384" lon="11.417514"><ele>639.75</ele></trkpt>
    <trkpt lat="47.917481" lon="11.417412"><ele>640.0</ele></trkpt>
    <trkpt lat="47.917633" lon="11.417398"><ele>640.75</ele></trkpt>
    <trkpt lat="47.917717" lon="11.417454"><ele>640.75</ele></trkpt>
    <trkpt lat="47.91797" lon="11.417725"><ele>638.25</ele></trkpt>
    <trkpt lat="47.917981" lon="11.417737"><ele>638.25</ele></trkpt>
    <trkpt lat="47.917801" lon="11.417777"><ele>635.25</ele></trkpt>
    <trkpt lat="47.917736" lon="11.417862"><ele>633.0</ele></trkpt>
    <trkpt lat="47.917662" lon="11.418098"><ele>628.25</ele></trkpt>
    <trkpt lat="47.917629" lon="11.418167"><ele>626.75</ele></trkpt>
    <trkpt lat="47.917561" lon="11.418175"><ele>626.5</ele></trkpt>
    <trkpt lat="47.917499" lon="11.418167"><ele>626.5</ele></trkpt>
    <trkpt lat="47.917314" lon="11.418122"><ele>620.0</ele></trkpt>
    <trkpt lat="47.917108" lon="11.418097"><ele>615.0</ele></trkpt>
    <trkpt lat="47.916889" lon="11.418135"><ele>608.5</ele></trkpt>
    <trkpt lat="47.916766" lon="11.418137"><ele>605.5</ele></trkpt>
    <trkpt lat="47.91667" lon="11.418073"><ele>605.25</ele></trkpt>
    <trkpt lat="47.916584" lon="11.418004"><ele>606.25</ele></trkpt>
    <trkpt lat="47.916426" lon="11.418012"><ele>602.0</ele></trkpt>
    <trkpt lat="47.916409" lon="11.418214"><ele>596.75</ele></trkpt>
    <trkpt lat="47.91651" lon="11.418431"><ele>591.5</ele></trkpt>
    <trkpt lat="47.91649" lon="11.418514"><ele>588.5</ele></trkpt>
    <trkpt lat="47.91645" lon="11.418478"><ele>589.25</ele></trkpt>
    <trkpt lat="47.916333" lon="11.418448"><ele>588.0</ele></trkpt>
    <trkpt lat="47.915954" lon="11.41808"><ele>588.5</ele></trkpt>
    <trkpt lat="47.915586" lon="11.417822"><ele>587.0</ele></trkpt>
    <trkpt lat="47.915462" lon="11.417693"><ele>588.0</ele></trkpt>
    <trkpt lat="47.915206" lon="11.417579"><ele>583.25</ele></trkpt>
    <trkpt lat="47.915145" lon="11.417681"><ele>580.0</ele></trkpt>
    <trkpt lat="47.914983" lon="11.418151"><ele>575.5</ele></trkpt>
    <trkpt lat="47.914979" lon="11.418076"><ele>576.0</ele></trkpt>
    <trkpt lat="47.914963" lon="11.418019"><ele>576.25</ele></trkpt>
    <trkpt lat="47.914941" lon="11.41799"><ele>576.5</ele></trkpt>
    <trkpt lat="47.914905" lon="11.417996"><ele>576.5</ele></trkpt>
    <trkpt lat="47.914865" lon="11.418039"><ele>576.75</ele></trkpt>
    <trkpt lat="47.914711" lon="11.418462"><ele>575.0</ele></trkpt>
    <trkpt lat="47.914581" lon="11.418373"><ele>575.0</ele></trkpt>
    <trkpt lat="47.914348" lon="11.419268"><ele>574.5</ele></trkpt>
    <trkpt lat="47.914106" lon="11.419089"><ele>574.5</ele></trkpt>
    <trkpt lat="47.91407" lon="11.419235"><ele>573.75</ele></trkpt>
    <trkpt lat="47.914058" lon="11.419261"><ele>573.75</ele></trkpt>
    <trkpt lat="47.913895" lon="11.419943"><ele>574.25</ele></trkpt>
    <trkpt lat="47.913891" lon="11.420003"><ele>574.75</ele></trkpt>
    <trkpt lat="47.913478" lon="11.419895"><ele>573.75</ele></trkpt>
    <trkpt lat="47.913075" lon="11.419836"><ele>574.0</ele></trkpt>
    <trkpt lat="47.912921" lon="11.419863"><ele>575.25</ele></trkpt>
    <trkpt lat="47.912407" lon="11.419955"><ele>575.25</ele></trkpt>
    <trkpt lat="47.912349" lon="11.419726"><ele>575.0</ele></trkpt>
    <trkpt lat="47.912234" lon="11.419791"><ele>575.0</ele></trkpt>
    <trkpt lat="47.91226" lon="11.419895"><ele>575.5</ele></trkpt>
    <trkpt lat="47.912283" lon="11.419953"><ele>575.5</ele></trkpt>
    <trkpt lat="47.912371" lon="11.420134"><ele>575.0</ele></trkpt>
    <trkpt lat="47.91262" lon="11.420589"><ele>575.0</ele></trkpt>
    <trkpt lat="47.91276" lon="11.420866"><ele>575.0</ele></trkpt>
    <trkpt lat="47.912789" lon="11.420943"><ele>574.75</ele></trkpt>
    <trkpt lat="47.912845" lon="11.421135"><ele>575.0</ele></trkpt>
    <trkpt lat="47.912923" lon="11.421454"><ele>575.0</ele></trkpt>
    <trkpt lat="47.912959" lon="11.421599"><ele>575.25</ele></trkpt>
    <trkpt lat="47.912971" lon="11.421737"><ele>575.25</ele></trkpt>
    <trkpt lat="47.912964" lon="11.421869"><ele>575.25</ele></trkpt>
    <trkpt lat="47.912901" lon="11.422242"><ele>575.5</ele></trkpt>
    <trkpt lat="47.912848" lon="11.422471"><ele>575.5</ele></trkpt>
    <trkpt lat="47.912814" lon="11.422615"><ele>575.5</ele></trkpt>
    <trkpt lat="47.912811" lon="11.422663"><ele>575.75</ele></trkpt>
    <trkpt lat="47.912803" lon="11.422744"><ele>575.75</ele></trkpt>
    <trkpt lat="47.912812" lon="11.423023"><ele>576.5</ele></trkpt>
    <trkpt lat="47.912831" lon="11.423192"><ele>576.5</ele></trkpt>
    <trkpt lat="47.912853" lon="11.423374"><ele>576.75</ele></trkpt>
    <trkpt lat="47.912895" lon="11.423537"><ele>576.75</ele></trkpt>
    <trkpt lat="47.912989" lon="11.423831"><ele>577.0</ele></trkpt>
    <trkpt lat="47.913118" lon="11.42426"><ele>576.75</ele></trkpt>
    <trkpt lat="47.913175" lon="11.424562"><ele>577.0</ele></trkpt>
    <trkpt lat="47.913217" lon="11.424974"><ele>577.0</ele></trkpt>
    <trkpt lat="47.91325" lon="11.425554"><ele>577.0</ele></trkpt>
    <trkpt lat="47.913263" lon="11.425839"><ele>577.0</ele></trkpt>
    <trkpt lat="47.913276" lon="11.426114"><ele>577.0</ele></trkpt>
    <trkpt lat="47.913287" lon="11.426353"><ele>577.0</ele></trkpt>
    <trkpt lat="47.91329" lon="11.426435"><ele>577.0</ele></trkpt>
    <trkpt lat="47.913294" lon="11.426515"><ele>577.0</ele></trkpt>
    <trkpt lat="47.913303" lon="11.426738"><ele>577.0</ele></trkpt>
    <trkpt lat="47.913305" lon="11.426786"><ele>577.0</ele></trkpt>
    <trkpt lat="47.913307" lon="11.426846"><ele>577.0</ele></trkpt>
    <trkpt lat="47.913311" lon="11.426944"><ele>577.0</ele></trkpt>
    <trkpt lat="47.913318" lon="11.427123"><ele>577.0</ele></trkpt>
    <trkpt lat="47.913319" lon="11.42726"><ele>576.75</ele></trkpt>
    <trkpt lat="47.913338" lon="11.427748"><ele>575.75</ele></trkpt>
    <trkpt lat="47.913346" lon="11.427861"><ele>575.75</ele></trkpt>
    <trkpt lat="47.913349" lon="11.427901"><ele>575.75</ele></trkpt>
    <trkpt lat="47.913181" lon="11.427912"><ele>576.5</ele></trkpt>
    <trkpt lat="47.913004" lon="11.427841"><ele>577.0</ele></trkpt>
    <trkpt lat="47.912753" lon="11.427627"><ele>577.0</ele></trkpt>
    <trkpt lat="47.912663" lon="11.427589"><ele>577.0</ele></trkpt>
    <trkpt lat="47.912462" lon="11.427528"><ele>577.0</ele></trkpt>
    <trkpt lat="47.912344" lon="11.427509"><ele>577.0</ele></trkpt>
    <trkpt lat="47.912219" lon="11.427512"><ele>577.0</ele></trkpt>
    <trkpt lat="47.911912" lon="11.427566"><ele>577.5</ele></trkpt>
    <trkpt lat="47.911837" lon="11.427581"><ele>577.75</ele></trkpt>
    <trkpt lat="47.911815" lon="11.427586"><ele>577.75</ele></trkpt>
    <trkpt lat="47.911567" lon="11.427643"><ele>578.25</ele></trkpt>
    <trkpt lat="47.911471" lon="11.427663"><ele>578.0</ele></trkpt>
    <trkpt lat="47.911128" lon="11.427749"><ele>578.0</ele></trkpt>
    <trkpt lat="47.911086" lon="11.427764"><ele>578.0</ele></trkpt>
    <trkpt lat="47.910743" lon="11.42793"><ele>578.0</ele></trkpt>
    <trkpt lat="47.910617" lon="11.42802"><ele>578.0</ele></trkpt>
    <trkpt lat="47.910311" lon="11.428234"><ele>578.0</ele></trkpt>
    <trkpt lat="47.909416" lon="11.429107"><ele>579.0</ele></trkpt>
    <trkpt lat="47.909075" lon="11.429425"><ele>579.0</ele></trkpt>
    <trkpt lat="47.908688" lon="11.429769"><ele>579.0</ele></trkpt>
    <trkpt lat="47.90843" lon="11.430072"><ele>579.0</ele></trkpt>
    <trkpt lat="47.908339" lon="11.430242"><ele>579.0</ele></trkpt>
    <trkpt lat="47.908227" lon="11.430479"><ele>579.0</ele></trkpt>
    <trkpt lat="47.907993" lon="11.431039"><ele>578.0</ele></trkpt>
    <trkpt lat="47.907858" lon="11.431292"><ele>578.5</ele></trkpt>
    <trkpt lat="47.907886" lon="11.431167"><ele>578.5</ele></trkpt>
    <trkpt lat="47.907883" lon="11.431069"><ele>578.5</ele></trkpt>
    <trkpt lat="47.907839" lon="11.430993"><ele>578.75</ele></trkpt>
    <trkpt lat="47.907727" lon="11.430858"><ele>579.0</ele></trkpt>
    <trkpt lat="47.907605" lon="11.430766"><ele>579.5</ele></trkpt>
    <trkpt lat="47.90751" lon="11.430693"><ele>579.75</ele></trkpt>
    <trkpt lat="47.907478" lon="11.430618"><ele>580.0</ele></trkpt>
    <trkpt lat="47.907413" lon="11.430559"><ele>580.25</ele></trkpt>
    <trkpt lat="47.907374" lon="11.430529"><ele>580.25</ele></trkpt>
    <trkpt lat="47.907331" lon="11.4305"><ele>580.5</ele></trkpt>
    <trkpt lat="47.907141" lon="11.430349"><ele>581.0</ele></trkpt>
    <trkpt lat="47.906874" lon="11.430093"><ele>580.0</ele></trkpt>
    <trkpt lat="47.906802" lon="11.430035"><ele>580.0</ele></trkpt>
    <trkpt lat="47.906687" lon="11.429972"><ele>580.0</ele></trkpt>
    <trkpt lat="47.906216" lon="11.429367"><ele>580.5</ele></trkpt>
    <trkpt lat="47.906006" lon="11.429103"><ele>581.0</ele></trkpt>
    <trkpt lat="47.905805" lon="11.428875"><ele>581.0</ele></trkpt>
    <trkpt lat="47.905737" lon="11.428819"><ele>581.0</ele></trkpt>
    <trkpt lat="47.905554" lon="11.428677"><ele>581.0</ele></trkpt>
    <trkpt lat="47.905508" lon="11.428653"><ele>581.0</ele></trkpt>
    <trkpt lat="47.90529" lon="11.428562"><ele>580.75</ele></trkpt>
    <trkpt lat="47.905229" lon="11.42854"><ele>581.0</ele></trkpt>
    <trkpt lat="47.905095" lon="11.428491"><ele>581.0</ele></trkpt>
    <trkpt lat="47.904793" lon="11.428381"><ele>581.0</ele></trkpt>
    <trkpt lat="47.904438" lon="11.428274"><ele>581.0</ele></trkpt>
    <trkpt lat="47.903652" lon="11.428044"><ele>581.0</ele></trkpt>
    <trkpt lat="47.902999" lon="11.427852"><ele>581.0</ele></trkpt>
    <trkpt lat="47.902844" lon="11.427807"><ele>581.0</ele></trkpt>
    <trkpt lat="47.902766" lon="11.427783"><ele>581.0</ele></trkpt>
    <trkpt lat="47.902715" lon="11.427768"><ele>581.0</ele></trkpt>
    <trkpt lat="47.902483" lon="11.427697"><ele>581.0</ele></trkpt>
    <trkpt lat="47.902297" lon="11.427641"><ele>581.5</ele></trkpt>
    <trkpt lat="47.901838" lon="11.427491"><ele>582.0</ele></trkpt>
    <trkpt lat="47.901579" lon="11.427413"><ele>582.0</ele></trkpt>
    <trkpt lat="47.901234" lon="11.427309"><ele>582.0</ele></trkpt>
    <trkpt lat="47.9012" lon="11.427299"><ele>582.0</ele></trkpt>
    <trkpt lat="47.901121" lon="11.427275"><ele>582.0</ele></trkpt>
    <trkpt lat="47.900839" lon="11.427264"><ele>581.75</ele></trkpt>
    <trkpt lat="47.900834" lon="11.427229"><ele>581.75</ele></trkpt>
    <trkpt lat="47.90081" lon="11.427169"><ele>582.0</ele></trkpt>
    <trkpt lat="47.90077" lon="11.427129"><ele>582.0</ele></trkpt>
    <trkpt lat="47.900723" lon="11.427119"><ele>582.0</ele></trkpt>
    <trkpt lat="47.900652" lon="11.426703"><ele>582.0</ele></trkpt>
    <trkpt lat="47.900616" lon="11.426501"><ele>582.0</ele></trkpt>
    <trkpt lat="47.9006" lon="11.426407"><ele>582.0</ele></trkpt>
    <trkpt lat="47.900473" lon="11.425719"><ele>582.0</ele></trkpt>
    <trkpt lat="47.900441" lon="11.425546"><ele>582.0</ele></trkpt>
    <trkpt lat="47.900269" lon="11.424471"><ele>582.0</ele></trkpt>
    <trkpt lat="47.900194" lon="11.424228"><ele>581.75</ele></trkpt>
    <trkpt lat="47.900041" lon="11.423156"><ele>583.75</ele></trkpt>
    <trkpt lat="47.899894" lon="11.423231"><ele>584.0</ele></trkpt>
    <trkpt lat="47.899183" lon="11.423535"><ele>583.0</ele></trkpt>
    <trkpt lat="47.899031" lon="11.423569"><ele>582.75</ele></trkpt>
    <trkpt lat="47.898857" lon="11.423571"><ele>582.75</ele></trkpt>
    <trkpt lat="47.8987" lon="11.423568"><ele>582.75</ele></trkpt>
    <trkpt lat="47.898609" lon="11.42356"><ele>582.75</ele></trkpt>
    <trkpt lat="47.898493" lon="11.423521"><ele>582.25</ele></trkpt>
    <trkpt lat="47.898169" lon="11.423374"><ele>581.75</ele></trkpt>
    <trkpt lat="47.898051" lon="11.423323"><ele>581.75</ele></trkpt>
    <trkpt lat="47.898034" lon="11.423314"><ele>581.75</ele></trkpt>
    <trkpt lat="47.897793" lon="11.423215"><ele>581.75</ele></trkpt>
    <trkpt lat="47.897774" lon="11.423208"><ele>582.0</ele></trkpt>
    <trkpt lat="47.897745" lon="11.423197"><ele>582.0</ele></trkpt>
    <trkpt lat="47.897608" lon="11.423147"><ele>582.0</ele></trkpt>
    <trkpt lat="47.897228" lon="11.423012"><ele>581.75</ele></trkpt>
    <trkpt lat="47.897181" lon="11.422995"><ele>582.0</ele></trkpt>
    <trkpt lat="47.896416" lon="11.422708"><ele>581.75</ele></trkpt>
    <trkpt lat="47.896029" lon="11.422522"><ele>582.0</ele></trkpt>
    <trkpt lat="47.895945" lon="11.422481"><ele>581.75</ele></trkpt>
    <trkpt lat="47.895804" lon="11.42243"><ele>581.75</ele></trkpt>
    <trkpt lat="47.895687" lon="11.422398"><ele>581.75</ele></trkpt>
    <trkpt lat="47.895451" lon="11.422329"><ele>582.0</ele></trkpt>
    <trkpt lat="47.89521" lon="11.422288"><ele>582.0</ele></trkpt>
    <trkpt lat="47.89501" lon="11.422278"><ele>582.0</ele></trkpt>
    <trkpt lat="47.894807" lon="11.422281"><ele>582.0</ele></trkpt>
    <trkpt lat="47.894718" lon="11.422282"><ele>582.0</ele></trkpt>
    <trkpt lat="47.894464" lon="11.422293"><ele>582.0</ele></trkpt>
    <trkpt lat="47.894399" lon="11.422295"><ele>582.0</ele></trkpt>
    <trkpt lat="47.894241" lon="11.422302"><ele>582.0</ele></trkpt>
    <trkpt lat="47.893907" lon="11.422314"><ele>582.0</ele></trkpt>
    <trkpt lat="47.893846" lon="11.422355"><ele>582.5</ele></trkpt>
    <trkpt lat="47.893805" lon="11.422416"><ele>583.0</ele></trkpt>
    <trkpt lat="47.893777" lon="11.422473"><ele>583.5</ele></trkpt>
    <trkpt lat="47.893683" lon="11.42276"><ele>584.5</ele></trkpt>
    <trkpt lat="47.893583" lon="11.423023"><ele>583.25</ele></trkpt>
    <trkpt lat="47.893524" lon="11.423134"><ele>583.0</ele></trkpt>
    <trkpt lat="47.893416" lon="11.423239"><ele>583.0</ele></trkpt>
    <trkpt lat="47.89331" lon="11.423226"><ele>583.25</ele></trkpt>
    <trkpt lat="47.893256" lon="11.423213"><ele>583.5</ele></trkpt>
    <trkpt lat="47.893204" lon="11.423154"><ele>583.75</ele></trkpt>
    <trkpt lat="47.893138" lon="11.423048"><ele>584.0</ele></trkpt>
    <trkpt lat="47.893066" lon="11.422916"><ele>584.0</ele></trkpt>
    <trkpt lat="47.893039" lon="11.422876"><ele>584.0</ele></trkpt>
    <trkpt lat="47.892992" lon="11.422843"><ele>584.0</ele></trkpt>
    <trkpt lat="47.892934" lon="11.422825"><ele>584.0</ele></trkpt>
    <trkpt lat="47.892656" lon="11.422786"><ele>584.25</ele></trkpt>
    <trkpt lat="47.892552" lon="11.422785"><ele>584.75</ele></trkpt>
    <trkpt lat="47.892381" lon="11.422848"><ele>585.0</ele></trkpt>
    <trkpt lat="47.89224" lon="11.422911"><ele>585.0</ele></trkpt>
    <trkpt lat="47.892087" lon="11.423024"><ele>585.0</ele></trkpt>
    <trkpt lat="47.891937" lon="11.423147"><ele>585.0</ele></trkpt>
    <trkpt lat="47.891717" lon="11.423328"><ele>585.0</ele></trkpt>
    <trkpt lat="47.891684" lon="11.423352"><ele>585.0</ele></trkpt>
    <trkpt lat="47.891453" lon="11.423555"><ele>585.5</ele></trkpt>
    <trkpt lat="47.891096" lon="11.423837"><ele>585.75</ele></trkpt>
    <trkpt lat="47.889982" lon="11.424525"><ele>585.5</ele></trkpt>
    <trkpt lat="47.889731" lon="11.424667"><ele>585.75</ele></trkpt>
    <trkpt lat="47.889401" lon="11.424778"><ele>586.0</ele></trkpt>
    <trkpt lat="47.889317" lon="11.424813"><ele>586.0</ele></trkpt>
    <trkpt lat="47.88873" lon="11.42501"><ele>586.25</ele></trkpt>
    <trkpt lat="47.888189" lon="11.425249"><ele>586.0</ele></trkpt>
    <trkpt lat="47.885424" lon="11.426776"><ele>587.5</ele></trkpt>
    <trkpt lat="47.885081" lon="11.426937"><ele>587.75</ele></trkpt>
    <trkpt lat="47.884181" lon="11.427199"><ele>587.75</ele></trkpt>
    <trkpt lat="47.882765" lon="11.427578"><ele>586.75</ele></trkpt>
    <trkpt lat="47.882616" lon="11.427639"><ele>586.5</ele></trkpt>
    <trkpt lat="47.882412" lon="11.427721"><ele>586.0</ele></trkpt>
    <trkpt lat="47.881928" lon="11.427972"><ele>586.5</ele></trkpt>
    <trkpt lat="47.881724" lon="11.428077"><ele>587.0</ele></trkpt>
    <trkpt lat="47.881385" lon="11.42828"><ele>588.0</ele></trkpt>
    <trkpt lat="47.88048" lon="11.428889"><ele>589.0</ele></trkpt>
    <trkpt lat="47.880364" lon="11.428998"><ele>589.0</ele></trkpt>
    <trkpt lat="47.88026" lon="11.429111"><ele>589.0</ele></trkpt>
    <trkpt lat="47.880173" lon="11.429227"><ele>589.0</ele></trkpt>
    <trkpt lat="47.87995" lon="11.429571"><ele>589.25</ele></trkpt>
    <trkpt lat="47.879744" lon="11.429845"><ele>589.25</ele></trkpt>
    <trkpt lat="47.879623" lon="11.429976"><ele>589.5</ele></trkpt>
    <trkpt lat="47.879543" lon="11.430044"><ele>589.25</ele></trkpt>
    <trkpt lat="47.879396" lon="11.430149"><ele>589.0</ele></trkpt>
    <trkpt lat="47.879297" lon="11.43019"><ele>589.25</ele></trkpt>
    <trkpt lat="47.879148" lon="11.43024"><ele>589.75</ele></trkpt>
    <trkpt lat="47.879028" lon="11.430262"><ele>589.75</ele></trkpt>
    <trkpt lat="47.878568" lon="11.430302"><ele>590.0</ele></trkpt>
    <trkpt lat="47.8769" lon="11.430395"><ele>589.0</ele></trkpt>
    <trkpt lat="47.876671" lon="11.430401"><ele>589.0</ele></trkpt>
    <trkpt lat="47.876442" lon="11.430383"><ele>588.0</ele></trkpt>
    <trkpt lat="47.876079" lon="11.430331"><ele>586.75</ele></trkpt>
    <trkpt lat="47.875502" lon="11.430263"><ele>588.0</ele></trkpt>
    <trkpt lat="47.87532" lon="11.43027"><ele>588.75</ele></trkpt>
    <trkpt lat="47.875003" lon="11.43028"><ele>589.0</ele></trkpt>
    <trkpt lat="47.874767" lon="11.430298"><ele>589.75</ele></trkpt>
    <trkpt lat="47.873832" lon="11.43035"><ele>592.25</ele></trkpt>
    <trkpt lat="47.873548" lon="11.430376"><ele>593.0</ele></trkpt>
    <trkpt lat="47.873211" lon="11.43043"><ele>593.0</ele></trkpt>
    <trkpt lat="47.872504" lon="11.430519"><ele>592.5</ele></trkpt>
    <trkpt lat="47.872263" lon="11.430592"><ele>592.25</ele></trkpt>
    <trkpt lat="47.872092" lon="11.430704"><ele>592.75</ele></trkpt>
    <trkpt lat="47.871935" lon="11.430847"><ele>594.0</ele></trkpt>
    <trkpt lat="47.871838" lon="11.430957"><ele>594.5</ele></trkpt>
    <trkpt lat="47.871169" lon="11.431618"><ele>596.75</ele></trkpt>
    <trkpt lat="47.871018" lon="11.431777"><ele>597.0</ele></trkpt>
    <trkpt lat="47.870822" lon="11.431968"><ele>597.0</ele></trkpt>
    <trkpt lat="47.87076" lon="11.432015"><ele>596.5</ele></trkpt>
    <trkpt lat="47.870678" lon="11.432076"><ele>596.25</ele></trkpt>
    <trkpt lat="47.869738" lon="11.43265"><ele>595.0</ele></trkpt>
    <trkpt lat="47.868846" lon="11.433149"><ele>594.75</ele></trkpt>
    <trkpt lat="47.868844" lon="11.433281"><ele>594.75</ele></trkpt>
    <trkpt lat="47.868818" lon="11.433516"><ele>595.75</ele></trkpt>
    <trkpt lat="47.868739" lon="11.433874"><ele>597.25</ele></trkpt>
    <trkpt lat="47.868623" lon="11.434284"><ele>600.25</ele></trkpt>
    <trkpt lat="47.868567" lon="11.434413"><ele>601.0</ele></trkpt>
    <trkpt lat="47.868529" lon="11.43448"><ele>601.75</ele></trkpt>
    <trkpt lat="47.868423" lon="11.434568"><ele>603.0</ele></trkpt>
    <trkpt lat="47.868272" lon="11.434625"><ele>604.5</ele></trkpt>
    <trkpt lat="47.86733" lon="11.434845"><ele>612.75</ele></trkpt>
    <trkpt lat="47.86691" lon="11.434982"><ele>612.75</ele></trkpt>
    <trkpt lat="47.866394" lon="11.43537"><ele>608.25</ele></trkpt>
    <trkpt lat="47.866015" lon="11.435837"><ele>606.5</ele></trkpt>
    <trkpt lat="47.865767" lon="11.43625"><ele>606.25</ele></trkpt>
    <trkpt lat="47.865668" lon="11.436609"><ele>606.0</ele></trkpt>
    <trkpt lat="47.865619" lon="11.437406"><ele>606.0</ele></trkpt>
    <trkpt lat="47.865606" lon="11.437761"><ele>605.0</ele></trkpt>
    <trkpt lat="47.865611" lon="11.43815"><ele>603.5</ele></trkpt>
    <trkpt lat="47.865627" lon="11.438244"><ele>603.25</ele></trkpt>
    <trkpt lat="47.865848" lon="11.438977"><ele>602.75</ele></trkpt>
    <trkpt lat="47.865868" lon="11.439074"><ele>602.75</ele></trkpt>
    <trkpt lat="47.865877" lon="11.439153"><ele>602.75</ele></trkpt>
    <trkpt lat="47.865875" lon="11.439342"><ele>602.0</ele></trkpt>
    <trkpt lat="47.865833" lon="11.439631"><ele>601.75</ele></trkpt>
    <trkpt lat="47.865792" lon="11.43997"><ele>601.25</ele></trkpt>
    <trkpt lat="47.865751" lon="11.440417"><ele>599.25</ele></trkpt>
    <trkpt lat="47.865607" lon="11.442115"><ele>600.75</ele></trkpt>
    <trkpt lat="47.865609" lon="11.442363"><ele>601.5</ele></trkpt>
    <trkpt lat="47.865653" lon="11.442637"><ele>602.25</ele></trkpt>
    <trkpt lat="47.865716" lon="11.442845"><ele>603.25</ele></trkpt>
    <trkpt lat="47.865775" lon="11.443047"><ele>604.75</ele></trkpt>
    <trkpt lat="47.865812" lon="11.443197"><ele>605.0</ele></trkpt>
    <trkpt lat="47.865805" lon="11.443403"><ele>605.0</ele></trkpt>
    <trkpt lat="47.865398" lon="11.445801"><ele>603.25</ele></trkpt>
    <trkpt lat="47.865272" lon="11.446482"><ele>607.25</ele></trkpt>
    <trkpt lat="47.865182" lon="11.447728"><ele>608.0</ele></trkpt>
    <trkpt lat="47.865176" lon="11.447873"><ele>608.5</ele></trkpt>
    <trkpt lat="47.865178" lon="11.448038"><ele>609.0</ele></trkpt>
    <trkpt lat="47.86519" lon="11.448155"><ele>609.5</ele></trkpt>
    <trkpt lat="47.865201" lon="11.448242"><ele>609.75</ele></trkpt>
    <trkpt lat="47.865257" lon="11.448416"><ele>610.25</ele></trkpt>
    <trkpt lat="47.865335" lon="11.448768"><ele>612.0</ele></trkpt>
    <trkpt lat="47.865339" lon="11.448849"><ele>612.5</ele></trkpt>
    <trkpt lat="47.865332" lon="11.448948"><ele>613.0</ele></trkpt>
    <trkpt lat="47.865293" lon="11.44911"><ele>613.75</ele></trkpt>
    <trkpt lat="47.865222" lon="11.449336"><ele>614.25</ele></trkpt>
    <trkpt lat="47.865029" lon="11.449855"><ele>616.75</ele></trkpt>
    <trkpt lat="47.864689" lon="11.450869"><ele>622.0</ele></trkpt>
    <trkpt lat="47.864574" lon="11.45117"><ele>623.5</ele></trkpt>
    <trkpt lat="47.864511" lon="11.451301"><ele>624.25</ele></trkpt>
    <trkpt lat="47.864445" lon="11.451393"><ele>624.75</ele></trkpt>
    <trkpt lat="47.864366" lon="11.451471"><ele>625.0</ele></trkpt>
    <trkpt lat="47.864267" lon="11.451542"><ele>625.0</ele></trkpt>
    <trkpt lat="47.86418" lon="11.451626"><ele>625.0</ele></trkpt>
    <trkpt lat="47.864083" lon="11.451673"><ele>625.25</ele></trkpt>
    <trkpt lat="47.864019" lon="11.451803"><ele>625.5</ele></trkpt>
    <trkpt lat="47.864009" lon="11.452064"><ele>625.5</ele></trkpt>
    <trkpt lat="47.864022" lon="11.452324"><ele>625.75</ele></trkpt>
    <trkpt lat="47.864076" lon="11.452545"><ele>626.25</ele></trkpt>
    <trkpt lat="47.864136" lon="11.452735"><ele>626.75</ele></trkpt>
    <trkpt lat="47.864156" lon="11.452868"><ele>627.0</ele></trkpt>
    <trkpt lat="47.863945" lon="11.454217"><ele>628.75</ele></trkpt>
    <trkpt lat="47.863779" lon="11.45537"><ele>625.5</ele></trkpt>
    <trkpt lat="47.863596" lon="11.456416"><ele>624.0</ele></trkpt>
    <trkpt lat="47.863507" lon="11.457061"><ele>624.25</ele></trkpt>
    <trkpt lat="47.863652" lon="11.458185"><ele>617.75</ele></trkpt>
    <trkpt lat="47.863736" lon="11.458715"><ele>613.5</ele></trkpt>
    <trkpt lat="47.863744" lon="11.45876"><ele>613.75</ele></trkpt>
    <trkpt lat="47.863797" lon="11.458978"><ele>614.75</ele></trkpt>
    <trkpt lat="47.86378" lon="11.459161"><ele>616.0</ele></trkpt>
    <trkpt lat="47.863662" lon="11.459958"><ele>616.0</ele></trkpt>
    <trkpt lat="47.86385" lon="11.460599"><ele>613.5</ele></trkpt>
    <trkpt lat="47.863897" lon="11.461082"><ele>614.0</ele></trkpt>
    <trkpt lat="47.863892" lon="11.46176"><ele>613.0</ele></trkpt>
    <trkpt lat="47.863691" lon="11.462425"><ele>610.75</ele></trkpt>
    <trkpt lat="47.863436" lon="11.462925"><ele>610.5</ele></trkpt>
    <trkpt lat="47.863196" lon="11.463324"><ele>610.25</ele></trkpt>
    <trkpt lat="47.863069" lon="11.46359"><ele>610.0</ele></trkpt>
    <trkpt lat="47.862961" lon="11.464048"><ele>609.25</ele></trkpt>
    <trkpt lat="47.863078" lon="11.464555"><ele>610.25</ele></trkpt>
    <trkpt lat="47.863294" lon="11.4649"><ele>606.5</ele></trkpt>
    <trkpt lat="47.86348" lon="11.465011"><ele>603.75</ele></trkpt>
    <trkpt lat="47.863682" lon="11.46506"><ele>602.75</ele></trkpt>
    <trkpt lat="47.863942" lon="11.465151"><ele>601.0</ele></trkpt>
    <trkpt lat="47.864061" lon="11.465276"><ele>599.25</ele></trkpt>
    <trkpt lat="47.864079" lon="11.465553"><ele>599.0</ele></trkpt>
    <trkpt lat="47.86401" lon="11.466003"><ele>599.0</ele></trkpt>
    <trkpt lat="47.863938" lon="11.4664"><ele>599.75</ele></trkpt>
    <trkpt lat="47.863839" lon="11.466709"><ele>599.75</ele></trkpt>
    <trkpt lat="47.863686" lon="11.466909"><ele>599.75</ele></trkpt>
    <trkpt lat="47.863177" lon="11.467641"><ele>599.5</ele></trkpt>
    <trkpt lat="47.862915" lon="11.46796"><ele>600.0</ele></trkpt>
    <trkpt lat="47.86279" lon="11.468052"><ele>600.75</ele></trkpt>
    <trkpt lat="47.862575" lon="11.468138"><ele>600.25</ele></trkpt>
    <trkpt lat="47.862508" lon="11.468187"><ele>600.25</ele></trkpt>
    <trkpt lat="47.862467" lon="11.468238"><ele>600.5</ele></trkpt>
    <trkpt lat="47.862281" lon="11.468426"><ele>601.5</ele></trkpt>
    <trkpt lat="47.862239" lon="11.468437"><ele>601.5</ele></trkpt>
    <trkpt lat="47.862201" lon="11.468465"><ele>601.75</ele></trkpt>
    <trkpt lat="47.862169" lon="11.468507"><ele>602.0</ele></trkpt>
    <trkpt lat="47.86215" lon="11.468552"><ele>602.0</ele></trkpt>
    <trkpt lat="47.862139" lon="11.468601"><ele>602.25</ele></trkpt>
    <trkpt lat="47.862136" lon="11.468653"><ele>602.25</ele></trkpt>
    <trkpt lat="47.862147" lon="11.468735"><ele>602.0</ele></trkpt>
    <trkpt lat="47.862161" lon="11.468772"><ele>602.0</ele></trkpt>
    <trkpt lat="47.8622" lon="11.468831"><ele>602.0</ele></trkpt>
    <trkpt lat="47.862222" lon="11.46916"><ele>601.0</ele></trkpt>
    <trkpt lat="47.86219" lon="11.469417"><ele>601.0</ele></trkpt>
    <trkpt lat="47.862147" lon="11.469909"><ele>601.0</ele></trkpt>
    <trkpt lat="47.862024" lon="11.470846"><ele>601.0</ele></trkpt>
    <trkpt lat="47.861942" lon="11.471805"><ele>602.0</ele></trkpt>
    <trkpt lat="47.861856" lon="11.472374"><ele>602.0</ele></trkpt>
    <trkpt lat="47.861807" lon="11.47266"><ele>602.0</ele></trkpt>
    <trkpt lat="47.861742" lon="11.472945"><ele>602.0</ele></trkpt>
    <trkpt lat="47.86153" lon="11.473793"><ele>602.25</ele></trkpt>
    <trkpt lat="47.861497" lon="11.474"><ele>602.75</ele></trkpt>
    <trkpt lat="47.861471" lon="11.474213"><ele>603.0</ele></trkpt>
    <trkpt lat="47.861423" lon="11.474646"><ele>603.0</ele></trkpt>
    <trkpt lat="47.861374" lon="11.475294"><ele>603.75</ele></trkpt>
    <trkpt lat="47.861214" lon="11.477254"><ele>603.0</ele></trkpt>
    <trkpt lat="47.861134" lon="11.478305"><ele>603.75</ele></trkpt>
    <trkpt lat="47.861067" lon="11.478942"><ele>603.75</ele></trkpt>
    <trkpt lat="47.860744" lon="11.481764"><ele>604.5</ele></trkpt>
    <trkpt lat="47.860735" lon="11.481857"><ele>604.75</ele></trkpt>
    <trkpt lat="47.86091" lon="11.481788"><ele>604.25</ele></trkpt>
    <trkpt lat="47.860974" lon="11.481763"><ele>604.0</ele></trkpt>
    <trkpt lat="47.861285" lon="11.481595"><ele>604.0</ele></trkpt>
    <trkpt lat="47.861503" lon="11.481443"><ele>604.25</ele></trkpt>
    <trkpt lat="47.861736" lon="11.48125"><ele>604.25</ele></trkpt>
    <trkpt lat="47.861785" lon="11.481211"><ele>604.0</ele></trkpt>
    <trkpt lat="47.861892" lon="11.481126"><ele>604.0</ele></trkpt>
    <trkpt lat="47.86219" lon="11.480845"><ele>604.0</ele></trkpt>
    <trkpt lat="47.862354" lon="11.480662"><ele>604.0</ele></trkpt>
    <trkpt lat="47.862676" lon="11.48032"><ele>604.0</ele></trkpt>
    <trkpt lat="47.862707" lon="11.480286"><ele>604.0</ele></trkpt>
    <trkpt lat="47.862937" lon="11.480036"><ele>604.0</ele></trkpt>
    <trkpt lat="47.863593" lon="11.479234"><ele>604.0</ele></trkpt>
    <trkpt lat="47.864151" lon="11.478562"><ele>603.0</ele></trkpt>
    <trkpt lat="47.86418" lon="11.478619"><ele>603.0</ele></trkpt>
    <trkpt lat="47.864368" lon="11.478967"><ele>603.0</ele></trkpt>
    <trkpt lat="47.864686" lon="11.479559"><ele>602.75</ele></trkpt>
    <trkpt lat="47.864957" lon="11.48005"><ele>602.5</ele></trkpt>
    <trkpt lat="47.864686" lon="11.479559"><ele>602.75</ele></trkpt>
    <trkpt lat="47.864368" lon="11.478967"><ele>603.0</ele></trkpt>
    <trkpt lat="47.86418" lon="11.478619"><ele>603.0</ele></trkpt>
    <trkpt lat="47.864151" lon="11.478562"><ele>603.0</ele></trkpt>
    <trkpt lat="47.863593" lon="11.479234"><ele>604.0</ele></trkpt>
    <trkpt lat="47.862937" lon="11.480036"><ele>604.0</ele></trkpt>
    <trkpt lat="47.862707" lon="11.480286"><ele>604.0</ele></trkpt>
    <trkpt lat="47.862676" lon="11.48032"><ele>604.0</ele></trkpt>
    <trkpt lat="47.862354" lon="11.480662"><ele>604.0</ele></trkpt>
    <trkpt lat="47.86219" lon="11.480845"><ele>604.0</ele></trkpt>
    <trkpt lat="47.861892" lon="11.481126"><ele>604.0</ele></trkpt>
    <trkpt lat="47.861785" lon="11.481211"><ele>604.0</ele></trkpt>
    <trkpt lat="47.861736" lon="11.48125"><ele>604.25</ele></trkpt>
    <trkpt lat="47.861503" lon="11.481443"><ele>604.25</ele></trkpt>
    <trkpt lat="47.861285" lon="11.481595"><ele>604.0</ele></trkpt>
    <trkpt lat="47.860974" lon="11.481763"><ele>604.0</ele></trkpt>
    <trkpt lat="47.86091" lon="11.481788"><ele>604.25</ele></trkpt>
    <trkpt lat="47.860735" lon="11.481857"><ele>604.75</ele></trkpt>
    <trkpt lat="47.860534" lon="11.481918"><ele>605.0</ele></trkpt>
    <trkpt lat="47.860295" lon="11.481961"><ele>605.0</ele></trkpt>
    <trkpt lat="47.860013" lon="11.481962"><ele>605.0</ele></trkpt>
    <trkpt lat="47.859809" lon="11.481938"><ele>605.0</ele></trkpt>
    <trkpt lat="47.8597" lon="11.481922"><ele>605.0</ele></trkpt>
    <trkpt lat="47.859552" lon="11.481882"><ele>605.0</ele></trkpt>
    <trkpt lat="47.859268" lon="11.481774"><ele>605.0</ele></trkpt>
    <trkpt lat="47.85898" lon="11.481645"><ele>605.0</ele></trkpt>
    <trkpt lat="47.858799" lon="11.482059"><ele>605.0</ele></trkpt>
    <trkpt lat="47.858417" lon="11.482916"><ele>605.5</ele></trkpt>
    <trkpt lat="47.858311" lon="11.483151"><ele>605.25</ele></trkpt>
    <trkpt lat="47.857996" lon="11.483843"><ele>606.0</ele></trkpt>
    <trkpt lat="47.857938" lon="11.483976"><ele>606.0</ele></trkpt>
    <trkpt lat="47.857308" lon="11.485344"><ele>606.25</ele></trkpt>
    <trkpt lat="47.857273" lon="11.485426"><ele>606.5</ele></trkpt>
    <trkpt lat="47.857025" lon="11.485957"><ele>607.0</ele></trkpt>
    <trkpt lat="47.856901" lon="11.486245"><ele>607.0</ele></trkpt>
    <trkpt lat="47.856662" lon="11.486796"><ele>607.0</ele></trkpt>
    <trkpt lat="47.856546" lon="11.487069"><ele>607.0</ele></trkpt>
    <trkpt lat="47.85628" lon="11.487668"><ele>607.0</ele></trkpt>
    <trkpt lat="47.855893" lon="11.488592"><ele>608.0</ele></trkpt>
    <trkpt lat="47.855696" lon="11.489068"><ele>608.0</ele></trkpt>
    <trkpt lat="47.855644" lon="11.489186"><ele>608.0</ele></trkpt>
    <trkpt lat="47.855315" lon="11.489972"><ele>607.75</ele></trkpt>
    <trkpt lat="47.855214" lon="11.490209"><ele>608.0</ele></trkpt>
    <trkpt lat="47.855155" lon="11.490349"><ele>607.75</ele></trkpt>
    <trkpt lat="47.854845" lon="11.491044"><ele>607.5</ele></trkpt>
    <trkpt lat="47.853857" lon="11.493309"><ele>608.0</ele></trkpt>
    <trkpt lat="47.853619" lon="11.493891"><ele>609.0</ele></trkpt>
    <trkpt lat="47.85351" lon="11.494158"><ele>609.0</ele></trkpt>
    <trkpt lat="47.853298" lon="11.494673"><ele>609.0</ele></trkpt>
    <trkpt lat="47.853239" lon="11.494805"><ele>609.0</ele></trkpt>
    <trkpt lat="47.853057" lon="11.495221"><ele>609.0</ele></trkpt>
    <trkpt lat="47.852886" lon="11.495611"><ele>610.0</ele></trkpt>
    <trkpt lat="47.852463" lon="11.496575"><ele>610.0</ele></trkpt>
    <trkpt lat="47.851971" lon="11.497794"><ele>610.0</ele></trkpt>
    <trkpt lat="47.85167" lon="11.498556"><ele>610.75</ele></trkpt>
    <trkpt lat="47.851502" lon="11.498949"><ele>611.0</ele></trkpt>
    <trkpt lat="47.851432" lon="11.499115"><ele>610.75</ele></trkpt>
    <trkpt lat="47.851345" lon="11.499319"><ele>611.0</ele></trkpt>
    <trkpt lat="47.850925" lon="11.500308"><ele>611.5</ele></trkpt>
    <trkpt lat="47.85087" lon="11.500216"><ele>611.5</ele></trkpt>
    <trkpt lat="47.850536" lon="11.499563"><ele>611.25</ele></trkpt>
    <trkpt lat="47.850422" lon="11.499661"><ele>611.75</ele></trkpt>
    <trkpt lat="47.850403" lon="11.499669"><ele>611.75</ele></trkpt>
    <trkpt lat="47.850291" lon="11.499712"><ele>611.75</ele></trkpt>
    <trkpt lat="47.8502" lon="11.499714"><ele>612.0</ele></trkpt>
    <trkpt lat="47.850105" lon="11.499679"><ele>612.0</ele></trkpt>
    <trkpt lat="47.849726" lon="11.499425"><ele>612.0</ele></trkpt>
    <trkpt lat="47.84944" lon="11.499233"><ele>612.0</ele></trkpt>
    <trkpt lat="47.849331" lon="11.499182"><ele>612.0</ele></trkpt>
    <trkpt lat="47.849087" lon="11.499115"><ele>612.0</ele></trkpt>
    <trkpt lat="47.848896" lon="11.499072"><ele>611.75</ele></trkpt>
    <trkpt lat="47.848814" lon="11.499029"><ele>612.25</ele></trkpt>
    <trkpt lat="47.848664" lon="11.498918"><ele>612.75</ele></trkpt>
    <trkpt lat="47.848552" lon="11.498815"><ele>612.75</ele></trkpt>
    <trkpt lat="47.848356" lon="11.498513"><ele>612.75</ele></trkpt>
    <trkpt lat="47.848269" lon="11.498332"><ele>613.0</ele></trkpt>
    <trkpt lat="47.847413" lon="11.496428"><ele>613.0</ele></trkpt>
    <trkpt lat="47.847114" lon="11.495712"><ele>613.0</ele></trkpt>
    <trkpt lat="47.847055" lon="11.49552"><ele>613.0</ele></trkpt>
    <trkpt lat="47.847012" lon="11.495316"><ele>613.0</ele></trkpt>
    <trkpt lat="47.846972" lon="11.494894"><ele>612.0</ele></trkpt>
    <trkpt lat="47.846972" lon="11.494726"><ele>612.0</ele></trkpt>
    <trkpt lat="47.846985" lon="11.494561"><ele>612.0</ele></trkpt>
    <trkpt lat="47.847037" lon="11.494317"><ele>612.0</ele></trkpt>
    <trkpt lat="47.847074" lon="11.494198"><ele>612.0</ele></trkpt>
    <trkpt lat="47.847283" lon="11.493634"><ele>612.0</ele></trkpt>
    <trkpt lat="47.847372" lon="11.493353"><ele>612.0</ele></trkpt>
    <trkpt lat="47.847412" lon="11.493112"><ele>612.0</ele></trkpt>
    <trkpt lat="47.847419" lon="11.492997"><ele>611.75</ele></trkpt>
    <trkpt lat="47.847415" lon="11.492898"><ele>611.25</ele></trkpt>
    <trkpt lat="47.847395" lon="11.492807"><ele>611.0</ele></trkpt>
    <trkpt lat="47.847356" lon="11.4927"><ele>611.0</ele></trkpt>
    <trkpt lat="47.847314" lon="11.492609"><ele>611.0</ele></trkpt>
    <trkpt lat="47.847257" lon="11.492528"><ele>611.0</ele></trkpt>
    <trkpt lat="47.8472" lon="11.492459"><ele>611.0</ele></trkpt>
    <trkpt lat="47.847052" lon="11.492306"><ele>611.0</ele></trkpt>
    <trkpt lat="47.846932" lon="11.49222"><ele>611.0</ele></trkpt>
    <trkpt lat="47.846787" lon="11.492101"><ele>611.0</ele></trkpt>
    <trkpt lat="47.846648" lon="11.492009"><ele>611.0</ele></trkpt>
    <trkpt lat="47.846216" lon="11.491779"><ele>611.25</ele></trkpt>
    <trkpt lat="47.845935" lon="11.491614"><ele>611.0</ele></trkpt>
    <trkpt lat="47.845799" lon="11.491486"><ele>611.0</ele></trkpt>
    <trkpt lat="47.845646" lon="11.491317"><ele>611.0</ele></trkpt>
    <trkpt lat="47.845501" lon="11.491101"><ele>611.0</ele></trkpt>
    <trkpt lat="47.845465" lon="11.491033"><ele>611.0</ele></trkpt>
    <trkpt lat="47.845294" lon="11.490714"><ele>611.0</ele></trkpt>
    <trkpt lat="47.845081" lon="11.490318"><ele>611.0</ele></trkpt>
    <trkpt lat="47.844943" lon="11.490148"><ele>611.0</ele></trkpt>
    <trkpt lat="47.844498" lon="11.489558"><ele>610.0</ele></trkpt>
    <trkpt lat="47.844141" lon="11.489083"><ele>610.25</ele></trkpt>
    <trkpt lat="47.844105" lon="11.489011"><ele>610.25</ele></trkpt>
    <trkpt lat="47.843931" lon="11.488668"><ele>610.0</ele></trkpt>
    <trkpt lat="47.843724" lon="11.488393"><ele>610.25</ele></trkpt>
    <trkpt lat="47.843515" lon="11.488162"><ele>610.25</ele></trkpt>
    <trkpt lat="47.843395" lon="11.488042"><ele>610.0</ele></trkpt>
    <trkpt lat="47.843299" lon="11.487959"><ele>610.0</ele></trkpt>
    <trkpt lat="47.843176" lon="11.487874"><ele>610.0</ele></trkpt>
    <trkpt lat="47.842794" lon="11.487641"><ele>610.0</ele></trkpt>
    <trkpt lat="47.842476" lon="11.487591"><ele>610.0</ele></trkpt>
    <trkpt lat="47.84236" lon="11.487592"><ele>610.0</ele></trkpt>
    <trkpt lat="47.842214" lon="11.487655"><ele>609.75</ele></trkpt>
    <trkpt lat="47.842049" lon="11.487775"><ele>609.25</ele></trkpt>
    <trkpt lat="47.841862" lon="11.48797"><ele>609.0</ele></trkpt>
    <trkpt lat="47.841743" lon="11.488072"><ele>609.0</ele></trkpt>
    <trkpt lat="47.841622" lon="11.488156"><ele>609.25</ele></trkpt>
    <trkpt lat="47.841499" lon="11.488175"><ele>609.0</ele></trkpt>
    <trkpt lat="47.841384" lon="11.488167"><ele>609.0</ele></trkpt>
    <trkpt lat="47.840739" lon="11.487912"><ele>609.0</ele></trkpt>
    <trkpt lat="47.840529" lon="11.48779"><ele>608.75</ele></trkpt>
    <trkpt lat="47.839994" lon="11.487496"><ele>608.0</ele></trkpt>
    <trkpt lat="47.839768" lon="11.487351"><ele>608.0</ele></trkpt>
    <trkpt lat="47.839518" lon="11.487237"><ele>608.0</ele></trkpt>
    <trkpt lat="47.839242" lon="11.487194"><ele>608.0</ele></trkpt>
    <trkpt lat="47.838929" lon="11.487202"><ele>607.75</ele></trkpt>
    <trkpt lat="47.838671" lon="11.48729"><ele>607.25</ele></trkpt>
    <trkpt lat="47.838456" lon="11.487405"><ele>607.25</ele></trkpt>
    <trkpt lat="47.838156" lon="11.48761"><ele>607.0</ele></trkpt>
    <trkpt lat="47.838014" lon="11.487687"><ele>607.0</ele></trkpt>
    <trkpt lat="47.837751" lon="11.487736"><ele>607.0</ele></trkpt>
    <trkpt lat="47.837357" lon="11.487767"><ele>607.0</ele></trkpt>
    <trkpt lat="47.837159" lon="11.487821"><ele>607.0</ele></trkpt>
    <trkpt lat="47.836937" lon="11.487901"><ele>607.0</ele></trkpt>
    <trkpt lat="47.836646" lon="11.487931"><ele>607.0</ele></trkpt>
    <trkpt lat="47.836348" lon="11.487907"><ele>606.75</ele></trkpt>
    <trkpt lat="47.835656" lon="11.4878"><ele>606.0</ele></trkpt>
    <trkpt lat="47.83533" lon="11.487758"><ele>606.0</ele></trkpt>
    <trkpt lat="47.834896" lon="11.487617"><ele>605.5</ele></trkpt>
    <trkpt lat="47.83455" lon="11.487562"><ele>605.75</ele></trkpt>
    <trkpt lat="47.834167" lon="11.487548"><ele>605.75</ele></trkpt>
    <trkpt lat="47.833838" lon="11.487619"><ele>605.0</ele></trkpt>
    <trkpt lat="47.833579" lon="11.487614"><ele>604.75</ele></trkpt>
    <trkpt lat="47.833376" lon="11.487584"><ele>604.5</ele></trkpt>
    <trkpt lat="47.833098" lon="11.487514"><ele>604.75</ele></trkpt>
    <trkpt lat="47.832947" lon="11.487441"><ele>604.25</ele></trkpt>
    <trkpt lat="47.832805" lon="11.487346"><ele>604.0</ele></trkpt>
    <trkpt lat="47.832487" lon="11.487083"><ele>604.0</ele></trkpt>
    <trkpt lat="47.832371" lon="11.487001"><ele>604.0</ele></trkpt>
    <trkpt lat="47.832158" lon="11.486852"><ele>604.0</ele></trkpt>
    <trkpt lat="47.831814" lon="11.486641"><ele>604.0</ele></trkpt>
    <trkpt lat="47.831443" lon="11.486434"><ele>603.75</ele></trkpt>
    <trkpt lat="47.830916" lon="11.486184"><ele>603.5</ele></trkpt>
    <trkpt lat="47.829951" lon="11.485867"><ele>603.0</ele></trkpt>
    <trkpt lat="47.829439" lon="11.485713"><ele>602.75</ele></trkpt>
    <trkpt lat="47.829151" lon="11.485607"><ele>602.75</ele></trkpt>
    <trkpt lat="47.827791" lon="11.485034"><ele>602.0</ele></trkpt>
    <trkpt lat="47.827419" lon="11.484902"><ele>601.25</ele></trkpt>
    <trkpt lat="47.827192" lon="11.484858"><ele>601.0</ele></trkpt>
    <trkpt lat="47.826953" lon="11.484823"><ele>601.0</ele></trkpt>
    <trkpt lat="47.826789" lon="11.484827"><ele>601.0</ele></trkpt>
    <trkpt lat="47.82662" lon="11.484849"><ele>601.0</ele></trkpt>
    <trkpt lat="47.826297" lon="11.484912"><ele>601.0</ele></trkpt>
    <trkpt lat="47.826149" lon="11.484901"><ele>601.0</ele></trkpt>
    <trkpt lat="47.826056" lon="11.484878"><ele>601.0</ele></trkpt>
    <trkpt lat="47.825961" lon="11.484842"><ele>601.0</ele></trkpt>
    <trkpt lat="47.825871" lon="11.484783"><ele>601.0</ele></trkpt>
    <trkpt lat="47.825787" lon="11.484708"><ele>601.0</ele></trkpt>
    <trkpt lat="47.825699" lon="11.484598"><ele>601.0</ele></trkpt>
    <trkpt lat="47.82563" lon="11.484666"><ele>601.0</ele></trkpt>
    <trkpt lat="47.825592" lon="11.484692"><ele>601.0</ele></trkpt>
    <trkpt lat="47.825556" lon="11.484708"><ele>601.0</ele></trkpt>
    <trkpt lat="47.825408" lon="11.484743"><ele>601.0</ele></trkpt>
    <trkpt lat="47.825133" lon="11.48487"><ele>600.5</ele></trkpt>
    <trkpt lat="47.824944" lon="11.484942"><ele>600.0</ele></trkpt>
    <trkpt lat="47.824766" lon="11.484989"><ele>600.0</ele></trkpt>
    <trkpt lat="47.824367" lon="11.485041"><ele>600.75</ele></trkpt>
    <trkpt lat="47.824285" lon="11.485116"><ele>600.75</ele></trkpt>
    <trkpt lat="47.824255" lon="11.485151"><ele>600.5</ele></trkpt>
    <trkpt lat="47.824137" lon="11.485175"><ele>600.25</ele></trkpt>
    <trkpt lat="47.824071" lon="11.485158"><ele>600.5</ele></trkpt>
    <trkpt lat="47.824037" lon="11.485135"><ele>600.5</ele></trkpt>
    <trkpt lat="47.823896" lon="11.484991"><ele>600.75</ele></trkpt>
    <trkpt lat="47.823747" lon="11.484897"><ele>600.75</ele></trkpt>
    <trkpt lat="47.823551" lon="11.484809"><ele>601.0</ele></trkpt>
    <trkpt lat="47.823162" lon="11.484654"><ele>600.5</ele></trkpt>
    <trkpt lat="47.82115" lon="11.483756"><ele>603.25</ele></trkpt>
    <trkpt lat="47.820861" lon="11.483636"><ele>604.75</ele></trkpt>
    <trkpt lat="47.820509" lon="11.483529"><ele>607.0</ele></trkpt>
    <trkpt lat="47.820428" lon="11.483866"><ele>608.75</ele></trkpt>
    <trkpt lat="47.820386" lon="11.484082"><ele>610.5</ele></trkpt>
    <trkpt lat="47.820233" lon="11.484397"><ele>614.5</ele></trkpt>
    <trkpt lat="47.820088" lon="11.484615"><ele>616.25</ele></trkpt>
    <trkpt lat="47.820062" lon="11.48469"><ele>616.5</ele></trkpt>
    <trkpt lat="47.820038" lon="11.484932"><ele>617.5</ele></trkpt>
    <trkpt lat="47.820074" lon="11.485278"><ele>617.5</ele></trkpt>
    <trkpt lat="47.82017" lon="11.485921"><ele>617.0</ele></trkpt>
    <trkpt lat="47.820198" lon="11.48628"><ele>616.5</ele></trkpt>
    <trkpt lat="47.819827" lon="11.486613"><ele>618.0</ele></trkpt>
    <trkpt lat="47.819473" lon="11.486905"><ele>618.75</ele></trkpt>
    <trkpt lat="47.819094" lon="11.487006"><ele>620.25</ele></trkpt>
    <trkpt lat="47.818971" lon="11.487077"><ele>621.0</ele></trkpt>
    <trkpt lat="47.818749" lon="11.487281"><ele>622.5</ele></trkpt>
    <trkpt lat="47.81856" lon="11.487418"><ele>624.0</ele></trkpt>
    <trkpt lat="47.818534" lon="11.48688"><ele>622.0</ele></trkpt>
    <trkpt lat="47.818521" lon="11.48678"><ele>622.0</ele></trkpt>
    <trkpt lat="47.818423" lon="11.486437"><ele>623.75</ele></trkpt>
    <trkpt lat="47.818295" lon="11.486109"><ele>625.25</ele></trkpt>
    <trkpt lat="47.818257" lon="11.486037"><ele>625.75</ele></trkpt>
    <trkpt lat="47.818003" lon="11.485546"><ele>628.25</ele></trkpt>
    <trkpt lat="47.817642" lon="11.484972"><ele>630.25</ele></trkpt>
    <trkpt lat="47.817351" lon="11.484531"><ele>631.5</ele></trkpt>
    <trkpt lat="47.817098" lon="11.484047"><ele>632.0</ele></trkpt>
    <trkpt lat="47.816967" lon="11.483801"><ele>631.75</ele></trkpt>
    <trkpt lat="47.816841" lon="11.48357"><ele>632.0</ele></trkpt>
    <trkpt lat="47.81654" lon="11.482994"><ele>633.0</ele></trkpt>
    <trkpt lat="47.816453" lon="11.48278"><ele>633.0</ele></trkpt>
    <trkpt lat="47.816357" lon="11.482492"><ele>633.0</ele></trkpt>
    <trkpt lat="47.816291" lon="11.482222"><ele>633.25</ele></trkpt>
    <trkpt lat="47.816245" lon="11.482031"><ele>632.75</ele></trkpt>
    <trkpt lat="47.816199" lon="11.481984"><ele>632.75</ele></trkpt>
    <trkpt lat="47.816255" lon="11.48157"><ele>632.0</ele></trkpt>
    <trkpt lat="47.816287" lon="11.481296"><ele>630.5</ele></trkpt>
    <trkpt lat="47.816292" lon="11.481255"><ele>630.25</ele></trkpt>
    <trkpt lat="47.816344" lon="11.480978"><ele>629.25</ele></trkpt>
    <trkpt lat="47.81634" lon="11.480845"><ele>629.25</ele></trkpt>
    <trkpt lat="47.816328" lon="11.480667"><ele>628.5</ele></trkpt>
    <trkpt lat="47.816238" lon="11.480286"><ele>628.0</ele></trkpt>
    <trkpt lat="47.816213" lon="11.480143"><ele>627.25</ele></trkpt>
    <trkpt lat="47.816218" lon="11.48004"><ele>626.5</ele></trkpt>
    <trkpt lat="47.816333" lon="11.479592"><ele>623.0</ele></trkpt>
    <trkpt lat="47.816382" lon="11.479456"><ele>620.25</ele></trkpt>
    <trkpt lat="47.816181" lon="11.479358"><ele>622.75</ele></trkpt>
    <trkpt lat="47.816061" lon="11.47933"><ele>624.5</ele></trkpt>
    <trkpt lat="47.81596" lon="11.479333"><ele>625.75</ele></trkpt>
    <trkpt lat="47.815824" lon="11.479334"><ele>627.5</ele></trkpt>
    <trkpt lat="47.81568" lon="11.479261"><ele>628.25</ele></trkpt>
    <trkpt lat="47.815389" lon="11.479054"><ele>628.5</ele></trkpt>
    <trkpt lat="47.815323" lon="11.479018"><ele>628.25</ele></trkpt>
    <trkpt lat="47.815073" lon="11.479053"><ele>631.5</ele></trkpt>
    <trkpt lat="47.81498" lon="11.479078"><ele>633.25</ele></trkpt>
    <trkpt lat="47.814542" lon="11.479025"><ele>636.25</ele></trkpt>
    <trkpt lat="47.814519" lon="11.479221"><ele>638.5</ele></trkpt>
    <trkpt lat="47.814402" lon="11.479664"><ele>641.75</ele></trkpt>
    <trkpt lat="47.814386" lon="11.479798"><ele>641.75</ele></trkpt>
    <trkpt lat="47.814374" lon="11.480054"><ele>641.5</ele></trkpt>
    <trkpt lat="47.814064" lon="11.480142"><ele>642.75</ele></trkpt>
    <trkpt lat="47.814014" lon="11.480152"><ele>643.5</ele></trkpt>
    <trkpt lat="47.814064" lon="11.480142"><ele>642.75</ele></trkpt>
    <trkpt lat="47.814374" lon="11.480054"><ele>641.5</ele></trkpt>
    <trkpt lat="47.814386" lon="11.479798"><ele>641.75</ele></trkpt>
    <trkpt lat="47.814402" lon="11.479664"><ele>641.75</ele></trkpt>
    <trkpt lat="47.814519" lon="11.479221"><ele>638.5</ele></trkpt>
    <trkpt lat="47.814542" lon="11.479025"><ele>636.25</ele></trkpt>
    <trkpt lat="47.81498" lon="11.479078"><ele>633.25</ele></trkpt>
    <trkpt lat="47.815073" lon="11.479053"><ele>631.5</ele></trkpt>
    <trkpt lat="47.815323" lon="11.479018"><ele>628.25</ele></trkpt>
    <trkpt lat="47.815389" lon="11.479054"><ele>628.5</ele></trkpt>
    <trkpt lat="47.81568" lon="11.479261"><ele>628.25</ele></trkpt>
    <trkpt lat="47.815824" lon="11.479334"><ele>627.5</ele></trkpt>
    <trkpt lat="47.81596" lon="11.479333"><ele>625.75</ele></trkpt>
    <trkpt lat="47.815961" lon="11.479385"><ele>626.0</ele></trkpt>
    <trkpt lat="47.815939" lon="11.479529"><ele>626.75</ele></trkpt>
    <trkpt lat="47.81589" lon="11.479672"><ele>628.5</ele></trkpt>
    <trkpt lat="47.815865" lon="11.479777"><ele>629.75</ele></trkpt>
    <trkpt lat="47.815871" lon="11.479848"><ele>630.0</ele></trkpt>
    <trkpt lat="47.815939" lon="11.479968"><ele>629.75</ele></trkpt>
    <trkpt lat="47.816077" lon="11.48013"><ele>628.75</ele></trkpt>
    <trkpt lat="47.816109" lon="11.480203"><ele>629.0</ele></trkpt>
    <trkpt lat="47.816122" lon="11.480297"><ele>629.75</ele></trkpt>
    <trkpt lat="47.816269" lon="11.480626"><ele>629.0</ele></trkpt>
    <trkpt lat="47.816328" lon="11.480667"><ele>628.5</ele></trkpt>
    <trkpt lat="47.81634" lon="11.480845"><ele>629.25</ele></trkpt>
    <trkpt lat="47.816344" lon="11.480978"><ele>629.25</ele></trkpt>
    <trkpt lat="47.816292" lon="11.481255"><ele>630.25</ele></trkpt>
    <trkpt lat="47.816287" lon="11.481296"><ele>630.5</ele></trkpt>
    <trkpt lat="47.816255" lon="11.48157"><ele>632.0</ele></trkpt>
    <trkpt lat="47.816199" lon="11.481984"><ele>632.75</ele></trkpt>
    <trkpt lat="47.816245" lon="11.482031"><ele>632.75</ele></trkpt>
    <trkpt lat="47.816291" lon="11.482222"><ele>633.25</ele></trkpt>
    <trkpt lat="47.816357" lon="11.482492"><ele>633.0</ele></trkpt>
    <trkpt lat="47.816453" lon="11.48278"><ele>633.0</ele></trkpt>
    <trkpt lat="47.81654" lon="11.482994"><ele>633.0</ele></trkpt>
    <trkpt lat="47.816841" lon="11.48357"><ele>632.0</ele></trkpt>
    <trkpt lat="47.816967" lon="11.483801"><ele>631.75</ele></trkpt>
    <trkpt lat="47.817098" lon="11.484047"><ele>632.0</ele></trkpt>
    <trkpt lat="47.817351" lon="11.484531"><ele>631.5</ele></trkpt>
    <trkpt lat="47.817642" lon="11.484972"><ele>630.25</ele></trkpt>
    <trkpt lat="47.818003" lon="11.485546"><ele>628.25</ele></trkpt>
    <trkpt lat="47.818257" lon="11.486037"><ele>625.75</ele></trkpt>
    <trkpt lat="47.818295" lon="11.486109"><ele>625.25</ele></trkpt>
    <trkpt lat="47.818423" lon="11.486437"><ele>623.75</ele></trkpt>
    <trkpt lat="47.818521" lon="11.48678"><ele>622.0</ele></trkpt>
    <trkpt lat="47.818534" lon="11.48688"><ele>622.0</ele></trkpt>
    <trkpt lat="47.81856" lon="11.487418"><ele>624.0</ele></trkpt>
    <trkpt lat="47.818571" lon="11.488003"><ele>628.25</ele></trkpt>
    <trkpt lat="47.818547" lon="11.488355"><ele>633.0</ele></trkpt>
    <trkpt lat="47.818534" lon="11.488678"><ele>634.75</ele></trkpt>
    <trkpt lat="47.818568" lon="11.488891"><ele>635.25</ele></trkpt>
    <trkpt lat="47.818589" lon="11.489024"><ele>635.5</ele></trkpt>
    <trkpt lat="47.818687" lon="11.489224"><ele>635.75</ele></trkpt>
    <trkpt lat="47.818732" lon="11.489295"><ele>636.0</ele></trkpt>
    <trkpt lat="47.818973" lon="11.489669"><ele>637.25</ele></trkpt>
    <trkpt lat="47.818994" lon="11.489706"><ele>637.5</ele></trkpt>
    <trkpt lat="47.819122" lon="11.489893"><ele>636.5</ele></trkpt>
    <trkpt lat="47.819203" lon="11.490038"><ele>636.5</ele></trkpt>
    <trkpt lat="47.81927" lon="11.490217"><ele>638.5</ele></trkpt>
    <trkpt lat="47.819449" lon="11.490728"><ele>639.5</ele></trkpt>
    <trkpt lat="47.81973" lon="11.491518"><ele>642.25</ele></trkpt>
    <trkpt lat="47.819991" lon="11.492106"><ele>643.5</ele></trkpt>
    <trkpt lat="47.820204" lon="11.49314"><ele>644.25</ele></trkpt>
    <trkpt lat="47.820411" lon="11.493702"><ele>643.75</ele></trkpt>
    <trkpt lat="47.82064" lon="11.494082"><ele>642.5</ele></trkpt>
    <trkpt lat="47.820898" lon="11.494322"><ele>642.0</ele></trkpt>
    <trkpt lat="47.821147" lon="11.494594"><ele>643.0</ele></trkpt>
    <trkpt lat="47.821281" lon="11.49463"><ele>643.0</ele></trkpt>
    <trkpt lat="47.821649" lon="11.494727"><ele>642.0</ele></trkpt>
    <trkpt lat="47.821761" lon="11.494861"><ele>641.5</ele></trkpt>
    <trkpt lat="47.821921" lon="11.495244"><ele>641.0</ele></trkpt>
    <trkpt lat="47.821945" lon="11.495387"><ele>640.75</ele></trkpt>
    <trkpt lat="47.821977" lon="11.495706"><ele>640.25</ele></trkpt>
    <trkpt lat="47.822033" lon="11.496077"><ele>639.5</ele></trkpt>
    <trkpt lat="47.822056" lon="11.496168"><ele>639.5</ele></trkpt>
    <trkpt lat="47.822122" lon="11.496327"><ele>639.5</ele></trkpt>
    <trkpt lat="47.822142" lon="11.4964"><ele>639.5</ele></trkpt>
    <trkpt lat="47.82216" lon="11.496499"><ele>639.5</ele></trkpt>
    <trkpt lat="47.822225" lon="11.497162"><ele>639.75</ele></trkpt>
    <trkpt lat="47.822253" lon="11.497327"><ele>639.75</ele></trkpt>
    <trkpt lat="47.822316" lon="11.497509"><ele>639.5</ele></trkpt>
    <trkpt lat="47.822424" lon="11.497755"><ele>640.0</ele></trkpt>
    <trkpt lat="47.822526" lon="11.497948"><ele>640.25</ele></trkpt>
    <trkpt lat="47.822829" lon="11.498479"><ele>641.5</ele></trkpt>
    <trkpt lat="47.822892" lon="11.498613"><ele>642.0</ele></trkpt>
    <trkpt lat="47.822974" lon="11.498827"><ele>642.5</ele></trkpt>
    <trkpt lat="47.823001" lon="11.49898"><ele>642.75</ele></trkpt>
    <trkpt lat="47.823034" lon="11.499252"><ele>643.25</ele></trkpt>
    <trkpt lat="47.823046" lon="11.499456"><ele>644.0</ele></trkpt>
    <trkpt lat="47.823036" lon="11.499952"><ele>644.0</ele></trkpt>
    <trkpt lat="47.822994" lon="11.500662"><ele>645.0</ele></trkpt>
    <trkpt lat="47.823014" lon="11.501079"><ele>644.5</ele></trkpt>
    <trkpt lat="47.822998" lon="11.501302"><ele>644.5</ele></trkpt>
    <trkpt lat="47.822939" lon="11.501565"><ele>644.25</ele></trkpt>
    <trkpt lat="47.822766" lon="11.502104"><ele>643.75</ele></trkpt>
    <trkpt lat="47.822723" lon="11.502424"><ele>643.5</ele></trkpt>
    <trkpt lat="47.822696" lon="11.502849"><ele>642.0</ele></trkpt>
    <trkpt lat="47.822704" lon="11.503186"><ele>641.0</ele></trkpt>
    <trkpt lat="47.822727" lon="11.503422"><ele>640.75</ele></trkpt>
    <trkpt lat="47.82276" lon="11.503633"><ele>640.75</ele></trkpt>
    <trkpt lat="47.822805" lon="11.50386"><ele>640.25</ele></trkpt>
    <trkpt lat="47.822958" lon="11.504418"><ele>640.0</ele></trkpt>
    <trkpt lat="47.823145" lon="11.505034"><ele>639.75</ele></trkpt>
    <trkpt lat="47.823385" lon="11.505885"><ele>639.25</ele></trkpt>
    <trkpt lat="47.823538" lon="11.506582"><ele>639.5</ele></trkpt>
    <trkpt lat="47.823598" lon="11.506895"><ele>639.75</ele></trkpt>
    <trkpt lat="47.823789" lon="11.507709"><ele>640.5</ele></trkpt>
    <trkpt lat="47.823919" lon="11.508166"><ele>639.25</ele></trkpt>
    <trkpt lat="47.824186" lon="11.509186"><ele>634.75</ele></trkpt>
    <trkpt lat="47.824416" lon="11.50997"><ele>631.0</ele></trkpt>
    <trkpt lat="47.824513" lon="11.51027"><ele>628.0</ele></trkpt>
    <trkpt lat="47.824783" lon="11.511121"><ele>625.75</ele></trkpt>
    <trkpt lat="47.824997" lon="11.511819"><ele>624.25</ele></trkpt>
    <trkpt lat="47.825044" lon="11.511941"><ele>623.75</ele></trkpt>
    <trkpt lat="47.825127" lon="11.51212"><ele>623.5</ele></trkpt>
    <trkpt lat="47.825179" lon="11.512211"><ele>623.25</ele></trkpt>
    <trkpt lat="47.82523" lon="11.512282"><ele>623.0</ele></trkpt>
    <trkpt lat="47.8253" lon="11.512358"><ele>622.75</ele></trkpt>
    <trkpt lat="47.82543" lon="11.512474"><ele>622.25</ele></trkpt>
    <trkpt lat="47.826077" lon="11.512987"><ele>621.75</ele></trkpt>
    <trkpt lat="47.826496" lon="11.513299"><ele>621.75</ele></trkpt>
    <trkpt lat="47.827351" lon="11.51386"><ele>621.5</ele></trkpt>
    <trkpt lat="47.827488" lon="11.513984"><ele>621.0</ele></trkpt>
    <trkpt lat="47.827582" lon="11.514199"><ele>620.5</ele></trkpt>
    <trkpt lat="47.827617" lon="11.51428"><ele>620.75</ele></trkpt>
    <trkpt lat="47.827761" lon="11.514609"><ele>621.0</ele></trkpt>
    <trkpt lat="47.827766" lon="11.514671"><ele>621.0</ele></trkpt>
    <trkpt lat="47.827744" lon="11.514767"><ele>621.0</ele></trkpt>
    <trkpt lat="47.827618" lon="11.51493"><ele>621.0</ele></trkpt>
    <trkpt lat="47.827529" lon="11.515058"><ele>621.0</ele></trkpt>
    <trkpt lat="47.827365" lon="11.515221"><ele>621.25</ele></trkpt>
    <trkpt lat="47.827169" lon="11.515431"><ele>621.75</ele></trkpt>
    <trkpt lat="47.826939" lon="11.515607"><ele>620.75</ele></trkpt>
    <trkpt lat="47.826898" lon="11.515899"><ele>619.5</ele></trkpt>
    <trkpt lat="47.826824" lon="11.516063"><ele>618.25</ele></trkpt>
    <trkpt lat="47.826674" lon="11.516234"><ele>618.0</ele></trkpt>
    <trkpt lat="47.826656" lon="11.516611"><ele>618.0</ele></trkpt>
    <trkpt lat="47.826679" lon="11.516942"><ele>617.0</ele></trkpt>
    <trkpt lat="47.82675" lon="11.517233"><ele>617.25</ele></trkpt>
    <trkpt lat="47.826795" lon="11.517548"><ele>616.75</ele></trkpt>
    <trkpt lat="47.826769" lon="11.5179"><ele>615.75</ele></trkpt>
    <trkpt lat="47.826735" lon="11.518109"><ele>615.75</ele></trkpt>
    <trkpt lat="47.82668" lon="11.518447"><ele>615.75</ele></trkpt>
    <trkpt lat="47.826646" lon="11.518854"><ele>616.0</ele></trkpt>
    <trkpt lat="47.826645" lon="11.519225"><ele>617.0</ele></trkpt>
    <trkpt lat="47.826644" lon="11.519648"><ele>615.5</ele></trkpt>
    <trkpt lat="47.826614" lon="11.519907"><ele>613.75</ele></trkpt>
    <trkpt lat="47.826516" lon="11.520146"><ele>613.5</ele></trkpt>
    <trkpt lat="47.825969" lon="11.520944"><ele>613.5</ele></trkpt>
    <trkpt lat="47.825656" lon="11.521429"><ele>613.5</ele></trkpt>
    <trkpt lat="47.82555" lon="11.521654"><ele>614.0</ele></trkpt>
    <trkpt lat="47.82538" lon="11.522083"><ele>613.5</ele></trkpt>
    <trkpt lat="47.825268" lon="11.522261"><ele>614.0</ele></trkpt>
    <trkpt lat="47.825152" lon="11.522385"><ele>614.25</ele></trkpt>
    <trkpt lat="47.824977" lon="11.522516"><ele>614.75</ele></trkpt>
    <trkpt lat="47.824784" lon="11.522495"><ele>614.75</ele></trkpt>
    <trkpt lat="47.824598" lon="11.522444"><ele>614.25</ele></trkpt>
    <trkpt lat="47.823999" lon="11.522062"><ele>617.75</ele></trkpt>
    <trkpt lat="47.823964" lon="11.52204"><ele>618.0</ele></trkpt>
    <trkpt lat="47.823659" lon="11.521771"><ele>622.5</ele></trkpt>
    <trkpt lat="47.823537" lon="11.521657"><ele>623.25</ele></trkpt>
    <trkpt lat="47.823413" lon="11.521561"><ele>623.25</ele></trkpt>
    <trkpt lat="47.823316" lon="11.521563"><ele>623.5</ele></trkpt>
    <trkpt lat="47.822908" lon="11.521643"><ele>623.75</ele></trkpt>
    <trkpt lat="47.822765" lon="11.521677"><ele>623.75</ele></trkpt>
    <trkpt lat="47.82251" lon="11.521688"><ele>623.75</ele></trkpt>
    <trkpt lat="47.822262" lon="11.521651"><ele>623.75</ele></trkpt>
    <trkpt lat="47.822101" lon="11.521643"><ele>623.75</ele></trkpt>
    <trkpt lat="47.821937" lon="11.521688"><ele>623.75</ele></trkpt>
    <trkpt lat="47.821685" lon="11.521779"><ele>625.75</ele></trkpt>
    <trkpt lat="47.821609" lon="11.521831"><ele>626.0</ele></trkpt>
    <trkpt lat="47.821447" lon="11.521973"><ele>626.0</ele></trkpt>
    <trkpt lat="47.821102" lon="11.522196"><ele>626.0</ele></trkpt>
    <trkpt lat="47.820754" lon="11.522366"><ele>626.0</ele></trkpt>
    <trkpt lat="47.820495" lon="11.522481"><ele>626.5</ele></trkpt>
    <trkpt lat="47.819921" lon="11.522684"><ele>626.0</ele></trkpt>
    <trkpt lat="47.819758" lon="11.522724"><ele>626.0</ele></trkpt>
    <trkpt lat="47.819265" lon="11.522739"><ele>627.0</ele></trkpt>
    <trkpt lat="47.818902" lon="11.522543"><ele>628.5</ele></trkpt>
    <trkpt lat="47.818629" lon="11.522084"><ele>628.75</ele></trkpt>
    <trkpt lat="47.818393" lon="11.521613"><ele>629.0</ele></trkpt>
    <trkpt lat="47.818286" lon="11.521448"><ele>629.0</ele></trkpt>
    <trkpt lat="47.818194" lon="11.521348"><ele>628.75</ele></trkpt>
    <trkpt lat="47.817994" lon="11.521209"><ele>628.25</ele></trkpt>
    <trkpt lat="47.817526" lon="11.520964"><ele>629.0</ele></trkpt>
    <trkpt lat="47.817245" lon="11.520833"><ele>629.0</ele></trkpt>
    <trkpt lat="47.816758" lon="11.520577"><ele>628.25</ele></trkpt>
    <trkpt lat="47.816273" lon="11.520357"><ele>630.25</ele></trkpt>
    <trkpt lat="47.816163" lon="11.520331"><ele>630.75</ele></trkpt>
    <trkpt lat="47.816096" lon="11.520345"><ele>631.0</ele></trkpt>
    <trkpt lat="47.816031" lon="11.519616"><ele>630.25</ele></trkpt>
    <trkpt lat="47.816001" lon="11.518653"><ele>630.0</ele></trkpt>
    <trkpt lat="47.815567" lon="11.518577"><ele>632.0</ele></trkpt>
    <trkpt lat="47.815171" lon="11.518435"><ele>632.0</ele></trkpt>
    <trkpt lat="47.815155" lon="11.51799"><ele>632.25</ele></trkpt>
    <trkpt lat="47.815196" lon="11.517337"><ele>632.0</ele></trkpt>
    <trkpt lat="47.814917" lon="11.517197"><ele>632.0</ele></trkpt>
    <trkpt lat="47.815183" lon="11.515503"><ele>631.0</ele></trkpt>
    <trkpt lat="47.814727" lon="11.51535"><ele>631.5</ele></trkpt>
    <trkpt lat="47.814508" lon="11.515286"><ele>631.0</ele></trkpt>
    <trkpt lat="47.814321" lon="11.515253"><ele>631.0</ele></trkpt>
    <trkpt lat="47.81407" lon="11.515226"><ele>631.0</ele></trkpt>
    <trkpt lat="47.813845" lon="11.515221"><ele>630.75</ele></trkpt>
    <trkpt lat="47.813263" lon="11.515254"><ele>630.75</ele></trkpt>
    <trkpt lat="47.812488" lon="11.515272"><ele>631.75</ele></trkpt>
    <trkpt lat="47.812305" lon="11.515272"><ele>631.75</ele></trkpt>
    <trkpt lat="47.81219" lon="11.515261"><ele>631.75</ele></trkpt>
    <trkpt lat="47.811888" lon="11.515198"><ele>631.5</ele></trkpt>
    <trkpt lat="47.811598" lon="11.515151"><ele>631.5</ele></trkpt>
    <trkpt lat="47.811266" lon="11.515138"><ele>631.25</ele></trkpt>
    <trkpt lat="47.811148" lon="11.515155"><ele>631.5</ele></trkpt>
    <trkpt lat="47.810956" lon="11.515222"><ele>631.5</ele></trkpt>
    <trkpt lat="47.810858" lon="11.515272"><ele>631.75</ele></trkpt>
    <trkpt lat="47.810505" lon="11.515568"><ele>632.75</ele></trkpt>
    <trkpt lat="47.810127" lon="11.515866"><ele>632.5</ele></trkpt>
    <trkpt lat="47.809912" lon="11.516004"><ele>632.5</ele></trkpt>
    <trkpt lat="47.809772" lon="11.51605"><ele>632.75</ele></trkpt>
    <trkpt lat="47.808622" lon="11.516275"><ele>637.0</ele></trkpt>
    <trkpt lat="47.808433" lon="11.516317"><ele>637.25</ele></trkpt>
    <trkpt lat="47.808163" lon="11.516432"><ele>637.5</ele></trkpt>
    <trkpt lat="47.808041" lon="11.516504"><ele>637.25</ele></trkpt>
    <trkpt lat="47.807923" lon="11.51659"><ele>637.0</ele></trkpt>
    <trkpt lat="47.807564" lon="11.516914"><ele>637.75</ele></trkpt>
    <trkpt lat="47.807228" lon="11.517198"><ele>637.75</ele></trkpt>
    <trkpt lat="47.807126" lon="11.517245"><ele>638.25</ele></trkpt>
    <trkpt lat="47.806953" lon="11.517298"><ele>639.0</ele></trkpt>
    <trkpt lat="47.806862" lon="11.517312"><ele>639.75</ele></trkpt>
    <trkpt lat="47.806738" lon="11.51732"><ele>640.75</ele></trkpt>
    <trkpt lat="47.806579" lon="11.517307"><ele>641.75</ele></trkpt>
    <trkpt lat="47.806241" lon="11.517227"><ele>644.0</ele></trkpt>
    <trkpt lat="47.80527" lon="11.516943"><ele>650.0</ele></trkpt>
    <trkpt lat="47.80299" lon="11.516492"><ele>661.25</ele></trkpt>
    <trkpt lat="47.80214" lon="11.516265"><ele>664.25</ele></trkpt>
    <trkpt lat="47.801911" lon="11.516175"><ele>665.0</ele></trkpt>
    <trkpt lat="47.801659" lon="11.516077"><ele>666.0</ele></trkpt>
    <trkpt lat="47.801463" lon="11.516"><ele>666.5</ele></trkpt>
    <trkpt lat="47.80067" lon="11.515657"><ele>670.0</ele></trkpt>
    <trkpt lat="47.800293" lon="11.515543"><ele>669.75</ele></trkpt>
    <trkpt lat="47.799977" lon="11.515551"><ele>668.75</ele></trkpt>
    <trkpt lat="47.799606" lon="11.515562"><ele>667.75</ele></trkpt>
    <trkpt lat="47.799334" lon="11.515569"><ele>667.75</ele></trkpt>
    <trkpt lat="47.799108" lon="11.515559"><ele>667.75</ele></trkpt>
    <trkpt lat="47.798736" lon="11.515475"><ele>668.0</ele></trkpt>
    <trkpt lat="47.798423" lon="11.515297"><ele>667.75</ele></trkpt>
    <trkpt lat="47.798175" lon="11.515107"><ele>667.5</ele></trkpt>
    <trkpt lat="47.797237" lon="11.514162"><ele>667.75</ele></trkpt>
    <trkpt lat="47.796988" lon="11.513927"><ele>666.75</ele></trkpt>
    <trkpt lat="47.796607" lon="11.513668"><ele>664.5</ele></trkpt>
    <trkpt lat="47.796329" lon="11.513531"><ele>663.5</ele></trkpt>
    <trkpt lat="47.796154" lon="11.513471"><ele>662.5</ele></trkpt>
    <trkpt lat="47.795544" lon="11.513397"><ele>657.5</ele></trkpt>
    <trkpt lat="47.795452" lon="11.513404"><ele>656.5</ele></trkpt>
    <trkpt lat="47.794832" lon="11.513417"><ele>650.25</ele></trkpt>
    <trkpt lat="47.794212" lon="11.513534"><ele>645.5</ele></trkpt>
    <trkpt lat="47.793726" lon="11.513808"><ele>641.75</ele></trkpt>
    <trkpt lat="47.792062" lon="11.515264"><ele>632.75</ele></trkpt>
    <trkpt lat="47.791769" lon="11.515537"><ele>633.0</ele></trkpt>
    <trkpt lat="47.791529" lon="11.515792"><ele>633.75</ele></trkpt>
    <trkpt lat="47.791334" lon="11.516027"><ele>634.25</ele></trkpt>
    <trkpt lat="47.791154" lon="11.516261"><ele>633.75</ele></trkpt>
    <trkpt lat="47.790866" lon="11.516682"><ele>634.5</ele></trkpt>
    <trkpt lat="47.790538" lon="11.517231"><ele>636.0</ele></trkpt>
    <trkpt lat="47.790192" lon="11.517921"><ele>636.0</ele></trkpt>
    <trkpt lat="47.788974" lon="11.520421"><ele>638.25</ele></trkpt>
    <trkpt lat="47.787723" lon="11.522953"><ele>641.0</ele></trkpt>
    <trkpt lat="47.787088" lon="11.524"><ele>645.25</ele></trkpt>
    <trkpt lat="47.786452" lon="11.524939"><ele>653.5</ele></trkpt>
    <trkpt lat="47.784851" lon="11.527064"><ele>672.0</ele></trkpt>
    <trkpt lat="47.784286" lon="11.527702"><ele>676.75</ele></trkpt>
    <trkpt lat="47.784178" lon="11.527839"><ele>677.0</ele></trkpt>
    <trkpt lat="47.783558" lon="11.529048"><ele>676.5</ele></trkpt>
    <trkpt lat="47.783681" lon="11.529292"><ele>676.75</ele></trkpt>
    <trkpt lat="47.78372" lon="11.529383"><ele>677.25</ele></trkpt>
    <trkpt lat="47.783779" lon="11.529586"><ele>677.75</ele></trkpt>
    <trkpt lat="47.783792" lon="11.529665"><ele>678.0</ele></trkpt>
    <trkpt lat="47.7838" lon="11.529766"><ele>678.25</ele></trkpt>
    <trkpt lat="47.783799" lon="11.529852"><ele>678.75</ele></trkpt>
    <trkpt lat="47.783713" lon="11.530906"><ele>681.5</ele></trkpt>
    <trkpt lat="47.783718" lon="11.531011"><ele>681.25</ele></trkpt>
    <trkpt lat="47.783635" lon="11.531612"><ele>675.75</ele></trkpt>
    <trkpt lat="47.783603" lon="11.531765"><ele>675.0</ele></trkpt>
    <trkpt lat="47.783547" lon="11.531933"><ele>676.0</ele></trkpt>
    <trkpt lat="47.783479" lon="11.532094"><ele>676.0</ele></trkpt>
    <trkpt lat="47.783387" lon="11.532242"><ele>674.25</ele></trkpt>
    <trkpt lat="47.783161" lon="11.532555"><ele>673.0</ele></trkpt>
    <trkpt lat="47.782955" lon="11.532888"><ele>672.5</ele></trkpt>
    <trkpt lat="47.782879" lon="11.533025"><ele>672.0</ele></trkpt>
    <trkpt lat="47.782808" lon="11.53317"><ele>671.0</ele></trkpt>
    <trkpt lat="47.782687" lon="11.533493"><ele>670.5</ele></trkpt>
    <trkpt lat="47.782659" lon="11.53362"><ele>671.0</ele></trkpt>
    <trkpt lat="47.782649" lon="11.533767"><ele>671.0</ele></trkpt>
    <trkpt lat="47.782657" lon="11.533955"><ele>670.5</ele></trkpt>
    <trkpt lat="47.782682" lon="11.534175"><ele>669.5</ele></trkpt>
    <trkpt lat="47.782791" lon="11.534655"><ele>667.5</ele></trkpt>
    <trkpt lat="47.782891" lon="11.535012"><ele>667.75</ele></trkpt>
    <trkpt lat="47.782972" lon="11.535411"><ele>665.5</ele></trkpt>
    <trkpt lat="47.782986" lon="11.535585"><ele>664.5</ele></trkpt>
    <trkpt lat="47.78298" lon="11.535872"><ele>664.0</ele></trkpt>
    <trkpt lat="47.782925" lon="11.53643"><ele>660.75</ele></trkpt>
    <trkpt lat="47.782925" lon="11.536684"><ele>659.25</ele></trkpt>
    <trkpt lat="47.782961" lon="11.537225"><ele>658.0</ele></trkpt>
    <trkpt lat="47.783036" lon="11.538289"><ele>653.5</ele></trkpt>
    <trkpt lat="47.783061" lon="11.53851"><ele>652.25</ele></trkpt>
    <trkpt lat="47.783106" lon="11.538909"><ele>650.5</ele></trkpt>
    <trkpt lat="47.783121" lon="11.539118"><ele>650.5</ele></trkpt>
    <trkpt lat="47.782609" lon="11.539218"><ele>650.5</ele></trkpt>
    <trkpt lat="47.782162" lon="11.539426"><ele>652.25</ele></trkpt>
    <trkpt lat="47.781854" lon="11.539507"><ele>652.75</ele></trkpt>
    <trkpt lat="47.781605" lon="11.539546"><ele>653.75</ele></trkpt>
    <trkpt lat="47.781342" lon="11.539551"><ele>654.75</ele></trkpt>
    <trkpt lat="47.781071" lon="11.539526"><ele>655.75</ele></trkpt>
    <trkpt lat="47.780825" lon="11.539462"><ele>656.75</ele></trkpt>
    <trkpt lat="47.780405" lon="11.539274"><ele>656.75</ele></trkpt>
    <trkpt lat="47.779999" lon="11.539016"><ele>658.75</ele></trkpt>
    <trkpt lat="47.779571" lon="11.538729"><ele>657.25</ele></trkpt>
    <trkpt lat="47.77911" lon="11.538502"><ele>656.0</ele></trkpt>
    <trkpt lat="47.77801" lon="11.53812"><ele>650.75</ele></trkpt>
    <trkpt lat="47.777466" lon="11.537953"><ele>648.75</ele></trkpt>
    <trkpt lat="47.776624" lon="11.537668"><ele>645.75</ele></trkpt>
    <trkpt lat="47.776354" lon="11.537586"><ele>644.25</ele></trkpt>
    <trkpt lat="47.776054" lon="11.537516"><ele>642.5</ele></trkpt>
    <trkpt lat="47.775861" lon="11.537496"><ele>642.0</ele></trkpt>
    <trkpt lat="47.775705" lon="11.53749"><ele>642.0</ele></trkpt>
    <trkpt lat="47.775636" lon="11.537487"><ele>642.0</ele></trkpt>
    <trkpt lat="47.775411" lon="11.537521"><ele>641.75</ele></trkpt>
    <trkpt lat="47.775253" lon="11.53755"><ele>641.75</ele></trkpt>
    <trkpt lat="47.774673" lon="11.537747"><ele>641.0</ele></trkpt>
    <trkpt lat="47.774353" lon="11.537841"><ele>640.75</ele></trkpt>
    <trkpt lat="47.773839" lon="11.537952"><ele>641.0</ele></trkpt>
    <trkpt lat="47.77368" lon="11.537996"><ele>641.0</ele></trkpt>
    <trkpt lat="47.772903" lon="11.538326"><ele>641.5</ele></trkpt>
    <trkpt lat="47.772509" lon="11.538454"><ele>641.5</ele></trkpt>
    <trkpt lat="47.772044" lon="11.53858"><ele>641.0</ele></trkpt>
    <trkpt lat="47.77185" lon="11.538663"><ele>641.25</ele></trkpt>
    <trkpt lat="47.771497" lon="11.53884"><ele>642.0</ele></trkpt>
    <trkpt lat="47.771234" lon="11.538907"><ele>642.25</ele></trkpt>
    <trkpt lat="47.770916" lon="11.538962"><ele>642.25</ele></trkpt>
    <trkpt lat="47.770637" lon="11.539071"><ele>642.5</ele></trkpt>
    <trkpt lat="47.770458" lon="11.539141"><ele>643.0</ele></trkpt>
    <trkpt lat="47.770336" lon="11.539187"><ele>642.75</ele></trkpt>
    <trkpt lat="47.770199" lon="11.539238"><ele>642.25</ele></trkpt>
    <trkpt lat="47.769687" lon="11.53942"><ele>643.25</ele></trkpt>
    <trkpt lat="47.769313" lon="11.53954"><ele>643.25</ele></trkpt>
    <trkpt lat="47.76909" lon="11.539588"><ele>643.5</ele></trkpt>
    <trkpt lat="47.768978" lon="11.539595"><ele>643.5</ele></trkpt>
    <trkpt lat="47.768338" lon="11.539489"><ele>645.0</ele></trkpt>
    <trkpt lat="47.768197" lon="11.539487"><ele>645.5</ele></trkpt>
    <trkpt lat="47.767915" lon="11.539533"><ele>645.0</ele></trkpt>
    <trkpt lat="47.767722" lon="11.539578"><ele>644.75</ele></trkpt>
    <trkpt lat="47.767378" lon="11.539642"><ele>645.5</ele></trkpt>
    <trkpt lat="47.767202" lon="11.539655"><ele>645.25</ele></trkpt>
    <trkpt lat="47.766934" lon="11.539615"><ele>645.5</ele></trkpt>
    <trkpt lat="47.766843" lon="11.539587"><ele>645.5</ele></trkpt>
    <trkpt lat="47.766758" lon="11.539549"><ele>645.5</ele></trkpt>
    <trkpt lat="47.766656" lon="11.539489"><ele>645.5</ele></trkpt>
    <trkpt lat="47.766455" lon="11.539352"><ele>645.0</ele></trkpt>
    <trkpt lat="47.766339" lon="11.539294"><ele>645.25</ele></trkpt>
    <trkpt lat="47.76621" lon="11.539248"><ele>645.5</ele></trkpt>
    <trkpt lat="47.765935" lon="11.53918"><ele>646.75</ele></trkpt>
    <trkpt lat="47.765398" lon="11.53921"><ele>646.25</ele></trkpt>
    <trkpt lat="47.765126" lon="11.539251"><ele>646.0</ele></trkpt>
    <trkpt lat="47.764967" lon="11.539294"><ele>646.0</ele></trkpt>
    <trkpt lat="47.764797" lon="11.53936"><ele>645.5</ele></trkpt>
    <trkpt lat="47.764665" lon="11.539438"><ele>644.75</ele></trkpt>
    <trkpt lat="47.764535" lon="11.539537"><ele>643.75</ele></trkpt>
    <trkpt lat="47.76444" lon="11.539641"><ele>643.25</ele></trkpt>
    <trkpt lat="47.764338" lon="11.539763"><ele>643.0</ele></trkpt>
    <trkpt lat="47.764143" lon="11.540054"><ele>643.0</ele></trkpt>
    <trkpt lat="47.764124" lon="11.540085"><ele>643.0</ele></trkpt>
    <trkpt lat="47.763991" lon="11.540429"><ele>642.75</ele></trkpt>
    <trkpt lat="47.763934" lon="11.540702"><ele>642.75</ele></trkpt>
    <trkpt lat="47.76388" lon="11.541105"><ele>643.0</ele></trkpt>
    <trkpt lat="47.763868" lon="11.541272"><ele>642.25</ele></trkpt>
    <trkpt lat="47.763861" lon="11.5415"><ele>642.0</ele></trkpt>
    <trkpt lat="47.763854" lon="11.541709"><ele>642.0</ele></trkpt>
    <trkpt lat="47.76383" lon="11.542138"><ele>642.0</ele></trkpt>
    <trkpt lat="47.763811" lon="11.542331"><ele>641.75</ele></trkpt>
    <trkpt lat="47.76378" lon="11.542564"><ele>641.25</ele></trkpt>
    <trkpt lat="47.763731" lon="11.542825"><ele>641.0</ele></trkpt>
    <trkpt lat="47.763718" lon="11.542906"><ele>641.0</ele></trkpt>
    <trkpt lat="47.763588" lon="11.543632"><ele>641.0</ele></trkpt>
    <trkpt lat="47.763492" lon="11.54402"><ele>642.0</ele></trkpt>
    <trkpt lat="47.763342" lon="11.544675"><ele>640.75</ele></trkpt>
    <trkpt lat="47.763274" lon="11.545015"><ele>641.0</ele></trkpt>
    <trkpt lat="47.763241" lon="11.545267"><ele>641.5</ele></trkpt>
    <trkpt lat="47.763211" lon="11.545573"><ele>641.5</ele></trkpt>
    <trkpt lat="47.763182" lon="11.546041"><ele>641.75</ele></trkpt>
    <trkpt lat="47.763155" lon="11.546675"><ele>642.5</ele></trkpt>
    <trkpt lat="47.763133" lon="11.546886"><ele>643.25</ele></trkpt>
    <trkpt lat="47.763103" lon="11.547077"><ele>644.0</ele></trkpt>
    <trkpt lat="47.763032" lon="11.547461"><ele>646.75</ele></trkpt>
    <trkpt lat="47.762872" lon="11.548065"><ele>648.75</ele></trkpt>
    <trkpt lat="47.762839" lon="11.548278"><ele>649.5</ele></trkpt>
    <trkpt lat="47.762794" lon="11.548735"><ele>650.25</ele></trkpt>
    <trkpt lat="47.762753" lon="11.549218"><ele>650.0</ele></trkpt>
    <trkpt lat="47.762664" lon="11.549872"><ele>648.75</ele></trkpt>
    <trkpt lat="47.762643" lon="11.550131"><ele>647.75</ele></trkpt>
    <trkpt lat="47.762627" lon="11.55036"><ele>647.0</ele></trkpt>
    <trkpt lat="47.762588" lon="11.550645"><ele>647.0</ele></trkpt>
    <trkpt lat="47.76256" lon="11.55076"><ele>647.0</ele></trkpt>
    <trkpt lat="47.762379" lon="11.551419"><ele>646.25</ele></trkpt>
    <trkpt lat="47.762161" lon="11.552226"><ele>643.0</ele></trkpt>
    <trkpt lat="47.762073" lon="11.552188"><ele>643.0</ele></trkpt>
    <trkpt lat="47.761894" lon="11.55219"><ele>643.25</ele></trkpt>
    <trkpt lat="47.761832" lon="11.552219"><ele>643.25</ele></trkpt>
    <trkpt lat="47.761734" lon="11.55232"><ele>643.25</ele></trkpt>
    <trkpt lat="47.761677" lon="11.552439"><ele>643.0</ele></trkpt>
    <trkpt lat="47.761553" lon="11.552663"><ele>643.75</ele></trkpt>
    <trkpt lat="47.761297" lon="11.553127"><ele>644.0</ele></trkpt>
    <trkpt lat="47.760911" lon="11.553722"><ele>644.75</ele></trkpt>
    <trkpt lat="47.760555" lon="11.554388"><ele>645.0</ele></trkpt>
    <trkpt lat="47.760431" lon="11.5546"><ele>645.5</ele></trkpt>
    <trkpt lat="47.76038" lon="11.554653"><ele>645.75</ele></trkpt>
    <trkpt lat="47.760332" lon="11.554701"><ele>645.75</ele></trkpt>
    <trkpt lat="47.760356" lon="11.554964"><ele>645.5</ele></trkpt>
    <trkpt lat="47.760335" lon="11.555224"><ele>645.0</ele></trkpt>
    <trkpt lat="47.760318" lon="11.555329"><ele>644.75</ele></trkpt>
    <trkpt lat="47.760273" lon="11.555508"><ele>645.0</ele></trkpt>
    <trkpt lat="47.760225" lon="11.555679"><ele>645.0</ele></trkpt>
    <trkpt lat="47.760177" lon="11.55583"><ele>645.0</ele></trkpt>
    <trkpt lat="47.76016" lon="11.555829"><ele>645.0</ele></trkpt>
    <trkpt lat="47.760129" lon="11.555845"><ele>645.0</ele></trkpt>
    <trkpt lat="47.760102" lon="11.555892"><ele>645.0</ele></trkpt>
    <trkpt lat="47.760097" lon="11.555953"><ele>645.0</ele></trkpt>
    <trkpt lat="47.760104" lon="11.555983"><ele>645.0</ele></trkpt>
    <trkpt lat="47.760134" lon="11.556026"><ele>645.0</ele></trkpt>
    <trkpt lat="47.760155" lon="11.556036"><ele>645.0</ele></trkpt>
    <trkpt lat="47.760196" lon="11.556027"><ele>645.0</ele></trkpt>
    <trkpt lat="47.760259" lon="11.556154"><ele>644.5</ele></trkpt>
    <trkpt lat="47.760684" lon="11.557208"><ele>645.0</ele></trkpt>
    <trkpt lat="47.760707" lon="11.557278"><ele>646.25</ele></trkpt>
    <trkpt lat="47.760728" lon="11.557358"><ele>647.5</ele></trkpt>
    <trkpt lat="47.760787" lon="11.557316"><ele>648.0</ele></trkpt>
    <trkpt lat="47.760884" lon="11.557619"><ele>650.0</ele></trkpt>
    <trkpt lat="47.760934" lon="11.557798"><ele>651.0</ele></trkpt>
    <trkpt lat="47.76096" lon="11.557959"><ele>651.75</ele></trkpt>
    <trkpt lat="47.76101" lon="11.558362"><ele>653.0</ele></trkpt>
    <trkpt lat="47.76103" lon="11.558584"><ele>654.25</ele></trkpt>
    <trkpt lat="47.76103" lon="11.558669"><ele>654.25</ele></trkpt>
    <trkpt lat="47.761049" lon="11.558907"><ele>655.25</ele></trkpt>
    <trkpt lat="47.761081" lon="11.559302"><ele>655.25</ele></trkpt>
    <trkpt lat="47.761016" lon="11.559317"><ele>655.0</ele></trkpt>
    <trkpt lat="47.76094" lon="11.559315"><ele>654.75</ele></trkpt>
    <trkpt lat="47.760722" lon="11.559343"><ele>654.5</ele></trkpt>
    <trkpt lat="47.760389" lon="11.559442"><ele>654.25</ele></trkpt>
    <trkpt lat="47.760329" lon="11.559439"><ele>654.0</ele></trkpt>
    <trkpt lat="47.760174" lon="11.559473"><ele>651.75</ele></trkpt>
    <trkpt lat="47.760098" lon="11.559608"><ele>651.25</ele></trkpt>
    <trkpt lat="47.759979" lon="11.559582"><ele>648.75</ele></trkpt>
    <trkpt lat="47.759893" lon="11.559577"><ele>648.0</ele></trkpt>
    <trkpt lat="47.759835" lon="11.559548"><ele>647.5</ele></trkpt>
    <trkpt lat="47.759779" lon="11.559627"><ele>647.25</ele></trkpt>
    <trkpt lat="47.75968" lon="11.559699"><ele>646.75</ele></trkpt>
    <trkpt lat="47.759594" lon="11.559812"><ele>647.0</ele></trkpt>
    <trkpt lat="47.759321" lon="11.560123"><ele>647.5</ele></trkpt>
    <trkpt lat="47.759236" lon="11.560155"><ele>647.0</ele></trkpt>
    <trkpt lat="47.759039" lon="11.560219"><ele>646.25</ele></trkpt>
    <trkpt lat="47.758994" lon="11.560255"><ele>646.25</ele></trkpt>
    <trkpt lat="47.758957" lon="11.560312"><ele>646.0</ele></trkpt>
    <trkpt lat="47.75892" lon="11.560406"><ele>646.0</ele></trkpt>
    <trkpt lat="47.758864" lon="11.560494"><ele>646.0</ele></trkpt>
    <trkpt lat="47.758758" lon="11.5606"><ele>647.0</ele></trkpt>
    <trkpt lat="47.75861" lon="11.560712"><ele>647.5</ele></trkpt>
    <trkpt lat="47.758562" lon="11.560742"><ele>647.5</ele></trkpt>
    <trkpt lat="47.75845" lon="11.560823"><ele>647.75</ele></trkpt>
    <trkpt lat="47.758369" lon="11.56087"><ele>648.5</ele></trkpt>
    <trkpt lat="47.757977" lon="11.561046"><ele>651.75</ele></trkpt>
    <trkpt lat="47.757879" lon="11.561092"><ele>652.5</ele></trkpt>
    <trkpt lat="47.757676" lon="11.561224"><ele>653.5</ele></trkpt>
    <trkpt lat="47.757508" lon="11.56131"><ele>653.75</ele></trkpt>
    <trkpt lat="47.757358" lon="11.561422"><ele>653.75</ele></trkpt>
    <trkpt lat="47.757256" lon="11.56151"><ele>653.75</ele></trkpt>
    <trkpt lat="47.757177" lon="11.5616"><ele>653.75</ele></trkpt>
    <trkpt lat="47.757144" lon="11.56165"><ele>653.75</ele></trkpt>
    <trkpt lat="47.75705" lon="11.561791"><ele>654.0</ele></trkpt>
    <trkpt lat="47.756966" lon="11.561954"><ele>654.0</ele></trkpt>
    <trkpt lat="47.756865" lon="11.562239"><ele>652.75</ele></trkpt>
    <trkpt lat="47.756792" lon="11.562471"><ele>652.25</ele></trkpt>
    <trkpt lat="47.756705" lon="11.562672"><ele>652.75</ele></trkpt>
    <trkpt lat="47.756611" lon="11.562866"><ele>652.75</ele></trkpt>
    <trkpt lat="47.756565" lon="11.56296"><ele>652.5</ele></trkpt>
    <trkpt lat="47.756406" lon="11.563286"><ele>653.5</ele></trkpt>
    <trkpt lat="47.756016" lon="11.563824"><ele>654.5</ele></trkpt>
    <trkpt lat="47.755897" lon="11.563989"><ele>654.75</ele></trkpt>
    <trkpt lat="47.755697" lon="11.564248"><ele>655.0</ele></trkpt>
    <trkpt lat="47.755594" lon="11.564413"><ele>655.0</ele></trkpt>
    <trkpt lat="47.755346" lon="11.564788"><ele>655.0</ele></trkpt>
    <trkpt lat="47.755122" lon="11.565124"><ele>655.0</ele></trkpt>
    <trkpt lat="47.754921" lon="11.565405"><ele>655.25</ele></trkpt>
    <trkpt lat="47.754877" lon="11.565466"><ele>655.5</ele></trkpt>
    <trkpt lat="47.754747" lon="11.565648"><ele>656.0</ele></trkpt>
    <trkpt lat="47.754722" lon="11.565693"><ele>656.0</ele></trkpt>
    <trkpt lat="47.754613" lon="11.565905"><ele>656.0</ele></trkpt>
    <trkpt lat="47.754512" lon="11.566038"><ele>656.0</ele></trkpt>
    <trkpt lat="47.754314" lon="11.566335"><ele>656.0</ele></trkpt>
    <trkpt lat="47.754152" lon="11.566494"><ele>656.0</ele></trkpt>
    <trkpt lat="47.7538" lon="11.566862"><ele>655.75</ele></trkpt>
    <trkpt lat="47.753737" lon="11.56692"><ele>655.5</ele></trkpt>
    <trkpt lat="47.753572" lon="11.567073"><ele>655.25</ele></trkpt>
    <trkpt lat="47.753147" lon="11.567387"><ele>655.25</ele></trkpt>
    <trkpt lat="47.753049" lon="11.567421"><ele>654.75</ele></trkpt>
    <trkpt lat="47.752942" lon="11.567442"><ele>653.25</ele></trkpt>
    <trkpt lat="47.752791" lon="11.567448"><ele>651.0</ele></trkpt>
    <trkpt lat="47.752711" lon="11.567445"><ele>651.5</ele></trkpt>
    <trkpt lat="47.752676" lon="11.567532"><ele>652.25</ele></trkpt>
    <trkpt lat="47.752576" lon="11.567735"><ele>651.75</ele></trkpt>
    <trkpt lat="47.752516" lon="11.567815"><ele>650.75</ele></trkpt>
    <trkpt lat="47.752426" lon="11.567902"><ele>651.75</ele></trkpt>
    <trkpt lat="47.752053" lon="11.568208"><ele>652.0</ele></trkpt>
    <trkpt lat="47.751813" lon="11.568399"><ele>652.75</ele></trkpt>
    <trkpt lat="47.751728" lon="11.568338"><ele>652.0</ele></trkpt>
    <trkpt lat="47.751441" lon="11.568383"><ele>651.5</ele></trkpt>
    <trkpt lat="47.750768" lon="11.568584"><ele>652.25</ele></trkpt>
    <trkpt lat="47.750446" lon="11.568694"><ele>652.75</ele></trkpt>
    <trkpt lat="47.750151" lon="11.568823"><ele>653.5</ele></trkpt>
    <trkpt lat="47.750091" lon="11.56885"><ele>653.5</ele></trkpt>
    <trkpt lat="47.749626" lon="11.568962"><ele>654.0</ele></trkpt>
    <trkpt lat="47.748774" lon="11.569109"><ele>652.75</ele></trkpt>
    <trkpt lat="47.748668" lon="11.569113"><ele>652.75</ele></trkpt>
    <trkpt lat="47.748659" lon="11.568939"><ele>652.0</ele></trkpt>
    <trkpt lat="47.748633" lon="11.568717"><ele>651.75</ele></trkpt>
    <trkpt lat="47.748305" lon="11.568808"><ele>652.0</ele></trkpt>
    <trkpt lat="47.748033" lon="11.568865"><ele>652.0</ele></trkpt>
    <trkpt lat="47.747776" lon="11.568934"><ele>653.0</ele></trkpt>
    <trkpt lat="47.747487" lon="11.568995"><ele>653.0</ele></trkpt>
    <trkpt lat="47.747409" lon="11.569024"><ele>653.0</ele></trkpt>
    <trkpt lat="47.747133" lon="11.569122"><ele>653.0</ele></trkpt>
    <trkpt lat="47.74687" lon="11.569212"><ele>653.0</ele></trkpt>
    <trkpt lat="47.746545" lon="11.569353"><ele>653.0</ele></trkpt>
    <trkpt lat="47.746421" lon="11.569397"><ele>653.0</ele></trkpt>
    <trkpt lat="47.746387" lon="11.569412"><ele>653.0</ele></trkpt>
    <trkpt lat="47.746115" lon="11.569548"><ele>653.75</ele></trkpt>
    <trkpt lat="47.745948" lon="11.569631"><ele>654.0</ele></trkpt>
    <trkpt lat="47.745827" lon="11.569676"><ele>654.0</ele></trkpt>
    <trkpt lat="47.745651" lon="11.569749"><ele>654.0</ele></trkpt>
    <trkpt lat="47.745564" lon="11.569778"><ele>654.0</ele></trkpt>
    <trkpt lat="47.745441" lon="11.569799"><ele>654.0</ele></trkpt>
    <trkpt lat="47.745324" lon="11.569786"><ele>654.0</ele></trkpt>
    <trkpt lat="47.744975" lon="11.569842"><ele>653.75</ele></trkpt>
    <trkpt lat="47.74492" lon="11.569841"><ele>653.75</ele></trkpt>
    <trkpt lat="47.744816" lon="11.56986"><ele>653.5</ele></trkpt>
    <trkpt lat="47.74449" lon="11.569933"><ele>653.75</ele></trkpt>
    <trkpt lat="47.744401" lon="11.569956"><ele>653.75</ele></trkpt>
    <trkpt lat="47.744346" lon="11.569984"><ele>653.75</ele></trkpt>
    <trkpt lat="47.744339" lon="11.569821"><ele>653.25</ele></trkpt>
    <trkpt lat="47.74429" lon="11.569184"><ele>653.0</ele></trkpt>
    <trkpt lat="47.744268" lon="11.569094"><ele>652.75</ele></trkpt>
    <trkpt lat="47.744243" lon="11.568997"><ele>652.75</ele></trkpt>
    <trkpt lat="47.744241" lon="11.568707"><ele>651.75</ele></trkpt>
    <trkpt lat="47.744231" lon="11.568552"><ele>651.0</ele></trkpt>
    <trkpt lat="47.7442" lon="11.568229"><ele>650.75</ele></trkpt>
    <trkpt lat="47.744174" lon="11.568086"><ele>650.75</ele></trkpt>
    <trkpt lat="47.744151" lon="11.56801"><ele>650.75</ele></trkpt>
    <trkpt lat="47.744116" lon="11.567932"><ele>650.5</ele></trkpt>
    <trkpt lat="47.744073" lon="11.567874"><ele>650.5</ele></trkpt>
    <trkpt lat="47.743902" lon="11.567719"><ele>650.75</ele></trkpt>
    <trkpt lat="47.743811" lon="11.567654"><ele>650.5</ele></trkpt>
    <trkpt lat="47.74342" lon="11.567433"><ele>651.0</ele></trkpt>
    <trkpt lat="47.743381" lon="11.567296"><ele>651.0</ele></trkpt>
    <trkpt lat="47.742311" lon="11.566946"><ele>650.75</ele></trkpt>
    <trkpt lat="47.741576" lon="11.566621"><ele>650.5</ele></trkpt>
    <trkpt lat="47.741513" lon="11.566617"><ele>650.25</ele></trkpt>
    <trkpt lat="47.74146" lon="11.566639"><ele>650.25</ele></trkpt>
    <trkpt lat="47.741357" lon="11.566583"><ele>650.25</ele></trkpt>
    <trkpt lat="47.741322" lon="11.566728"><ele>650.25</ele></trkpt>
    <trkpt lat="47.741283" lon="11.566835"><ele>650.75</ele></trkpt>
    <trkpt lat="47.741227" lon="11.566948"><ele>651.0</ele></trkpt>
    <trkpt lat="47.741175" lon="11.567014"><ele>651.0</ele></trkpt>
    <trkpt lat="47.741112" lon="11.567063"><ele>651.0</ele></trkpt>
    <trkpt lat="47.741047" lon="11.567099"><ele>651.0</ele></trkpt>
    <trkpt lat="47.74098" lon="11.567118"><ele>651.25</ele></trkpt>
    <trkpt lat="47.740843" lon="11.567127"><ele>651.5</ele></trkpt>
    <trkpt lat="47.740444" lon="11.567074"><ele>651.0</ele></trkpt>
    <trkpt lat="47.740303" lon="11.567076"><ele>651.25</ele></trkpt>
    <trkpt lat="47.740183" lon="11.567097"><ele>651.5</ele></trkpt>
    <trkpt lat="47.73997" lon="11.567221"><ele>651.75</ele></trkpt>
    <trkpt lat="47.739764" lon="11.56737"><ele>653.0</ele></trkpt>
    <trkpt lat="47.739491" lon="11.567607"><ele>654.0</ele></trkpt>
    <trkpt lat="47.739413" lon="11.567683"><ele>654.0</ele></trkpt>
    <trkpt lat="47.739252" lon="11.567812"><ele>654.5</ele></trkpt>
    <trkpt lat="47.739162" lon="11.567884"><ele>655.0</ele></trkpt>
    <trkpt lat="47.738991" lon="11.567978"><ele>655.0</ele></trkpt>
    <trkpt lat="47.738838" lon="11.568073"><ele>655.0</ele></trkpt>
    <trkpt lat="47.73841" lon="11.568261"><ele>655.0</ele></trkpt>
    <trkpt lat="47.738203" lon="11.568376"><ele>655.0</ele></trkpt>
    <trkpt lat="47.737823" lon="11.568584"><ele>655.0</ele></trkpt>
    <trkpt lat="47.737732" lon="11.568622"><ele>655.0</ele></trkpt>
    <trkpt lat="47.737592" lon="11.568681"><ele>655.0</ele></trkpt>
    <trkpt lat="47.7373" lon="11.568827"><ele>655.0</ele></trkpt>
    <trkpt lat="47.73714" lon="11.568902"><ele>655.0</ele></trkpt>
    <trkpt lat="47.736229" lon="11.569435"><ele>655.5</ele></trkpt>
    <trkpt lat="47.736149" lon="11.569487"><ele>655.5</ele></trkpt>
    <trkpt lat="47.735905" lon="11.569683"><ele>655.75</ele></trkpt>
    <trkpt lat="47.73578" lon="11.569795"><ele>656.0</ele></trkpt>
    <trkpt lat="47.735557" lon="11.570022"><ele>657.0</ele></trkpt>
    <trkpt lat="47.735423" lon="11.570111"><ele>657.5</ele></trkpt>
    <trkpt lat="47.735263" lon="11.57019"><ele>658.0</ele></trkpt>
    <trkpt lat="47.734999" lon="11.570316"><ele>658.75</ele></trkpt>
    <trkpt lat="47.734827" lon="11.570397"><ele>658.75</ele></trkpt>
    <trkpt lat="47.734671" lon="11.570459"><ele>659.0</ele></trkpt>
    <trkpt lat="47.734566" lon="11.570513"><ele>659.0</ele></trkpt>
    <trkpt lat="47.734482" lon="11.57054"><ele>659.0</ele></trkpt>
    <trkpt lat="47.734352" lon="11.570592"><ele>659.25</ele></trkpt>
    <trkpt lat="47.733954" lon="11.570709"><ele>660.0</ele></trkpt>
    <trkpt lat="47.733709" lon="11.570781"><ele>660.0</ele></trkpt>
    <trkpt lat="47.733448" lon="11.570874"><ele>660.0</ele></trkpt>
    <trkpt lat="47.73324" lon="11.570994"><ele>660.0</ele></trkpt>
    <trkpt lat="47.733088" lon="11.571093"><ele>660.75</ele></trkpt>
    <trkpt lat="47.732925" lon="11.571217"><ele>661.5</ele></trkpt>
    <trkpt lat="47.732652" lon="11.571406"><ele>662.0</ele></trkpt>
    <trkpt lat="47.732548" lon="11.571465"><ele>662.0</ele></trkpt>
    <trkpt lat="47.732173" lon="11.571698"><ele>663.25</ele></trkpt>
    <trkpt lat="47.732041" lon="11.571769"><ele>664.0</ele></trkpt>
    <trkpt lat="47.731954" lon="11.571801"><ele>664.25</ele></trkpt>
    <trkpt lat="47.731791" lon="11.57187"><ele>665.25</ele></trkpt>
    <trkpt lat="47.73169" lon="11.571888"><ele>665.25</ele></trkpt>
    <trkpt lat="47.731577" lon="11.571885"><ele>665.75</ele></trkpt>
    <trkpt lat="47.731129" lon="11.571823"><ele>667.5</ele></trkpt>
    <trkpt lat="47.730979" lon="11.571819"><ele>668.5</ele></trkpt>
    <trkpt lat="47.730914" lon="11.571799"><ele>668.75</ele></trkpt>
    <trkpt lat="47.730834" lon="11.571783"><ele>669.25</ele></trkpt>
    <trkpt lat="47.730417" lon="11.571642"><ele>670.25</ele></trkpt>
    <trkpt lat="47.729949" lon="11.571481"><ele>671.25</ele></trkpt>
    <trkpt lat="47.729823" lon="11.57143"><ele>672.25</ele></trkpt>
    <trkpt lat="47.72746" lon="11.570525"><ele>672.75</ele></trkpt>
    <trkpt lat="47.72625" lon="11.570071"><ele>672.5</ele></trkpt>
    <trkpt lat="47.725996" lon="11.56997"><ele>672.75</ele></trkpt>
    <trkpt lat="47.725754" lon="11.569851"><ele>672.5</ele></trkpt>
    <trkpt lat="47.725552" lon="11.569715"><ele>673.75</ele></trkpt>
    <trkpt lat="47.725334" lon="11.569538"><ele>672.25</ele></trkpt>
    <trkpt lat="47.724755" lon="11.568965"><ele>671.75</ele></trkpt>
    <trkpt lat="47.724499" lon="11.568668"><ele>672.5</ele></trkpt>
    <trkpt lat="47.724087" lon="11.568229"><ele>672.0</ele></trkpt>
    <trkpt lat="47.723887" lon="11.568038"><ele>673.5</ele></trkpt>
    <trkpt lat="47.723681" lon="11.567883"><ele>673.0</ele></trkpt>
    <trkpt lat="47.723309" lon="11.567624"><ele>672.75</ele></trkpt>
    <trkpt lat="47.723085" lon="11.567503"><ele>674.5</ele></trkpt>
    <trkpt lat="47.722734" lon="11.567335"><ele>672.75</ele></trkpt>
    <trkpt lat="47.722529" lon="11.567263"><ele>673.0</ele></trkpt>
    <trkpt lat="47.722121" lon="11.567191"><ele>672.5</ele></trkpt>
    <trkpt lat="47.721912" lon="11.567176"><ele>672.5</ele></trkpt>
    <trkpt lat="47.721568" lon="11.56718"><ele>671.75</ele></trkpt>
    <trkpt lat="47.721411" lon="11.567156"><ele>671.75</ele></trkpt>
    <trkpt lat="47.721359" lon="11.567147"><ele>671.75</ele></trkpt>
    <trkpt lat="47.721247" lon="11.567112"><ele>671.75</ele></trkpt>
    <trkpt lat="47.721017" lon="11.56701"><ele>671.5</ele></trkpt>
    <trkpt lat="47.720742" lon="11.566859"><ele>671.0</ele></trkpt>
    <trkpt lat="47.72056" lon="11.566771"><ele>671.5</ele></trkpt>
    <trkpt lat="47.7202" lon="11.566609"><ele>671.75</ele></trkpt>
    <trkpt lat="47.719681" lon="11.566462"><ele>671.75</ele></trkpt>
    <trkpt lat="47.719593" lon="11.56645"><ele>671.75</ele></trkpt>
    <trkpt lat="47.719492" lon="11.566438"><ele>671.5</ele></trkpt>
    <trkpt lat="47.71939" lon="11.566425"><ele>671.5</ele></trkpt>
    <trkpt lat="47.71876" lon="11.566397"><ele>672.0</ele></trkpt>
    <trkpt lat="47.718319" lon="11.5664"><ele>673.0</ele></trkpt>
    <trkpt lat="47.718003" lon="11.566389"><ele>674.0</ele></trkpt>
    <trkpt lat="47.717776" lon="11.566382"><ele>674.0</ele></trkpt>
    <trkpt lat="47.717644" lon="11.566398"><ele>674.5</ele></trkpt>
    <trkpt lat="47.717451" lon="11.566426"><ele>675.25</ele></trkpt>
    <trkpt lat="47.717256" lon="11.566482"><ele>676.0</ele></trkpt>
    <trkpt lat="47.716936" lon="11.566559"><ele>676.75</ele></trkpt>
    <trkpt lat="47.716093" lon="11.566797"><ele>676.75</ele></trkpt>
    <trkpt lat="47.715735" lon="11.566867"><ele>676.5</ele></trkpt>
    <trkpt lat="47.715382" lon="11.566913"><ele>677.25</ele></trkpt>
    <trkpt lat="47.71479" lon="11.566962"><ele>678.25</ele></trkpt>
    <trkpt lat="47.714136" lon="11.567018"><ele>676.75</ele></trkpt>
    <trkpt lat="47.713534" lon="11.567049"><ele>677.5</ele></trkpt>
    <trkpt lat="47.713163" lon="11.567051"><ele>676.75</ele></trkpt>
    <trkpt lat="47.712996" lon="11.567048"><ele>676.75</ele></trkpt>
    <trkpt lat="47.712902" lon="11.567066"><ele>677.5</ele></trkpt>
    <trkpt lat="47.71283" lon="11.567081"><ele>678.0</ele></trkpt>
    <trkpt lat="47.712676" lon="11.567131"><ele>677.5</ele></trkpt>
    <trkpt lat="47.712437" lon="11.567202"><ele>676.75</ele></trkpt>
    <trkpt lat="47.712178" lon="11.567281"><ele>675.5</ele></trkpt>
    <trkpt lat="47.711767" lon="11.567266"><ele>675.5</ele></trkpt>
    <trkpt lat="47.711428" lon="11.567233"><ele>676.0</ele></trkpt>
    <trkpt lat="47.711196" lon="11.567204"><ele>676.0</ele></trkpt>
    <trkpt lat="47.710938" lon="11.567189"><ele>676.25</ele></trkpt>
    <trkpt lat="47.710696" lon="11.56716"><ele>675.75</ele></trkpt>
    <trkpt lat="47.70998" lon="11.567157"><ele>675.75</ele></trkpt>
    <trkpt lat="47.709218" lon="11.567169"><ele>677.0</ele></trkpt>
    <trkpt lat="47.709132" lon="11.567161"><ele>676.75</ele></trkpt>
    <trkpt lat="47.708995" lon="11.567159"><ele>676.0</ele></trkpt>
    <trkpt lat="47.708157" lon="11.567167"><ele>677.75</ele></trkpt>
    <trkpt lat="47.707912" lon="11.567119"><ele>678.25</ele></trkpt>
    <trkpt lat="47.707601" lon="11.566992"><ele>679.75</ele></trkpt>
    <trkpt lat="47.707491" lon="11.566966"><ele>680.0</ele></trkpt>
    <trkpt lat="47.707334" lon="11.566962"><ele>680.0</ele></trkpt>
    <trkpt lat="47.70724" lon="11.566976"><ele>680.0</ele></trkpt>
    <trkpt lat="47.707157" lon="11.567012"><ele>679.0</ele></trkpt>
    <trkpt lat="47.707036" lon="11.567099"><ele>678.25</ele></trkpt>
    <trkpt lat="47.70678" lon="11.56734"><ele>677.5</ele></trkpt>
    <trkpt lat="47.706637" lon="11.567453"><ele>677.5</ele></trkpt>
    <trkpt lat="47.706537" lon="11.567521"><ele>677.75</ele></trkpt>
    <trkpt lat="47.706399" lon="11.567588"><ele>677.25</ele></trkpt>
    <trkpt lat="47.706254" lon="11.567642"><ele>676.5</ele></trkpt>
    <trkpt lat="47.705944" lon="11.567714"><ele>674.25</ele></trkpt>
    <trkpt lat="47.705101" lon="11.567888"><ele>672.5</ele></trkpt>
    <trkpt lat="47.704684" lon="11.567987"><ele>671.5</ele></trkpt>
    <trkpt lat="47.704256" lon="11.568093"><ele>671.25</ele></trkpt>
    <trkpt lat="47.704048" lon="11.568157"><ele>671.0</ele></trkpt>
    <trkpt lat="47.703746" lon="11.568301"><ele>670.75</ele></trkpt>
    <trkpt lat="47.70289" lon="11.568845"><ele>673.0</ele></trkpt>
    <trkpt lat="47.702464" lon="11.569131"><ele>673.75</ele></trkpt>
    <trkpt lat="47.70191" lon="11.569499"><ele>674.25</ele></trkpt>
    <trkpt lat="47.700992" lon="11.570089"><ele>676.5</ele></trkpt>
    <trkpt lat="47.700692" lon="11.570272"><ele>677.25</ele></trkpt>
    <trkpt lat="47.70035" lon="11.570494"><ele>677.75</ele></trkpt>
    <trkpt lat="47.70023" lon="11.570562"><ele>677.75</ele></trkpt>
    <trkpt lat="47.699965" lon="11.570689"><ele>678.0</ele></trkpt>
    <trkpt lat="47.699657" lon="11.570769"><ele>679.5</ele></trkpt>
    <trkpt lat="47.69948" lon="11.570811"><ele>679.0</ele></trkpt>
    <trkpt lat="47.699443" lon="11.57082"><ele>678.75</ele></trkpt>
    <trkpt lat="47.699223" lon="11.570891"><ele>678.0</ele></trkpt>
    <trkpt lat="47.698941" lon="11.57092"><ele>677.0</ele></trkpt>
    <trkpt lat="47.698551" lon="11.570929"><ele>677.0</ele></trkpt>
    <trkpt lat="47.698345" lon="11.570904"><ele>677.0</ele></trkpt>
    <trkpt lat="47.698248" lon="11.570893"><ele>676.75</ele></trkpt>
    <trkpt lat="47.697794" lon="11.570816"><ele>675.0</ele></trkpt>
    <trkpt lat="47.697237" lon="11.570722"><ele>674.0</ele></trkpt>
    <trkpt lat="47.696073" lon="11.570543"><ele>673.0</ele></trkpt>
    <trkpt lat="47.694761" lon="11.570324"><ele>673.0</ele></trkpt>
    <trkpt lat="47.694387" lon="11.57027"><ele>673.75</ele></trkpt>
    <trkpt lat="47.69414" lon="11.57026"><ele>673.75</ele></trkpt>
    <trkpt lat="47.693609" lon="11.570269"><ele>673.75</ele></trkpt>
    <trkpt lat="47.693369" lon="11.570263"><ele>673.75</ele></trkpt>
    <trkpt lat="47.693123" lon="11.570289"><ele>674.0</ele></trkpt>
    <trkpt lat="47.69297" lon="11.570336"><ele>674.0</ele></trkpt>
    <trkpt lat="47.692822" lon="11.570406"><ele>674.0</ele></trkpt>
    <trkpt lat="47.692568" lon="11.57065"><ele>674.0</ele></trkpt>
    <trkpt lat="47.692233" lon="11.571015"><ele>674.5</ele></trkpt>
    <trkpt lat="47.69184" lon="11.571446"><ele>675.0</ele></trkpt>
    <trkpt lat="47.691692" lon="11.57155"><ele>675.5</ele></trkpt>
    <trkpt lat="47.691492" lon="11.571636"><ele>676.25</ele></trkpt>
    <trkpt lat="47.69114" lon="11.571771"><ele>676.75</ele></trkpt>
    <trkpt lat="47.690952" lon="11.571827"><ele>677.5</ele></trkpt>
    <trkpt lat="47.690779" lon="11.571879"><ele>678.0</ele></trkpt>
    <trkpt lat="47.690597" lon="11.571964"><ele>678.0</ele></trkpt>
    <trkpt lat="47.690478" lon="11.572054"><ele>677.75</ele></trkpt>
    <trkpt lat="47.69033" lon="11.57217"><ele>677.75</ele></trkpt>
    <trkpt lat="47.690188" lon="11.572294"><ele>677.25</ele></trkpt>
    <trkpt lat="47.689968" lon="11.572478"><ele>676.75</ele></trkpt>
    <trkpt lat="47.689713" lon="11.572692"><ele>676.5</ele></trkpt>
    <trkpt lat="47.689425" lon="11.572844"><ele>676.0</ele></trkpt>
    <trkpt lat="47.689168" lon="11.572953"><ele>676.0</ele></trkpt>
    <trkpt lat="47.689068" lon="11.572988"><ele>676.0</ele></trkpt>
    <trkpt lat="47.688843" lon="11.573031"><ele>676.0</ele></trkpt>
    <trkpt lat="47.688597" lon="11.573071"><ele>676.0</ele></trkpt>
    <trkpt lat="47.688516" lon="11.573103"><ele>676.0</ele></trkpt>
    <trkpt lat="47.688303" lon="11.573193"><ele>676.0</ele></trkpt>
    <trkpt lat="47.688009" lon="11.573325"><ele>676.0</ele></trkpt>
    <trkpt lat="47.687964" lon="11.573347"><ele>676.0</ele></trkpt>
    <trkpt lat="47.687621" lon="11.573509"><ele>676.25</ele></trkpt>
    <trkpt lat="47.687404" lon="11.573612"><ele>676.5</ele></trkpt>
    <trkpt lat="47.686746" lon="11.574089"><ele>676.0</ele></trkpt>
    <trkpt lat="47.686561" lon="11.574224"><ele>676.0</ele></trkpt>
    <trkpt lat="47.686417" lon="11.574328"><ele>676.5</ele></trkpt>
    <trkpt lat="47.686309" lon="11.574388"><ele>676.75</ele></trkpt>
    <trkpt lat="47.686133" lon="11.574414"><ele>676.75</ele></trkpt>
    <trkpt lat="47.686095" lon="11.574404"><ele>677.0</ele></trkpt>
    <trkpt lat="47.686049" lon="11.574392"><ele>677.0</ele></trkpt>
    <trkpt lat="47.685954" lon="11.574319"><ele>677.0</ele></trkpt>
    <trkpt lat="47.68591" lon="11.574265"><ele>677.0</ele></trkpt>
    <trkpt lat="47.685895" lon="11.574227"><ele>677.0</ele></trkpt>
    <trkpt lat="47.685813" lon="11.573896"><ele>676.75</ele></trkpt>
    <trkpt lat="47.685789" lon="11.573762"><ele>677.0</ele></trkpt>
    <trkpt lat="47.685779" lon="11.573657"><ele>677.0</ele></trkpt>
    <trkpt lat="47.685759" lon="11.57352"><ele>677.0</ele></trkpt>
    <trkpt lat="47.685722" lon="11.573264"><ele>677.0</ele></trkpt>
    <trkpt lat="47.685688" lon="11.573228"><ele>677.0</ele></trkpt>
    <trkpt lat="47.685637" lon="11.573219"><ele>677.0</ele></trkpt>
    <trkpt lat="47.684684" lon="11.57331"><ele>677.0</ele></trkpt>
    <trkpt lat="47.68347" lon="11.573449"><ele>677.0</ele></trkpt>
    <trkpt lat="47.683135" lon="11.573488"><ele>677.75</ele></trkpt>
    <trkpt lat="47.683097" lon="11.573492"><ele>677.75</ele></trkpt>
    <trkpt lat="47.68294" lon="11.573512"><ele>678.0</ele></trkpt>
    <trkpt lat="47.682741" lon="11.573538"><ele>678.0</ele></trkpt>
    <trkpt lat="47.682639" lon="11.57355"><ele>678.0</ele></trkpt>
    <trkpt lat="47.68254" lon="11.57355"><ele>678.0</ele></trkpt>
    <trkpt lat="47.682491" lon="11.57355"><ele>678.0</ele></trkpt>
    <trkpt lat="47.682442" lon="11.573542"><ele>678.0</ele></trkpt>
    <trkpt lat="47.682432" lon="11.573585"><ele>678.0</ele></trkpt>
    <trkpt lat="47.682413" lon="11.573625"><ele>678.0</ele></trkpt>
    <trkpt lat="47.682363" lon="11.57366"><ele>678.0</ele></trkpt>
    <trkpt lat="47.682202" lon="11.573708"><ele>678.0</ele></trkpt>
    <trkpt lat="47.682167" lon="11.573724"><ele>678.0</ele></trkpt>
    <trkpt lat="47.681958" lon="11.573798"><ele>678.0</ele></trkpt>
    <trkpt lat="47.681485" lon="11.573907"><ele>678.0</ele></trkpt>
    <trkpt lat="47.681137" lon="11.573965"><ele>678.0</ele></trkpt>
    <trkpt lat="47.68109" lon="11.573971"><ele>678.0</ele></trkpt>
    <trkpt lat="47.680467" lon="11.574038"><ele>678.5</ele></trkpt>
    <trkpt lat="47.680433" lon="11.574042"><ele>678.5</ele></trkpt>
    <trkpt lat="47.680415" lon="11.573936"><ele>678.5</ele></trkpt>
    <trkpt lat="47.680377" lon="11.573806"><ele>678.5</ele></trkpt>
    <trkpt lat="47.680186" lon="11.573821"><ele>679.0</ele></trkpt>
    <trkpt lat="47.680163" lon="11.573901"><ele>679.0</ele></trkpt>
    <trkpt lat="47.680157" lon="11.573972"><ele>679.0</ele></trkpt>
    <trkpt lat="47.680135" lon="11.573974"><ele>679.0</ele></trkpt>
    <trkpt lat="47.680117" lon="11.573971"><ele>679.0</ele></trkpt>
    <trkpt lat="47.680074" lon="11.573969"><ele>679.0</ele></trkpt>
    <trkpt lat="47.679967" lon="11.573981"><ele>679.0</ele></trkpt>
    <trkpt lat="47.679968" lon="11.574008"><ele>679.0</ele></trkpt>
    <trkpt lat="47.68" lon="11.574004"><ele>679.0</ele></trkpt>
    <trkpt lat="47.679968" lon="11.574008"><ele>679.0</ele></trkpt>
    <trkpt lat="47.679967" lon="11.573981"><ele>679.0</ele></trkpt>
    <trkpt lat="47.679831" lon="11.573999"><ele>679.0</ele></trkpt>
    <trkpt lat="47.679842" lon="11.574206"><ele>679.0</ele></trkpt>
    <trkpt lat="47.679775" lon="11.574171"><ele>679.0</ele></trkpt>
    <trkpt lat="47.679613" lon="11.5741"><ele>679.0</ele></trkpt>
    <trkpt lat="47.679497" lon="11.574074"><ele>679.0</ele></trkpt>
    <trkpt lat="47.679039" lon="11.574088"><ele>679.0</ele></trkpt>
    <trkpt lat="47.678889" lon="11.574108"><ele>679.0</ele></trkpt>
    <trkpt lat="47.678641" lon="11.574197"><ele>679.0</ele></trkpt>
    <trkpt lat="47.67835" lon="11.574344"><ele>679.0</ele></trkpt>
    <trkpt lat="47.677755" lon="11.574651"><ele>679.0</ele></trkpt>
    <trkpt lat="47.677638" lon="11.574722"><ele>679.5</ele></trkpt>
    <trkpt lat="47.677442" lon="11.574908"><ele>680.0</ele></trkpt>
    <trkpt lat="47.677275" lon="11.574909"><ele>680.0</ele></trkpt>
    <trkpt lat="47.677179" lon="11.5749"><ele>680.0</ele></trkpt>
    <trkpt lat="47.676684" lon="11.574755"><ele>680.0</ele></trkpt>
    <trkpt lat="47.676165" lon="11.574586"><ele>680.25</ele></trkpt>
    <trkpt lat="47.675967" lon="11.574521"><ele>680.25</ele></trkpt>
    <trkpt lat="47.675933" lon="11.574514"><ele>680.25</ele></trkpt>
    <trkpt lat="47.675702" lon="11.57461"><ele>680.5</ele></trkpt>
    <trkpt lat="47.675666" lon="11.574629"><ele>680.5</ele></trkpt>
    <trkpt lat="47.675353" lon="11.574768"><ele>680.75</ele></trkpt>
    <trkpt lat="47.67494" lon="11.574953"><ele>680.75</ele></trkpt>
    <trkpt lat="47.674692" lon="11.575064"><ele>681.0</ele></trkpt>
    <trkpt lat="47.674479" lon="11.575159"><ele>681.0</ele></trkpt>
    <trkpt lat="47.673754" lon="11.575449"><ele>681.25</ele></trkpt>
    <trkpt lat="47.673662" lon="11.575466"><ele>681.5</ele></trkpt>
    <trkpt lat="47.673431" lon="11.575552"><ele>681.75</ele></trkpt>
    <trkpt lat="47.673187" lon="11.575642"><ele>681.5</ele></trkpt>
    <trkpt lat="47.672912" lon="11.575743"><ele>681.75</ele></trkpt>
    <trkpt lat="47.672879" lon="11.575755"><ele>681.75</ele></trkpt>
    <trkpt lat="47.672568" lon="11.57587"><ele>682.0</ele></trkpt>
    <trkpt lat="47.672159" lon="11.576019"><ele>682.0</ele></trkpt>
    <trkpt lat="47.671838" lon="11.576139"><ele>683.0</ele></trkpt>
    <trkpt lat="47.671559" lon="11.576239"><ele>682.75</ele></trkpt>
    <trkpt lat="47.671408" lon="11.576323"><ele>682.25</ele></trkpt>
    <trkpt lat="47.671293" lon="11.576406"><ele>682.5</ele></trkpt>
    <trkpt lat="47.67126" lon="11.576446"><ele>683.0</ele></trkpt>
    <trkpt lat="47.671147" lon="11.576642"><ele>683.75</ele></trkpt>
    <trkpt lat="47.671098" lon="11.57682"><ele>683.75</ele></trkpt>
    <trkpt lat="47.671072" lon="11.576952"><ele>683.75</ele></trkpt>
    <trkpt lat="47.671055" lon="11.577259"><ele>683.75</ele></trkpt>
    <trkpt lat="47.671114" lon="11.577655"><ele>684.0</ele></trkpt>
    <trkpt lat="47.671153" lon="11.577835"><ele>683.75</ele></trkpt>
    <trkpt lat="47.671176" lon="11.578035"><ele>683.25</ele></trkpt>
    <trkpt lat="47.671148" lon="11.578207"><ele>683.0</ele></trkpt>
    <trkpt lat="47.671098" lon="11.578372"><ele>683.0</ele></trkpt>
    <trkpt lat="47.670871" lon="11.578736"><ele>683.5</ele></trkpt>
    <trkpt lat="47.670606" lon="11.579018"><ele>683.5</ele></trkpt>
    <trkpt lat="47.670219" lon="11.579431"><ele>683.75</ele></trkpt>
    <trkpt lat="47.669819" lon="11.579859"><ele>683.75</ele></trkpt>
    <trkpt lat="47.668979" lon="11.580829"><ele>684.0</ele></trkpt>
    <trkpt lat="47.668634" lon="11.581195"><ele>684.25</ele></trkpt>
    <trkpt lat="47.668537" lon="11.581249"><ele>684.25</ele></trkpt>
    <trkpt lat="47.667924" lon="11.581496"><ele>684.5</ele></trkpt>
    <trkpt lat="47.667844" lon="11.58156"><ele>684.5</ele></trkpt>
    <trkpt lat="47.667362" lon="11.581892"><ele>684.75</ele></trkpt>
    <trkpt lat="47.666983" lon="11.582143"><ele>684.75</ele></trkpt>
    <trkpt lat="47.66678" lon="11.582437"><ele>684.75</ele></trkpt>
    <trkpt lat="47.666392" lon="11.582998"><ele>685.75</ele></trkpt>
    <trkpt lat="47.666252" lon="11.583199"><ele>685.75</ele></trkpt>
    <trkpt lat="47.666196" lon="11.583332"><ele>685.75</ele></trkpt>
    <trkpt lat="47.666172" lon="11.583442"><ele>685.75</ele></trkpt>
    <trkpt lat="47.666258" lon="11.583769"><ele>686.0</ele></trkpt>
    <trkpt lat="47.666193" lon="11.583816"><ele>686.0</ele></trkpt>
    <trkpt lat="47.666115" lon="11.583873"><ele>685.75</ele></trkpt>
    <trkpt lat="47.665892" lon="11.584213"><ele>686.0</ele></trkpt>
    <trkpt lat="47.665697" lon="11.584441"><ele>686.25</ele></trkpt>
    <trkpt lat="47.665426" lon="11.58463"><ele>686.25</ele></trkpt>
    <trkpt lat="47.665228" lon="11.584769"><ele>687.0</ele></trkpt>
    <trkpt lat="47.664727" lon="11.585105"><ele>686.0</ele></trkpt>
    <trkpt lat="47.664387" lon="11.585384"><ele>686.5</ele></trkpt>
    <trkpt lat="47.66429" lon="11.585462"><ele>686.5</ele></trkpt>
    <trkpt lat="47.664245" lon="11.585513"><ele>686.75</ele></trkpt>
    <trkpt lat="47.66355" lon="11.585959"><ele>687.0</ele></trkpt>
    <trkpt lat="47.663222" lon="11.586124"><ele>687.0</ele></trkpt>
    <trkpt lat="47.662967" lon="11.586241"><ele>687.5</ele></trkpt>
    <trkpt lat="47.662316" lon="11.586581"><ele>687.25</ele></trkpt>
    <trkpt lat="47.662221" lon="11.586614"><ele>687.75</ele></trkpt>
    <trkpt lat="47.661293" lon="11.586937"><ele>687.75</ele></trkpt>
    <trkpt lat="47.661236" lon="11.586948"><ele>688.0</ele></trkpt>
    <trkpt lat="47.661182" lon="11.586941"><ele>687.75</ele></trkpt>
    <trkpt lat="47.660929" lon="11.586871"><ele>687.75</ele></trkpt>
    <trkpt lat="47.660878" lon="11.586857"><ele>687.75</ele></trkpt>
    <trkpt lat="47.660833" lon="11.586901"><ele>688.0</ele></trkpt>
    <trkpt lat="47.660796" lon="11.586919"><ele>688.0</ele></trkpt>
    <trkpt lat="47.660638" lon="11.586925"><ele>688.0</ele></trkpt>
    <trkpt lat="47.660456" lon="11.586931"><ele>687.75</ele></trkpt>
    <trkpt lat="47.66001" lon="11.586911"><ele>688.75</ele></trkpt>
    <trkpt lat="47.659919" lon="11.586926"><ele>689.0</ele></trkpt>
    <trkpt lat="47.659859" lon="11.586956"><ele>689.0</ele></trkpt>
    <trkpt lat="47.659773" lon="11.587021"><ele>689.5</ele></trkpt>
    <trkpt lat="47.659511" lon="11.587155"><ele>689.75</ele></trkpt>
    <trkpt lat="47.658509" lon="11.587737"><ele>690.0</ele></trkpt>
    <trkpt lat="47.658152" lon="11.587882"><ele>690.25</ele></trkpt>
    <trkpt lat="47.657986" lon="11.587933"><ele>690.25</ele></trkpt>
    <trkpt lat="47.657985" lon="11.588003"><ele>690.75</ele></trkpt>
    <trkpt lat="47.657864" lon="11.588046"><ele>690.5</ele></trkpt>
    <trkpt lat="47.657715" lon="11.58812"><ele>690.0</ele></trkpt>
    <trkpt lat="47.657343" lon="11.588459"><ele>691.0</ele></trkpt>
    <trkpt lat="47.657034" lon="11.588699"><ele>693.0</ele></trkpt>
    <trkpt lat="47.656816" lon="11.588844"><ele>693.5</ele></trkpt>
    <trkpt lat="47.656438" lon="11.589036"><ele>693.75</ele></trkpt>
    <trkpt lat="47.65618" lon="11.589138"><ele>692.25</ele></trkpt>
    <trkpt lat="47.656106" lon="11.589157"><ele>691.75</ele></trkpt>
    <trkpt lat="47.655945" lon="11.589198"><ele>692.0</ele></trkpt>
    <trkpt lat="47.655856" lon="11.589221"><ele>692.25</ele></trkpt>
    <trkpt lat="47.655687" lon="11.589262"><ele>693.0</ele></trkpt>
    <trkpt lat="47.655522" lon="11.58928"><ele>693.75</ele></trkpt>
    <trkpt lat="47.654918" lon="11.589242"><ele>691.75</ele></trkpt>
    <trkpt lat="47.654743" lon="11.589226"><ele>691.5</ele></trkpt>
    <trkpt lat="47.654615" lon="11.589198"><ele>691.25</ele></trkpt>
    <trkpt lat="47.654555" lon="11.589185"><ele>691.0</ele></trkpt>
    <trkpt lat="47.65422" lon="11.589104"><ele>691.0</ele></trkpt>
    <trkpt lat="47.653757" lon="11.58898"><ele>691.75</ele></trkpt>
    <trkpt lat="47.653194" lon="11.588808"><ele>692.0</ele></trkpt>
    <trkpt lat="47.652842" lon="11.58872"><ele>691.5</ele></trkpt>
    <trkpt lat="47.652703" lon="11.588703"><ele>691.5</ele></trkpt>
    <trkpt lat="47.652398" lon="11.588693"><ele>691.5</ele></trkpt>
    <trkpt lat="47.652267" lon="11.588694"><ele>691.75</ele></trkpt>
    <trkpt lat="47.652065" lon="11.588714"><ele>692.0</ele></trkpt>
    <trkpt lat="47.651587" lon="11.588842"><ele>692.0</ele></trkpt>
    <trkpt lat="47.650999" lon="11.589004"><ele>692.25</ele></trkpt>
    <trkpt lat="47.65064" lon="11.589022"><ele>692.25</ele></trkpt>
    <trkpt lat="47.650389" lon="11.589004"><ele>692.25</ele></trkpt>
    <trkpt lat="47.650067" lon="11.588924"><ele>692.75</ele></trkpt>
    <trkpt lat="47.649632" lon="11.588773"><ele>693.0</ele></trkpt>
    <trkpt lat="47.649206" lon="11.588401"><ele>693.0</ele></trkpt>
    <trkpt lat="47.649179" lon="11.588374"><ele>693.0</ele></trkpt>
    <trkpt lat="47.648983" lon="11.588178"><ele>693.25</ele></trkpt>
    <trkpt lat="47.648717" lon="11.587981"><ele>693.5</ele></trkpt>
    <trkpt lat="47.648669" lon="11.587955"><ele>693.75</ele></trkpt>
    <trkpt lat="47.648491" lon="11.587858"><ele>693.75</ele></trkpt>
    <trkpt lat="47.648344" lon="11.587793"><ele>693.75</ele></trkpt>
    <trkpt lat="47.648184" lon="11.587759"><ele>694.0</ele></trkpt>
    <trkpt lat="47.64801" lon="11.587739"><ele>694.0</ele></trkpt>
    <trkpt lat="47.64786" lon="11.587739"><ele>694.5</ele></trkpt>
    <trkpt lat="47.647698" lon="11.587753"><ele>695.25</ele></trkpt>
    <trkpt lat="47.647555" lon="11.587797"><ele>695.75</ele></trkpt>
    <trkpt lat="47.647425" lon="11.587856"><ele>696.5</ele></trkpt>
    <trkpt lat="47.647245" lon="11.587967"><ele>697.25</ele></trkpt>
    <trkpt lat="47.647058" lon="11.588118"><ele>697.5</ele></trkpt>
    <trkpt lat="47.646757" lon="11.588412"><ele>697.5</ele></trkpt>
    <trkpt lat="47.646131" lon="11.589126"><ele>699.5</ele></trkpt>
    <trkpt lat="47.645746" lon="11.589482"><ele>699.75</ele></trkpt>
    <trkpt lat="47.645444" lon="11.589707"><ele>700.25</ele></trkpt>
    <trkpt lat="47.645212" lon="11.589881"><ele>700.0</ele></trkpt>
    <trkpt lat="47.644873" lon="11.590202"><ele>699.75</ele></trkpt>
    <trkpt lat="47.644606" lon="11.590477"><ele>699.25</ele></trkpt>
    <trkpt lat="47.644093" lon="11.591084"><ele>699.75</ele></trkpt>
    <trkpt lat="47.643511" lon="11.591642"><ele>700.25</ele></trkpt>
    <trkpt lat="47.643027" lon="11.592099"><ele>700.75</ele></trkpt>
    <trkpt lat="47.642811" lon="11.592283"><ele>700.75</ele></trkpt>
    <trkpt lat="47.642568" lon="11.592477"><ele>701.0</ele></trkpt>
    <trkpt lat="47.64248" lon="11.592578"><ele>700.5</ele></trkpt>
    <trkpt lat="47.642286" lon="11.592723"><ele>700.75</ele></trkpt>
    <trkpt lat="47.6422" lon="11.592764"><ele>701.0</ele></trkpt>
    <trkpt lat="47.64208" lon="11.592792"><ele>701.25</ele></trkpt>
    <trkpt lat="47.641602" lon="11.593061"><ele>701.0</ele></trkpt>
    <trkpt lat="47.641355" lon="11.593165"><ele>701.5</ele></trkpt>
    <trkpt lat="47.640913" lon="11.593311"><ele>701.5</ele></trkpt>
    <trkpt lat="47.640558" lon="11.593408"><ele>701.5</ele></trkpt>
    <trkpt lat="47.638705" lon="11.593804"><ele>701.75</ele></trkpt>
    <trkpt lat="47.63829" lon="11.593902"><ele>702.75</ele></trkpt>
    <trkpt lat="47.63787" lon="11.594067"><ele>703.25</ele></trkpt>
    <trkpt lat="47.637856" lon="11.593993"><ele>702.5</ele></trkpt>
    <trkpt lat="47.637702" lon="11.594039"><ele>703.0</ele></trkpt>
    <trkpt lat="47.637165" lon="11.594135"><ele>703.25</ele></trkpt>
    <trkpt lat="47.637081" lon="11.59413"><ele>703.0</ele></trkpt>
    <trkpt lat="47.637023" lon="11.594118"><ele>702.75</ele></trkpt>
    <trkpt lat="47.636723" lon="11.594147"><ele>702.75</ele></trkpt>
    <trkpt lat="47.635515" lon="11.594385"><ele>702.75</ele></trkpt>
    <trkpt lat="47.635111" lon="11.594453"><ele>703.0</ele></trkpt>
    <trkpt lat="47.635066" lon="11.594455"><ele>703.0</ele></trkpt>
    <trkpt lat="47.63459" lon="11.594531"><ele>702.5</ele></trkpt>
    <trkpt lat="47.634183" lon="11.594573"><ele>702.0</ele></trkpt>
    <trkpt lat="47.634021" lon="11.594577"><ele>702.5</ele></trkpt>
    <trkpt lat="47.633969" lon="11.594581"><ele>702.5</ele></trkpt>
    <trkpt lat="47.633919" lon="11.594573"><ele>702.75</ele></trkpt>
    <trkpt lat="47.633845" lon="11.594552"><ele>702.75</ele></trkpt>
    <trkpt lat="47.633238" lon="11.594501"><ele>702.75</ele></trkpt>
    <trkpt lat="47.632799" lon="11.594438"><ele>702.75</ele></trkpt>
    <trkpt lat="47.631952" lon="11.594289"><ele>705.0</ele></trkpt>
    <trkpt lat="47.631672" lon="11.594259"><ele>703.5</ele></trkpt>
    <trkpt lat="47.631615" lon="11.594373"><ele>704.0</ele></trkpt>
    <trkpt lat="47.631581" lon="11.59441"><ele>704.0</ele></trkpt>
    <trkpt lat="47.631543" lon="11.594429"><ele>704.0</ele></trkpt>
    <trkpt lat="47.631452" lon="11.594442"><ele>703.25</ele></trkpt>
    <trkpt lat="47.631158" lon="11.594628"><ele>703.75</ele></trkpt>
    <trkpt lat="47.630942" lon="11.594734"><ele>704.0</ele></trkpt>
    <trkpt lat="47.630374" lon="11.59506"><ele>704.0</ele></trkpt>
    <trkpt lat="47.630142" lon="11.59515"><ele>704.0</ele></trkpt>
    <trkpt lat="47.629962" lon="11.595163"><ele>704.0</ele></trkpt>
    <trkpt lat="47.62976" lon="11.595162"><ele>704.75</ele></trkpt>
    <trkpt lat="47.62948" lon="11.595185"><ele>705.0</ele></trkpt>
    <trkpt lat="47.629268" lon="11.595167"><ele>705.0</ele></trkpt>
    <trkpt lat="47.629068" lon="11.595089"><ele>705.0</ele></trkpt>
    <trkpt lat="47.628815" lon="11.594967"><ele>705.0</ele></trkpt>
    <trkpt lat="47.628611" lon="11.594858"><ele>705.5</ele></trkpt>
    <trkpt lat="47.628527" lon="11.594799"><ele>705.5</ele></trkpt>
    <trkpt lat="47.628461" lon="11.594708"><ele>705.25</ele></trkpt>
    <trkpt lat="47.62842" lon="11.594618"><ele>705.25</ele></trkpt>
    <trkpt lat="47.628383" lon="11.594516"><ele>705.5</ele></trkpt>
    <trkpt lat="47.628344" lon="11.5944"><ele>705.75</ele></trkpt>
    <trkpt lat="47.628259" lon="11.594424"><ele>705.75</ele></trkpt>
    <trkpt lat="47.628192" lon="11.594355"><ele>705.75</ele></trkpt>
    <trkpt lat="47.626493" lon="11.594901"><ele>705.75</ele></trkpt>
    <trkpt lat="47.625649" lon="11.595187"><ele>707.0</ele></trkpt>
    <trkpt lat="47.625475" lon="11.595232"><ele>708.25</ele></trkpt>
    <trkpt lat="47.625253" lon="11.59529"><ele>710.0</ele></trkpt>
    <trkpt lat="47.625029" lon="11.595158"><ele>709.0</ele></trkpt>
    <trkpt lat="47.624834" lon="11.595209"><ele>710.0</ele></trkpt>
    <trkpt lat="47.624637" lon="11.595236"><ele>710.5</ele></trkpt>
    <trkpt lat="47.624331" lon="11.595403"><ele>710.0</ele></trkpt>
    <trkpt lat="47.624214" lon="11.595452"><ele>709.75</ele></trkpt>
    <trkpt lat="47.624063" lon="11.595554"><ele>712.25</ele></trkpt>
    <trkpt lat="47.623939" lon="11.595573"><ele>712.75</ele></trkpt>
    <trkpt lat="47.62342" lon="11.595576"><ele>713.75</ele></trkpt>
    <trkpt lat="47.623159" lon="11.595567"><ele>714.5</ele></trkpt>
    <trkpt lat="47.622874" lon="11.595531"><ele>714.25</ele></trkpt>
    <trkpt lat="47.62279" lon="11.595462"><ele>713.5</ele></trkpt>
    <trkpt lat="47.622163" lon="11.595261"><ele>714.25</ele></trkpt>
    <trkpt lat="47.621915" lon="11.595174"><ele>713.0</ele></trkpt>
    <trkpt lat="47.621671" lon="11.595062"><ele>713.75</ele></trkpt>
    <trkpt lat="47.621201" lon="11.594769"><ele>713.0</ele></trkpt>
    <trkpt lat="47.620759" lon="11.59442"><ele>712.0</ele></trkpt>
    <trkpt lat="47.620552" lon="11.59424"><ele>711.75</ele></trkpt>
    <trkpt lat="47.620346" lon="11.594025"><ele>710.5</ele></trkpt>
    <trkpt lat="47.61955" lon="11.593128"><ele>707.75</ele></trkpt>
    <trkpt lat="47.618913" lon="11.592357"><ele>706.75</ele></trkpt>
    <trkpt lat="47.61869" lon="11.592074"><ele>706.75</ele></trkpt>
    <trkpt lat="47.616675" lon="11.589638"><ele>707.75</ele></trkpt>
    <trkpt lat="47.616557" lon="11.589525"><ele>708.5</ele></trkpt>
    <trkpt lat="47.616298" lon="11.589231"><ele>708.0</ele></trkpt>
    <trkpt lat="47.616139" lon="11.589088"><ele>708.25</ele></trkpt>
    <trkpt lat="47.615908" lon="11.588936"><ele>709.0</ele></trkpt>
    <trkpt lat="47.615622" lon="11.588791"><ele>708.75</ele></trkpt>
    <trkpt lat="47.615381" lon="11.588685"><ele>709.5</ele></trkpt>
    <trkpt lat="47.61437" lon="11.588325"><ele>710.25</ele></trkpt>
    <trkpt lat="47.614047" lon="11.588201"><ele>710.75</ele></trkpt>
    <trkpt lat="47.613599" lon="11.587952"><ele>711.25</ele></trkpt>
    <trkpt lat="47.613426" lon="11.587841"><ele>712.0</ele></trkpt>
    <trkpt lat="47.613288" lon="11.587741"><ele>712.5</ele></trkpt>
    <trkpt lat="47.613104" lon="11.587557"><ele>712.75</ele></trkpt>
    <trkpt lat="47.612942" lon="11.587381"><ele>713.0</ele></trkpt>
    <trkpt lat="47.612808" lon="11.587218"><ele>712.5</ele></trkpt>
    <trkpt lat="47.612655" lon="11.587016"><ele>714.25</ele></trkpt>
    <trkpt lat="47.612355" lon="11.586449"><ele>712.75</ele></trkpt>
    <trkpt lat="47.612109" lon="11.585947"><ele>711.0</ele></trkpt>
    <trkpt lat="47.611924" lon="11.585617"><ele>711.75</ele></trkpt>
    <trkpt lat="47.611841" lon="11.585477"><ele>712.75</ele></trkpt>
    <trkpt lat="47.611689" lon="11.58526"><ele>711.5</ele></trkpt>
    <trkpt lat="47.611503" lon="11.585016"><ele>712.0</ele></trkpt>
    <trkpt lat="47.611438" lon="11.584941"><ele>711.75</ele></trkpt>
    <trkpt lat="47.611335" lon="11.58487"><ele>712.25</ele></trkpt>
    <trkpt lat="47.611116" lon="11.584697"><ele>711.75</ele></trkpt>
    <trkpt lat="47.610977" lon="11.58461"><ele>712.25</ele></trkpt>
    <trkpt lat="47.610544" lon="11.584411"><ele>712.75</ele></trkpt>
    <trkpt lat="47.610271" lon="11.584325"><ele>712.5</ele></trkpt>
    <trkpt lat="47.610096" lon="11.584255"><ele>712.5</ele></trkpt>
    <trkpt lat="47.609866" lon="11.584144"><ele>712.75</ele></trkpt>
    <trkpt lat="47.609688" lon="11.584037"><ele>713.0</ele></trkpt>
    <trkpt lat="47.609514" lon="11.58392"><ele>713.5</ele></trkpt>
    <trkpt lat="47.609196" lon="11.583662"><ele>714.0</ele></trkpt>
    <trkpt lat="47.608936" lon="11.583421"><ele>714.25</ele></trkpt>
    <trkpt lat="47.60874" lon="11.583271"><ele>715.5</ele></trkpt>
    <trkpt lat="47.608569" lon="11.583155"><ele>716.25</ele></trkpt>
    <trkpt lat="47.608312" lon="11.583009"><ele>716.25</ele></trkpt>
    <trkpt lat="47.607842" lon="11.582766"><ele>717.75</ele></trkpt>
    <trkpt lat="47.607576" lon="11.582645"><ele>717.25</ele></trkpt>
    <trkpt lat="47.607182" lon="11.582414"><ele>719.75</ele></trkpt>
    <trkpt lat="47.607161" lon="11.582364"><ele>719.25</ele></trkpt>
    <trkpt lat="47.606735" lon="11.582149"><ele>719.5</ele></trkpt>
    <trkpt lat="47.606582" lon="11.582097"><ele>720.0</ele></trkpt>
    <trkpt lat="47.606458" lon="11.58202"><ele>720.75</ele></trkpt>
    <trkpt lat="47.606106" lon="11.581714"><ele>722.25</ele></trkpt>
    <trkpt lat="47.605854" lon="11.581402"><ele>720.5</ele></trkpt>
    <trkpt lat="47.605662" lon="11.581124"><ele>718.75</ele></trkpt>
    <trkpt lat="47.605212" lon="11.58035"><ele>720.75</ele></trkpt>
    <trkpt lat="47.605083" lon="11.580149"><ele>719.75</ele></trkpt>
    <trkpt lat="47.604842" lon="11.579842"><ele>722.0</ele></trkpt>
    <trkpt lat="47.604769" lon="11.579774"><ele>722.25</ele></trkpt>
    <trkpt lat="47.604553" lon="11.57957"><ele>721.5</ele></trkpt>
    <trkpt lat="47.604436" lon="11.579495"><ele>721.25</ele></trkpt>
    <trkpt lat="47.604292" lon="11.579374"><ele>720.75</ele></trkpt>
    <trkpt lat="47.604091" lon="11.579107"><ele>722.25</ele></trkpt>
    <trkpt lat="47.603934" lon="11.578832"><ele>721.25</ele></trkpt>
    <trkpt lat="47.603801" lon="11.578525"><ele>722.0</ele></trkpt>
    <trkpt lat="47.603408" lon="11.577491"><ele>725.5</ele></trkpt>
    <trkpt lat="47.60326" lon="11.577182"><ele>729.0</ele></trkpt>
    <trkpt lat="47.603051" lon="11.576895"><ele>729.75</ele></trkpt>
    <trkpt lat="47.602784" lon="11.576605"><ele>730.25</ele></trkpt>
    <trkpt lat="47.60255" lon="11.576335"><ele>730.25</ele></trkpt>
    <trkpt lat="47.602309" lon="11.57603"><ele>731.5</ele></trkpt>
    <trkpt lat="47.60219" lon="11.575855"><ele>732.0</ele></trkpt>
    <trkpt lat="47.602086" lon="11.575675"><ele>730.75</ele></trkpt>
    <trkpt lat="47.601989" lon="11.575474"><ele>731.75</ele></trkpt>
    <trkpt lat="47.601961" lon="11.575377"><ele>733.0</ele></trkpt>
    <trkpt lat="47.601953" lon="11.575285"><ele>733.75</ele></trkpt>
    <trkpt lat="47.601937" lon="11.574791"><ele>733.25</ele></trkpt>
    <trkpt lat="47.601891" lon="11.574562"><ele>733.25</ele></trkpt>
    <trkpt lat="47.601804" lon="11.574322"><ele>733.0</ele></trkpt>
    <trkpt lat="47.601761" lon="11.574139"><ele>732.5</ele></trkpt>
    <trkpt lat="47.601708" lon="11.573782"><ele>732.75</ele></trkpt>
    <trkpt lat="47.601704" lon="11.57355"><ele>732.5</ele></trkpt>
    <trkpt lat="47.601733" lon="11.57299"><ele>732.0</ele></trkpt>
    <trkpt lat="47.601718" lon="11.572924"><ele>732.25</ele></trkpt>
    <trkpt lat="47.601681" lon="11.572897"><ele>732.5</ele></trkpt>
    <trkpt lat="47.601605" lon="11.57291"><ele>732.0</ele></trkpt>
    <trkpt lat="47.601358" lon="11.572998"><ele>731.5</ele></trkpt>
    <trkpt lat="47.601172" lon="11.573077"><ele>732.75</ele></trkpt>
    <trkpt lat="47.600865" lon="11.572578"><ele>732.0</ele></trkpt>
    <trkpt lat="47.600694" lon="11.572283"><ele>730.5</ele></trkpt>
    <trkpt lat="47.600594" lon="11.572133"><ele>730.25</ele></trkpt>
    <trkpt lat="47.600476" lon="11.571939"><ele>729.75</ele></trkpt>
    <trkpt lat="47.600311" lon="11.571574"><ele>729.5</ele></trkpt>
    <trkpt lat="47.600188" lon="11.571316"><ele>729.5</ele></trkpt>
    <trkpt lat="47.599905" lon="11.570763"><ele>730.25</ele></trkpt>
    <trkpt lat="47.599861" lon="11.570607"><ele>730.5</ele></trkpt>
    <trkpt lat="47.599827" lon="11.570352"><ele>730.75</ele></trkpt>
    <trkpt lat="47.599799" lon="11.570077"><ele>730.75</ele></trkpt>
    <trkpt lat="47.599783" lon="11.569851"><ele>730.75</ele></trkpt>
    <trkpt lat="47.599748" lon="11.569681"><ele>730.75</ele></trkpt>
    <trkpt lat="47.599719" lon="11.569579"><ele>730.5</ele></trkpt>
    <trkpt lat="47.599628" lon="11.569328"><ele>730.5</ele></trkpt>
    <trkpt lat="47.599551" lon="11.569218"><ele>730.5</ele></trkpt>
    <trkpt lat="47.599208" lon="11.568844"><ele>730.5</ele></trkpt>
    <trkpt lat="47.599067" lon="11.568668"><ele>731.0</ele></trkpt>
    <trkpt lat="47.598896" lon="11.568284"><ele>730.75</ele></trkpt>
    <trkpt lat="47.598822" lon="11.568071"><ele>731.5</ele></trkpt>
    <trkpt lat="47.598735" lon="11.56772"><ele>729.0</ele></trkpt>
    <trkpt lat="47.59869" lon="11.567604"><ele>728.25</ele></trkpt>
    <trkpt lat="47.59864" lon="11.567509"><ele>727.75</ele></trkpt>
    <trkpt lat="47.598573" lon="11.567417"><ele>727.75</ele></trkpt>
    <trkpt lat="47.59849" lon="11.567327"><ele>727.75</ele></trkpt>
    <trkpt lat="47.59839" lon="11.567158"><ele>726.25</ele></trkpt>
    <trkpt lat="47.59815" lon="11.566865"><ele>727.25</ele></trkpt>
    <trkpt lat="47.597968" lon="11.566684"><ele>727.0</ele></trkpt>
    <trkpt lat="47.597825" lon="11.56657"><ele>727.75</ele></trkpt>
    <trkpt lat="47.597272" lon="11.566192"><ele>729.75</ele></trkpt>
    <trkpt lat="47.597143" lon="11.566067"><ele>731.0</ele></trkpt>
    <trkpt lat="47.596946" lon="11.565779"><ele>732.75</ele></trkpt>
    <trkpt lat="47.596856" lon="11.565615"><ele>733.75</ele></trkpt>
    <trkpt lat="47.596751" lon="11.565504"><ele>734.25</ele></trkpt>
    <trkpt lat="47.596345" lon="11.565166"><ele>734.5</ele></trkpt>
    <trkpt lat="47.596172" lon="11.564977"><ele>733.0</ele></trkpt>
    <trkpt lat="47.59594" lon="11.5646"><ele>733.0</ele></trkpt>
    <trkpt lat="47.595643" lon="11.564143"><ele>733.5</ele></trkpt>
    <trkpt lat="47.595512" lon="11.563895"><ele>734.25</ele></trkpt>
    <trkpt lat="47.595234" lon="11.563473"><ele>734.75</ele></trkpt>
    <trkpt lat="47.595136" lon="11.563362"><ele>735.0</ele></trkpt>
    <trkpt lat="47.595069" lon="11.563271"><ele>735.0</ele></trkpt>
    <trkpt lat="47.594983" lon="11.563215"><ele>735.0</ele></trkpt>
    <trkpt lat="47.594882" lon="11.56318"><ele>735.0</ele></trkpt>
    <trkpt lat="47.594769" lon="11.563149"><ele>735.0</ele></trkpt>
    <trkpt lat="47.594582" lon="11.563119"><ele>735.5</ele></trkpt>
    <trkpt lat="47.594361" lon="11.563042"><ele>737.25</ele></trkpt>
    <trkpt lat="47.5943" lon="11.562952"><ele>737.5</ele></trkpt>
    <trkpt lat="47.594156" lon="11.562787"><ele>738.25</ele></trkpt>
    <trkpt lat="47.594022" lon="11.562661"><ele>741.0</ele></trkpt>
    <trkpt lat="47.59382" lon="11.562519"><ele>744.0</ele></trkpt>
    <trkpt lat="47.593653" lon="11.562395"><ele>746.25</ele></trkpt>
    <trkpt lat="47.593283" lon="11.562081"><ele>748.5</ele></trkpt>
    <trkpt lat="47.59311" lon="11.561899"><ele>748.25</ele></trkpt>
    <trkpt lat="47.592877" lon="11.561698"><ele>747.75</ele></trkpt>
    <trkpt lat="47.592818" lon="11.561629"><ele>747.5</ele></trkpt>
    <trkpt lat="47.592771" lon="11.561542"><ele>747.5</ele></trkpt>
    <trkpt lat="47.592603" lon="11.56118"><ele>748.25</ele></trkpt>
    <trkpt lat="47.59244" lon="11.560799"><ele>749.25</ele></trkpt>
    <trkpt lat="47.592327" lon="11.560515"><ele>749.25</ele></trkpt>
    <trkpt lat="47.592268" lon="11.560349"><ele>749.0</ele></trkpt>
    <trkpt lat="47.592231" lon="11.560176"><ele>748.5</ele></trkpt>
    <trkpt lat="47.592167" lon="11.559319"><ele>749.0</ele></trkpt>
    <trkpt lat="47.592125" lon="11.559084"><ele>749.0</ele></trkpt>
    <trkpt lat="47.592049" lon="11.558993"><ele>749.25</ele></trkpt>
    <trkpt lat="47.59194" lon="11.558823"><ele>748.75</ele></trkpt>
    <trkpt lat="47.591711" lon="11.558206"><ele>750.25</ele></trkpt>
    <trkpt lat="47.59165" lon="11.558026"><ele>750.0</ele></trkpt>
    <trkpt lat="47.591584" lon="11.557763"><ele>752.0</ele></trkpt>
    <trkpt lat="47.591446" lon="11.557317"><ele>750.25</ele></trkpt>
    <trkpt lat="47.591259" lon="11.556831"><ele>751.25</ele></trkpt>
    <trkpt lat="47.59119" lon="11.556709"><ele>750.25</ele></trkpt>
    <trkpt lat="47.591103" lon="11.556656"><ele>750.25</ele></trkpt>
    <trkpt lat="47.591059" lon="11.556613"><ele>752.0</ele></trkpt>
    <trkpt lat="47.590836" lon="11.556147"><ele>750.25</ele></trkpt>
    <trkpt lat="47.590688" lon="11.555899"><ele>750.75</ele></trkpt>
    <trkpt lat="47.590479" lon="11.555386"><ele>751.25</ele></trkpt>
    <trkpt lat="47.590381" lon="11.555201"><ele>751.25</ele></trkpt>
    <trkpt lat="47.590183" lon="11.554694"><ele>751.75</ele></trkpt>
    <trkpt lat="47.590116" lon="11.554458"><ele>751.25</ele></trkpt>
    <trkpt lat="47.589998" lon="11.554186"><ele>751.0</ele></trkpt>
    <trkpt lat="47.589915" lon="11.554046"><ele>753.25</ele></trkpt>
    <trkpt lat="47.589872" lon="11.553911"><ele>752.5</ele></trkpt>
    <trkpt lat="47.589828" lon="11.553628"><ele>751.5</ele></trkpt>
    <trkpt lat="47.589807" lon="11.553384"><ele>751.75</ele></trkpt>
    <trkpt lat="47.589758" lon="11.553166"><ele>750.75</ele></trkpt>
    <trkpt lat="47.589706" lon="11.55298"><ele>749.75</ele></trkpt>
    <trkpt lat="47.589649" lon="11.55274"><ele>749.75</ele></trkpt>
    <trkpt lat="47.589626" lon="11.552572"><ele>749.75</ele></trkpt>
    <trkpt lat="47.589602" lon="11.552467"><ele>749.25</ele></trkpt>
    <trkpt lat="47.589553" lon="11.552378"><ele>749.25</ele></trkpt>
    <trkpt lat="47.589475" lon="11.552261"><ele>749.0</ele></trkpt>
    <trkpt lat="47.589387" lon="11.552043"><ele>751.0</ele></trkpt>
    <trkpt lat="47.589339" lon="11.551949"><ele>752.25</ele></trkpt>
    <trkpt lat="47.589271" lon="11.551888"><ele>752.75</ele></trkpt>
    <trkpt lat="47.588991" lon="11.55171"><ele>754.5</ele></trkpt>
    <trkpt lat="47.588753" lon="11.551609"><ele>760.75</ele></trkpt>
    <trkpt lat="47.588535" lon="11.551426"><ele>760.75</ele></trkpt>
    <trkpt lat="47.588432" lon="11.551392"><ele>762.75</ele></trkpt>
    <trkpt lat="47.588333" lon="11.551316"><ele>761.75</ele></trkpt>
    <trkpt lat="47.588254" lon="11.551296"><ele>763.5</ele></trkpt>
    <trkpt lat="47.588161" lon="11.551287"><ele>766.75</ele></trkpt>
    <trkpt lat="47.588089" lon="11.55125"><ele>767.5</ele></trkpt>
    <trkpt lat="47.58798" lon="11.551156"><ele>766.75</ele></trkpt>
    <trkpt lat="47.587903" lon="11.551104"><ele>766.5</ele></trkpt>
    <trkpt lat="47.587853" lon="11.551073"><ele>767.0</ele></trkpt>
    <trkpt lat="47.587715" lon="11.551009"><ele>769.5</ele></trkpt>
    <trkpt lat="47.587664" lon="11.550947"><ele>768.25</ele></trkpt>
    <trkpt lat="47.587512" lon="11.550823"><ele>766.75</ele></trkpt>
    <trkpt lat="47.587425" lon="11.550777"><ele>770.0</ele></trkpt>
    <trkpt lat="47.586632" lon="11.550936"><ele>776.5</ele></trkpt>
    <trkpt lat="47.586616" lon="11.550935"><ele>775.75</ele></trkpt>
    <trkpt lat="47.586609" lon="11.550921"><ele>774.75</ele></trkpt>
    <trkpt lat="47.58663" lon="11.550699"><ele>770.25</ele></trkpt>
    <trkpt lat="47.586583" lon="11.550601"><ele>766.75</ele></trkpt>
    <trkpt lat="47.586575" lon="11.550445"><ele>765.25</ele></trkpt>
    <trkpt lat="47.586554" lon="11.550311"><ele>764.5</ele></trkpt>
    <trkpt lat="47.586489" lon="11.550052"><ele>765.25</ele></trkpt>
    <trkpt lat="47.586194" lon="11.549015"><ele>764.75</ele></trkpt>
    <trkpt lat="47.586097" lon="11.548658"><ele>767.75</ele></trkpt>
    <trkpt lat="47.586089" lon="11.548574"><ele>767.75</ele></trkpt>
    <trkpt lat="47.586088" lon="11.548476"><ele>767.5</ele></trkpt>
    <trkpt lat="47.58601" lon="11.548467"><ele>767.5</ele></trkpt>
    <trkpt lat="47.585836" lon="11.548456"><ele>768.0</ele></trkpt>
    <trkpt lat="47.585816" lon="11.548457"><ele>768.0</ele></trkpt>
    <trkpt lat="47.5857" lon="11.548462"><ele>768.5</ele></trkpt>
    <trkpt lat="47.58549" lon="11.548439"><ele>768.25</ele></trkpt>
    <trkpt lat="47.585334" lon="11.548375"><ele>766.5</ele></trkpt>
    <trkpt lat="47.584623" lon="11.547866"><ele>768.0</ele></trkpt>
    <trkpt lat="47.583983" lon="11.547548"><ele>768.0</ele></trkpt>
    <trkpt lat="47.583863" lon="11.547489"><ele>767.0</ele></trkpt>
    <trkpt lat="47.5829" lon="11.547085"><ele>770.75</ele></trkpt>
    <trkpt lat="47.582663" lon="11.54701"><ele>770.0</ele></trkpt>
    <trkpt lat="47.582435" lon="11.546974"><ele>769.75</ele></trkpt>
    <trkpt lat="47.582008" lon="11.546948"><ele>770.5</ele></trkpt>
    <trkpt lat="47.581829" lon="11.546956"><ele>771.25</ele></trkpt>
    <trkpt lat="47.581624" lon="11.547001"><ele>771.25</ele></trkpt>
    <trkpt lat="47.581534" lon="11.547036"><ele>772.0</ele></trkpt>
    <trkpt lat="47.581459" lon="11.547064"><ele>773.0</ele></trkpt>
    <trkpt lat="47.581143" lon="11.547227"><ele>774.5</ele></trkpt>
    <trkpt lat="47.580953" lon="11.547331"><ele>775.0</ele></trkpt>
    <trkpt lat="47.580859" lon="11.547356"><ele>775.25</ele></trkpt>
    <trkpt lat="47.580738" lon="11.547372"><ele>775.5</ele></trkpt>
    <trkpt lat="47.580635" lon="11.547362"><ele>775.75</ele></trkpt>
    <trkpt lat="47.580543" lon="11.547337"><ele>776.0</ele></trkpt>
    <trkpt lat="47.580458" lon="11.5473"><ele>776.25</ele></trkpt>
    <trkpt lat="47.580361" lon="11.547221"><ele>777.0</ele></trkpt>
    <trkpt lat="47.580237" lon="11.547083"><ele>777.0</ele></trkpt>
    <trkpt lat="47.580136" lon="11.546922"><ele>776.25</ele></trkpt>
    <trkpt lat="47.580006" lon="11.546553"><ele>779.75</ele></trkpt>
    <trkpt lat="47.579945" lon="11.54642"><ele>781.25</ele></trkpt>
    <trkpt lat="47.579873" lon="11.546315"><ele>781.0</ele></trkpt>
    <trkpt lat="47.579564" lon="11.545954"><ele>779.5</ele></trkpt>
    <trkpt lat="47.579482" lon="11.545816"><ele>779.75</ele></trkpt>
    <trkpt lat="47.579399" lon="11.545653"><ele>778.0</ele></trkpt>
    <trkpt lat="47.579347" lon="11.545511"><ele>777.25</ele></trkpt>
    <trkpt lat="47.579324" lon="11.54537"><ele>777.5</ele></trkpt>
    <trkpt lat="47.579326" lon="11.545093"><ele>776.75</ele></trkpt>
    <trkpt lat="47.579386" lon="11.544657"><ele>777.25</ele></trkpt>
    <trkpt lat="47.5794" lon="11.544353"><ele>778.5</ele></trkpt>
    <trkpt lat="47.579392" lon="11.544133"><ele>779.25</ele></trkpt>
    <trkpt lat="47.579372" lon="11.543994"><ele>779.0</ele></trkpt>
    <trkpt lat="47.579321" lon="11.543855"><ele>778.5</ele></trkpt>
    <trkpt lat="47.579255" lon="11.543701"><ele>779.0</ele></trkpt>
    <trkpt lat="47.579158" lon="11.543515"><ele>777.5</ele></trkpt>
    <trkpt lat="47.579018" lon="11.543193"><ele>778.75</ele></trkpt>
    <trkpt lat="47.578948" lon="11.543013"><ele>779.75</ele></trkpt>
    <trkpt lat="47.578891" lon="11.542865"><ele>777.75</ele></trkpt>
    <trkpt lat="47.578733" lon="11.542408"><ele>777.5</ele></trkpt>
    <trkpt lat="47.578645" lon="11.54211"><ele>776.5</ele></trkpt>
    <trkpt lat="47.578567" lon="11.541826"><ele>774.0</ele></trkpt>
    <trkpt lat="47.578456" lon="11.541277"><ele>774.25</ele></trkpt>
    <trkpt lat="47.578386" lon="11.540832"><ele>775.75</ele></trkpt>
    <trkpt lat="47.578371" lon="11.540655"><ele>775.0</ele></trkpt>
    <trkpt lat="47.57837" lon="11.540472"><ele>775.0</ele></trkpt>
    <trkpt lat="47.578389" lon="11.540286"><ele>775.75</ele></trkpt>
    <trkpt lat="47.578459" lon="11.540003"><ele>775.5</ele></trkpt>
    <trkpt lat="47.57853" lon="11.539677"><ele>774.5</ele></trkpt>
    <trkpt lat="47.578533" lon="11.539441"><ele>771.0</ele></trkpt>
    <trkpt lat="47.578522" lon="11.539314"><ele>774.25</ele></trkpt>
    <trkpt lat="47.578502" lon="11.539202"><ele>776.0</ele></trkpt>
    <trkpt lat="47.578466" lon="11.539061"><ele>776.0</ele></trkpt>
    <trkpt lat="47.578403" lon="11.538895"><ele>773.75</ele></trkpt>
    <trkpt lat="47.578255" lon="11.538575"><ele>772.0</ele></trkpt>
    <trkpt lat="47.578064" lon="11.538268"><ele>770.25</ele></trkpt>
    <trkpt lat="47.577977" lon="11.53816"><ele>768.75</ele></trkpt>
    <trkpt lat="47.577781" lon="11.53795"><ele>764.75</ele></trkpt>
    <trkpt lat="47.577647" lon="11.537832"><ele>760.25</ele></trkpt>
    <trkpt lat="47.577612" lon="11.537803"><ele>760.25</ele></trkpt>
    <trkpt lat="47.577444" lon="11.537686"><ele>760.5</ele></trkpt>
    <trkpt lat="47.577203" lon="11.53755"><ele>761.0</ele></trkpt>
    <trkpt lat="47.576901" lon="11.537422"><ele>761.5</ele></trkpt>
    <trkpt lat="47.576471" lon="11.537283"><ele>762.0</ele></trkpt>
    <trkpt lat="47.575908" lon="11.537122"><ele>763.0</ele></trkpt>
    <trkpt lat="47.575736" lon="11.537064"><ele>763.25</ele></trkpt>
    <trkpt lat="47.575408" lon="11.53693"><ele>763.75</ele></trkpt>
    <trkpt lat="47.57506" lon="11.536759"><ele>764.5</ele></trkpt>
    <trkpt lat="47.57494" lon="11.536689"><ele>764.5</ele></trkpt>
    <trkpt lat="47.574634" lon="11.536487"><ele>765.25</ele></trkpt>
    <trkpt lat="47.574144" lon="11.536094"><ele>765.25</ele></trkpt>
    <trkpt lat="47.573856" lon="11.535815"><ele>765.0</ele></trkpt>
    <trkpt lat="47.573639" lon="11.535584"><ele>764.75</ele></trkpt>
    <trkpt lat="47.573379" lon="11.535269"><ele>764.25</ele></trkpt>
    <trkpt lat="47.573093" lon="11.534858"><ele>763.75</ele></trkpt>
    <trkpt lat="47.57291" lon="11.534572"><ele>763.25</ele></trkpt>
    <trkpt lat="47.572581" lon="11.533965"><ele>764.75</ele></trkpt>
    <trkpt lat="47.572466" lon="11.533727"><ele>766.5</ele></trkpt>
    <trkpt lat="47.572356" lon="11.533479"><ele>766.0</ele></trkpt>
    <trkpt lat="47.572236" lon="11.533135"><ele>767.5</ele></trkpt>
    <trkpt lat="47.572078" lon="11.532728"><ele>767.25</ele></trkpt>
    <trkpt lat="47.572019" lon="11.532719"><ele>768.0</ele></trkpt>
    <trkpt lat="47.571898" lon="11.532701"><ele>769.0</ele></trkpt>
    <trkpt lat="47.571764" lon="11.532714"><ele>769.0</ele></trkpt>
    <trkpt lat="47.571672" lon="11.532802"><ele>769.0</ele></trkpt>
    <trkpt lat="47.57121" lon="11.533192"><ele>770.0</ele></trkpt>
    <trkpt lat="47.571079" lon="11.533278"><ele>770.0</ele></trkpt>
    <trkpt lat="47.570942" lon="11.533362"><ele>770.5</ele></trkpt>
    <trkpt lat="47.570507" lon="11.533522"><ele>771.5</ele></trkpt>
    <trkpt lat="47.570467" lon="11.533535"><ele>771.75</ele></trkpt>
    <trkpt lat="47.570283" lon="11.533581"><ele>771.75</ele></trkpt>
    <trkpt lat="47.5699" lon="11.533634"><ele>772.25</ele></trkpt>
    <trkpt lat="47.569698" lon="11.53366"><ele>773.0</ele></trkpt>
    <trkpt lat="47.569493" lon="11.533735"><ele>773.0</ele></trkpt>
    <trkpt lat="47.569284" lon="11.533857"><ele>773.0</ele></trkpt>
    <trkpt lat="47.56919" lon="11.533913"><ele>772.75</ele></trkpt>
    <trkpt lat="47.569045" lon="11.534022"><ele>772.25</ele></trkpt>
    <trkpt lat="47.568791" lon="11.534259"><ele>771.25</ele></trkpt>
    <trkpt lat="47.568515" lon="11.534579"><ele>770.0</ele></trkpt>
    <trkpt lat="47.568198" lon="11.535075"><ele>768.0</ele></trkpt>
    <trkpt lat="47.568086" lon="11.535277"><ele>767.75</ele></trkpt>
    <trkpt lat="47.567926" lon="11.535513"><ele>767.0</ele></trkpt>
    <trkpt lat="47.567771" lon="11.535717"><ele>767.0</ele></trkpt>
    <trkpt lat="47.567556" lon="11.53597"><ele>767.75</ele></trkpt>
    <trkpt lat="47.567254" lon="11.536149"><ele>767.25</ele></trkpt>
    <trkpt lat="47.56675" lon="11.536257"><ele>767.5</ele></trkpt>
    <trkpt lat="47.566438" lon="11.536271"><ele>766.25</ele></trkpt>
    <trkpt lat="47.565823" lon="11.536253"><ele>767.75</ele></trkpt>
    <trkpt lat="47.565289" lon="11.53624"><ele>768.5</ele></trkpt>
    <trkpt lat="47.564962" lon="11.536254"><ele>766.25</ele></trkpt>
    <trkpt lat="47.563835" lon="11.53638"><ele>766.0</ele></trkpt>
    <trkpt lat="47.563174" lon="11.536504"><ele>767.25</ele></trkpt>
    <trkpt lat="47.562814" lon="11.536644"><ele>767.25</ele></trkpt>
    <trkpt lat="47.562839" lon="11.536818"><ele>767.0</ele></trkpt>
    <trkpt lat="47.562866" lon="11.536921"><ele>767.0</ele></trkpt>
    <trkpt lat="47.562914" lon="11.537018"><ele>766.5</ele></trkpt>
    <trkpt lat="47.563023" lon="11.537157"><ele>766.0</ele></trkpt>
    <trkpt lat="47.56321" lon="11.537352"><ele>765.25</ele></trkpt>
    <trkpt lat="47.563356" lon="11.53749"><ele>764.0</ele></trkpt>
    <trkpt lat="47.563462" lon="11.537535"><ele>763.5</ele></trkpt>
    <trkpt lat="47.563664" lon="11.537564"><ele>762.5</ele></trkpt>
    <trkpt lat="47.563731" lon="11.537547"><ele>761.75</ele></trkpt>
    <trkpt lat="47.564001" lon="11.537862"><ele>757.5</ele></trkpt>
    <trkpt lat="47.564249" lon="11.538028"><ele>756.75</ele></trkpt>
    <trkpt lat="47.564435" lon="11.538078"><ele>756.75</ele></trkpt>
    <trkpt lat="47.564566" lon="11.538145"><ele>756.75</ele></trkpt>
    <trkpt lat="47.564726" lon="11.538153"><ele>756.5</ele></trkpt>
    <trkpt lat="47.564806" lon="11.538124"><ele>756.5</ele></trkpt>
    <trkpt lat="47.564912" lon="11.537909"><ele>756.5</ele></trkpt>
    <trkpt lat="47.564968" lon="11.537736"><ele>756.75</ele></trkpt>
    <trkpt lat="47.565026" lon="11.537589"><ele>756.25</ele></trkpt>
    <trkpt lat="47.565157" lon="11.537388"><ele>756.0</ele></trkpt>
    <trkpt lat="47.565288" lon="11.537262"><ele>755.75</ele></trkpt>
    <trkpt lat="47.565363" lon="11.537201"><ele>755.5</ele></trkpt>
    <trkpt lat="47.565505" lon="11.537124"><ele>755.0</ele></trkpt>
    <trkpt lat="47.56596" lon="11.536971"><ele>754.75</ele></trkpt>
    <trkpt lat="47.566134" lon="11.536982"><ele>754.5</ele></trkpt>
    <trkpt lat="47.566292" lon="11.536924"><ele>754.25</ele></trkpt>
    <trkpt lat="47.566398" lon="11.536838"><ele>753.75</ele></trkpt>
    <trkpt lat="47.566455" lon="11.536823"><ele>753.75</ele></trkpt>
    <trkpt lat="47.56654" lon="11.536842"><ele>753.5</ele></trkpt>
    <trkpt lat="47.566589" lon="11.53687"><ele>753.25</ele></trkpt>
    <trkpt lat="47.566709" lon="11.537018"><ele>752.25</ele></trkpt>
    <trkpt lat="47.56689" lon="11.537189"><ele>751.0</ele></trkpt>
    <trkpt lat="47.566997" lon="11.537312"><ele>750.5</ele></trkpt>
    <trkpt lat="47.567087" lon="11.537377"><ele>750.5</ele></trkpt>
    <trkpt lat="47.56715" lon="11.537403"><ele>750.75</ele></trkpt>
    <trkpt lat="47.567276" lon="11.537424"><ele>750.75</ele></trkpt>
    <trkpt lat="47.567883" lon="11.537315"><ele>750.0</ele></trkpt>
    <trkpt lat="47.567276" lon="11.537424"><ele>750.75</ele></trkpt>
    <trkpt lat="47.56715" lon="11.537403"><ele>750.75</ele></trkpt>
    <trkpt lat="47.567087" lon="11.537377"><ele>750.5</ele></trkpt>
    <trkpt lat="47.566997" lon="11.537312"><ele>750.5</ele></trkpt>
    <trkpt lat="47.56689" lon="11.537189"><ele>751.0</ele></trkpt>
    <trkpt lat="47.566709" lon="11.537018"><ele>752.25</ele></trkpt>
    <trkpt lat="47.566589" lon="11.53687"><ele>753.25</ele></trkpt>
    <trkpt lat="47.56654" lon="11.536842"><ele>753.5</ele></trkpt>
    <trkpt lat="47.566455" lon="11.536823"><ele>753.75</ele></trkpt>
    <trkpt lat="47.566398" lon="11.536838"><ele>753.75</ele></trkpt>
    <trkpt lat="47.566292" lon="11.536924"><ele>754.25</ele></trkpt>
    <trkpt lat="47.566134" lon="11.536982"><ele>754.5</ele></trkpt>
    <trkpt lat="47.56596" lon="11.536971"><ele>754.75</ele></trkpt>
    <trkpt lat="47.565505" lon="11.537124"><ele>755.0</ele></trkpt>
    <trkpt lat="47.565363" lon="11.537201"><ele>755.5</ele></trkpt>
    <trkpt lat="47.565288" lon="11.537262"><ele>755.75</ele></trkpt>
    <trkpt lat="47.565157" lon="11.537388"><ele>756.0</ele></trkpt>
    <trkpt lat="47.565026" lon="11.537589"><ele>756.25</ele></trkpt>
    <trkpt lat="47.564968" lon="11.537736"><ele>756.75</ele></trkpt>
    <trkpt lat="47.564912" lon="11.537909"><ele>756.5</ele></trkpt>
    <trkpt lat="47.564806" lon="11.538124"><ele>756.5</ele></trkpt>
    <trkpt lat="47.564726" lon="11.538153"><ele>756.5</ele></trkpt>
    <trkpt lat="47.564566" lon="11.538145"><ele>756.75</ele></trkpt>
    <trkpt lat="47.564435" lon="11.538078"><ele>756.75</ele></trkpt>
    <trkpt lat="47.564249" lon="11.538028"><ele>756.75</ele></trkpt>
    <trkpt lat="47.564001" lon="11.537862"><ele>757.5</ele></trkpt>
    <trkpt lat="47.563731" lon="11.537547"><ele>761.75</ele></trkpt>
    <trkpt lat="47.563664" lon="11.537564"><ele>762.5</ele></trkpt>
    <trkpt lat="47.563462" lon="11.537535"><ele>763.5</ele></trkpt>
    <trkpt lat="47.563356" lon="11.53749"><ele>764.0</ele></trkpt>
    <trkpt lat="47.56321" lon="11.537352"><ele>765.25</ele></trkpt>
    <trkpt lat="47.563023" lon="11.537157"><ele>766.0</ele></trkpt>
    <trkpt lat="47.562914" lon="11.537018"><ele>766.5</ele></trkpt>
    <trkpt lat="47.562866" lon="11.536921"><ele>767.0</ele></trkpt>
    <trkpt lat="47.562839" lon="11.536818"><ele>767.0</ele></trkpt>
    <trkpt lat="47.562814" lon="11.536644"><ele>767.25</ele></trkpt>
    <trkpt lat="47.563174" lon="11.536504"><ele>767.25</ele></trkpt>
    <trkpt lat="47.563835" lon="11.53638"><ele>766.0</ele></trkpt>
    <trkpt lat="47.564962" lon="11.536254"><ele>766.25</ele></trkpt>
    <trkpt lat="47.565289" lon="11.53624"><ele>768.5</ele></trkpt>
    <trkpt lat="47.565823" lon="11.536253"><ele>767.75</ele></trkpt>
    <trkpt lat="47.566438" lon="11.536271"><ele>766.25</ele></trkpt>
    <trkpt lat="47.56675" lon="11.536257"><ele>767.5</ele></trkpt>
    <trkpt lat="47.567254" lon="11.536149"><ele>767.25</ele></trkpt>
    <trkpt lat="47.567556" lon="11.53597"><ele>767.75</ele></trkpt>
    <trkpt lat="47.567771" lon="11.535717"><ele>767.0</ele></trkpt>
    <trkpt lat="47.567926" lon="11.535513"><ele>767.0</ele></trkpt>
    <trkpt lat="47.568086" lon="11.535277"><ele>767.75</ele></trkpt>
    <trkpt lat="47.568198" lon="11.535075"><ele>768.0</ele></trkpt>
    <trkpt lat="47.568515" lon="11.534579"><ele>770.0</ele></trkpt>
    <trkpt lat="47.568791" lon="11.534259"><ele>771.25</ele></trkpt>
    <trkpt lat="47.569045" lon="11.534022"><ele>772.25</ele></trkpt>
    <trkpt lat="47.56919" lon="11.533913"><ele>772.75</ele></trkpt>
    <trkpt lat="47.569284" lon="11.533857"><ele>773.0</ele></trkpt>
    <trkpt lat="47.569493" lon="11.533735"><ele>773.0</ele></trkpt>
    <trkpt lat="47.569698" lon="11.53366"><ele>773.0</ele></trkpt>
    <trkpt lat="47.5699" lon="11.533634"><ele>772.25</ele></trkpt>
    <trkpt lat="47.570283" lon="11.533581"><ele>771.75</ele></trkpt>
    <trkpt lat="47.570467" lon="11.533535"><ele>771.75</ele></trkpt>
    <trkpt lat="47.570507" lon="11.533522"><ele>771.5</ele></trkpt>
    <trkpt lat="47.570942" lon="11.533362"><ele>770.5</ele></trkpt>
    <trkpt lat="47.571079" lon="11.533278"><ele>770.0</ele></trkpt>
    <trkpt lat="47.57121" lon="11.533192"><ele>770.0</ele></trkpt>
    <trkpt lat="47.571672" lon="11.532802"><ele>769.0</ele></trkpt>
    <trkpt lat="47.571764" lon="11.532714"><ele>769.0</ele></trkpt>
    <trkpt lat="47.571898" lon="11.532701"><ele>769.0</ele></trkpt>
    <trkpt lat="47.572019" lon="11.532719"><ele>768.0</ele></trkpt>
    <trkpt lat="47.572078" lon="11.532728"><ele>767.25</ele></trkpt>
    <trkpt lat="47.572236" lon="11.533135"><ele>767.5</ele></trkpt>
    <trkpt lat="47.572356" lon="11.533479"><ele>766.0</ele></trkpt>
    <trkpt lat="47.572466" lon="11.533727"><ele>766.5</ele></trkpt>
    <trkpt lat="47.572581" lon="11.533965"><ele>764.75</ele></trkpt>
    <trkpt lat="47.57291" lon="11.534572"><ele>763.25</ele></trkpt>
    <trkpt lat="47.573093" lon="11.534858"><ele>763.75</ele></trkpt>
    <trkpt lat="47.573379" lon="11.535269"><ele>764.25</ele></trkpt>
    <trkpt lat="47.573639" lon="11.535584"><ele>764.75</ele></trkpt>
    <trkpt lat="47.573856" lon="11.535815"><ele>765.0</ele></trkpt>
    <trkpt lat="47.574144" lon="11.536094"><ele>765.25</ele></trkpt>
    <trkpt lat="47.574634" lon="11.536487"><ele>764.25</ele></trkpt>
    <trkpt lat="47.57494" lon="11.536689"><ele>764.0</ele></trkpt>
    <trkpt lat="47.57506" lon="11.536759"><ele>763.75</ele></trkpt>
    <trkpt lat="47.575408" lon="11.53693"><ele>763.25</ele></trkpt>
    <trkpt lat="47.575736" lon="11.537064"><ele>762.75</ele></trkpt>
    <trkpt lat="47.575908" lon="11.537122"><ele>762.5</ele></trkpt>
    <trkpt lat="47.576471" lon="11.537283"><ele>761.75</ele></trkpt>
    <trkpt lat="47.576901" lon="11.537422"><ele>761.25</ele></trkpt>
    <trkpt lat="47.577203" lon="11.53755"><ele>760.75</ele></trkpt>
    <trkpt lat="47.577444" lon="11.537686"><ele>760.5</ele></trkpt>
    <trkpt lat="47.577612" lon="11.537803"><ele>760.25</ele></trkpt>
    <trkpt lat="47.577647" lon="11.537832"><ele>760.25</ele></trkpt>
    <trkpt lat="47.577781" lon="11.53795"><ele>764.75</ele></trkpt>
    <trkpt lat="47.577977" lon="11.53816"><ele>768.75</ele></trkpt>
    <trkpt lat="47.578064" lon="11.538268"><ele>770.25</ele></trkpt>
    <trkpt lat="47.578255" lon="11.538575"><ele>772.0</ele></trkpt>
    <trkpt lat="47.578403" lon="11.538895"><ele>773.75</ele></trkpt>
    <trkpt lat="47.578466" lon="11.539061"><ele>776.0</ele></trkpt>
    <trkpt lat="47.578502" lon="11.539202"><ele>776.0</ele></trkpt>
    <trkpt lat="47.578522" lon="11.539314"><ele>774.25</ele></trkpt>
    <trkpt lat="47.578533" lon="11.539441"><ele>771.0</ele></trkpt>
    <trkpt lat="47.57853" lon="11.539677"><ele>774.5</ele></trkpt>
    <trkpt lat="47.578459" lon="11.540003"><ele>775.5</ele></trkpt>
    <trkpt lat="47.578389" lon="11.540286"><ele>775.75</ele></trkpt>
    <trkpt lat="47.57837" lon="11.540472"><ele>775.0</ele></trkpt>
    <trkpt lat="47.578371" lon="11.540655"><ele>775.0</ele></trkpt>
    <trkpt lat="47.578386" lon="11.540832"><ele>775.75</ele></trkpt>
    <trkpt lat="47.578456" lon="11.541277"><ele>774.25</ele></trkpt>
    <trkpt lat="47.578567" lon="11.541826"><ele>774.0</ele></trkpt>
    <trkpt lat="47.578645" lon="11.54211"><ele>776.5</ele></trkpt>
    <trkpt lat="47.578733" lon="11.542408"><ele>777.5</ele></trkpt>
    <trkpt lat="47.578891" lon="11.542865"><ele>777.75</ele></trkpt>
    <trkpt lat="47.578948" lon="11.543013"><ele>779.75</ele></trkpt>
    <trkpt lat="47.579018" lon="11.543193"><ele>778.75</ele></trkpt>
    <trkpt lat="47.579158" lon="11.543515"><ele>777.5</ele></trkpt>
    <trkpt lat="47.579255" lon="11.543701"><ele>779.0</ele></trkpt>
    <trkpt lat="47.579321" lon="11.543855"><ele>778.5</ele></trkpt>
    <trkpt lat="47.579372" lon="11.543994"><ele>779.0</ele></trkpt>
    <trkpt lat="47.579392" lon="11.544133"><ele>779.25</ele></trkpt>
    <trkpt lat="47.5794" lon="11.544353"><ele>778.5</ele></trkpt>
    <trkpt lat="47.579386" lon="11.544657"><ele>777.25</ele></trkpt>
    <trkpt lat="47.579326" lon="11.545093"><ele>776.75</ele></trkpt>
    <trkpt lat="47.579324" lon="11.54537"><ele>777.5</ele></trkpt>
    <trkpt lat="47.579347" lon="11.545511"><ele>777.25</ele></trkpt>
    <trkpt lat="47.579399" lon="11.545653"><ele>778.0</ele></trkpt>
    <trkpt lat="47.579482" lon="11.545816"><ele>779.75</ele></trkpt>
    <trkpt lat="47.579564" lon="11.545954"><ele>779.5</ele></trkpt>
    <trkpt lat="47.579873" lon="11.546315"><ele>781.0</ele></trkpt>
    <trkpt lat="47.579945" lon="11.54642"><ele>781.25</ele></trkpt>
    <trkpt lat="47.580006" lon="11.546553"><ele>779.75</ele></trkpt>
    <trkpt lat="47.580136" lon="11.546922"><ele>776.25</ele></trkpt>
    <trkpt lat="47.580237" lon="11.547083"><ele>777.0</ele></trkpt>
    <trkpt lat="47.580361" lon="11.547221"><ele>777.0</ele></trkpt>
    <trkpt lat="47.580458" lon="11.5473"><ele>776.25</ele></trkpt>
    <trkpt lat="47.580543" lon="11.547337"><ele>776.0</ele></trkpt>
    <trkpt lat="47.580635" lon="11.547362"><ele>775.75</ele></trkpt>
    <trkpt lat="47.580738" lon="11.547372"><ele>775.5</ele></trkpt>
    <trkpt lat="47.580859" lon="11.547356"><ele>775.25</ele></trkpt>
    <trkpt lat="47.580953" lon="11.547331"><ele>775.0</ele></trkpt>
    <trkpt lat="47.581143" lon="11.547227"><ele>774.5</ele></trkpt>
    <trkpt lat="47.581459" lon="11.547064"><ele>773.0</ele></trkpt>
    <trkpt lat="47.581534" lon="11.547036"><ele>772.0</ele></trkpt>
    <trkpt lat="47.581624" lon="11.547001"><ele>771.25</ele></trkpt>
    <trkpt lat="47.581829" lon="11.546956"><ele>771.25</ele></trkpt>
    <trkpt lat="47.582008" lon="11.546948"><ele>770.5</ele></trkpt>
    <trkpt lat="47.582435" lon="11.546974"><ele>769.75</ele></trkpt>
    <trkpt lat="47.582663" lon="11.54701"><ele>770.0</ele></trkpt>
    <trkpt lat="47.5829" lon="11.547085"><ele>770.75</ele></trkpt>
    <trkpt lat="47.583863" lon="11.547489"><ele>767.0</ele></trkpt>
    <trkpt lat="47.583983" lon="11.547548"><ele>768.0</ele></trkpt>
    <trkpt lat="47.584623" lon="11.547866"><ele>768.0</ele></trkpt>
    <trkpt lat="47.585334" lon="11.548375"><ele>766.5</ele></trkpt>
    <trkpt lat="47.58549" lon="11.548439"><ele>768.25</ele></trkpt>
    <trkpt lat="47.5857" lon="11.548462"><ele>768.5</ele></trkpt>
    <trkpt lat="47.585816" lon="11.548457"><ele>768.0</ele></trkpt>
    <trkpt lat="47.585817" lon="11.548553"><ele>767.25</ele></trkpt>
    <trkpt lat="47.585899" lon="11.548558"><ele>767.25</ele></trkpt>
    <trkpt lat="47.585946" lon="11.54858"><ele>767.25</ele></trkpt>
    <trkpt lat="47.585992" lon="11.548594"><ele>767.5</ele></trkpt>
    <trkpt lat="47.586013" lon="11.548647"><ele>767.0</ele></trkpt>
    <trkpt lat="47.586489" lon="11.550288"><ele>764.25</ele></trkpt>
    <trkpt lat="47.586515" lon="11.550428"><ele>764.5</ele></trkpt>
    <trkpt lat="47.586527" lon="11.550559"><ele>765.0</ele></trkpt>
    <trkpt lat="47.586523" lon="11.550699"><ele>766.25</ele></trkpt>
    <trkpt lat="47.586504" lon="11.550848"><ele>767.0</ele></trkpt>
    <trkpt lat="47.586527" lon="11.550867"><ele>768.75</ele></trkpt>
    <trkpt lat="47.586499" lon="11.550963"><ele>769.75</ele></trkpt>
    <trkpt lat="47.586461" lon="11.551046"><ele>769.25</ele></trkpt>
    <trkpt lat="47.58637" lon="11.55117"><ele>767.25</ele></trkpt>
    <trkpt lat="47.586278" lon="11.551276"><ele>767.25</ele></trkpt>
    <trkpt lat="47.586051" lon="11.551441"><ele>766.5</ele></trkpt>
    <trkpt lat="47.586027" lon="11.551434"><ele>765.5</ele></trkpt>
    <trkpt lat="47.585902" lon="11.551504"><ele>764.25</ele></trkpt>
    <trkpt lat="47.585788" lon="11.551594"><ele>763.25</ele></trkpt>
    <trkpt lat="47.585655" lon="11.551734"><ele>763.0</ele></trkpt>
    <trkpt lat="47.585522" lon="11.551919"><ele>763.75</ele></trkpt>
    <trkpt lat="47.585418" lon="11.552118"><ele>764.25</ele></trkpt>
    <trkpt lat="47.585374" lon="11.552224"><ele>765.25</ele></trkpt>
    <trkpt lat="47.585362" lon="11.552352"><ele>767.5</ele></trkpt>
    <trkpt lat="47.585391" lon="11.552374"><ele>769.25</ele></trkpt>
    <trkpt lat="47.585313" lon="11.552708"><ele>767.25</ele></trkpt>
    <trkpt lat="47.585267" lon="11.552964"><ele>766.0</ele></trkpt>
    <trkpt lat="47.585253" lon="11.553041"><ele>766.25</ele></trkpt>
    <trkpt lat="47.585144" lon="11.553885"><ele>769.75</ele></trkpt>
    <trkpt lat="47.585081" lon="11.554221"><ele>769.5</ele></trkpt>
    <trkpt lat="47.584845" lon="11.555253"><ele>769.75</ele></trkpt>
    <trkpt lat="47.584761" lon="11.555693"><ele>769.5</ele></trkpt>
    <trkpt lat="47.584714" lon="11.556153"><ele>768.5</ele></trkpt>
    <trkpt lat="47.584701" lon="11.556611"><ele>768.25</ele></trkpt>
    <trkpt lat="47.584728" lon="11.557071"><ele>768.25</ele></trkpt>
    <trkpt lat="47.584777" lon="11.557491"><ele>770.25</ele></trkpt>
    <trkpt lat="47.584885" lon="11.558142"><ele>769.0</ele></trkpt>
    <trkpt lat="47.584984" lon="11.558659"><ele>768.75</ele></trkpt>
    <trkpt lat="47.585087" lon="11.559248"><ele>773.0</ele></trkpt>
    <trkpt lat="47.585194" lon="11.559926"><ele>772.0</ele></trkpt>
    <trkpt lat="47.585323" lon="11.560875"><ele>772.25</ele></trkpt>
    <trkpt lat="47.585367" lon="11.561411"><ele>773.25</ele></trkpt>
    <trkpt lat="47.585387" lon="11.561742"><ele>773.5</ele></trkpt>
    <trkpt lat="47.585423" lon="11.562568"><ele>774.5</ele></trkpt>
    <trkpt lat="47.585428" lon="11.563081"><ele>771.75</ele></trkpt>
    <trkpt lat="47.585442" lon="11.563679"><ele>773.5</ele></trkpt>
    <trkpt lat="47.585484" lon="11.564402"><ele>773.0</ele></trkpt>
    <trkpt lat="47.585631" lon="11.565729"><ele>775.25</ele></trkpt>
    <trkpt lat="47.585695" lon="11.566396"><ele>773.25</ele></trkpt>
    <trkpt lat="47.585713" lon="11.566784"><ele>773.0</ele></trkpt>
    <trkpt lat="47.585705" lon="11.567116"><ele>773.25</ele></trkpt>
    <trkpt lat="47.585678" lon="11.567445"><ele>772.75</ele></trkpt>
    <trkpt lat="47.585634" lon="11.567793"><ele>771.25</ele></trkpt>
    <trkpt lat="47.585527" lon="11.568426"><ele>773.0</ele></trkpt>
    <trkpt lat="47.585475" lon="11.56884"><ele>775.0</ele></trkpt>
    <trkpt lat="47.585457" lon="11.569232"><ele>774.5</ele></trkpt>
    <trkpt lat="47.58548" lon="11.570068"><ele>765.0</ele></trkpt>
    <trkpt lat="47.585478" lon="11.570219"><ele>768.5</ele></trkpt>
    <trkpt lat="47.585463" lon="11.5704"><ele>767.0</ele></trkpt>
    <trkpt lat="47.585443" lon="11.57058"><ele>765.0</ele></trkpt>
    <trkpt lat="47.585254" lon="11.571815"><ele>770.75</ele></trkpt>
    <trkpt lat="47.585225" lon="11.572043"><ele>770.5</ele></trkpt>
    <trkpt lat="47.58521" lon="11.572424"><ele>771.25</ele></trkpt>
    <trkpt lat="47.585213" lon="11.572564"><ele>771.5</ele></trkpt>
    <trkpt lat="47.585227" lon="11.572893"><ele>771.25</ele></trkpt>
    <trkpt lat="47.585282" lon="11.573531"><ele>769.75</ele></trkpt>
    <trkpt lat="47.585293" lon="11.573966"><ele>770.0</ele></trkpt>
    <trkpt lat="47.585296" lon="11.574267"><ele>770.25</ele></trkpt>
    <trkpt lat="47.585271" lon="11.574745"><ele>768.5</ele></trkpt>
    <trkpt lat="47.585234" lon="11.575202"><ele>768.25</ele></trkpt>
    <trkpt lat="47.585197" lon="11.575527"><ele>770.25</ele></trkpt>
    <trkpt lat="47.585085" lon="11.576222"><ele>771.25</ele></trkpt>
    <trkpt lat="47.584977" lon="11.57668"><ele>768.0</ele></trkpt>
    <trkpt lat="47.5849" lon="11.576958"><ele>768.5</ele></trkpt>
    <trkpt lat="47.584745" lon="11.577391"><ele>768.25</ele></trkpt>
    <trkpt lat="47.584715" lon="11.577472"><ele>768.25</ele></trkpt>
    <trkpt lat="47.584533" lon="11.57786"><ele>769.0</ele></trkpt>
    <trkpt lat="47.584294" lon="11.578281"><ele>767.5</ele></trkpt>
    <trkpt lat="47.584123" lon="11.578552"><ele>767.0</ele></trkpt>
    <trkpt lat="47.583923" lon="11.578877"><ele>766.5</ele></trkpt>
    <trkpt lat="47.583844" lon="11.579027"><ele>765.25</ele></trkpt>
    <trkpt lat="47.583694" lon="11.579323"><ele>766.0</ele></trkpt>
    <trkpt lat="47.583559" lon="11.579631"><ele>768.25</ele></trkpt>
    <trkpt lat="47.583437" lon="11.579986"><ele>770.0</ele></trkpt>
    <trkpt lat="47.583321" lon="11.580443"><ele>766.0</ele></trkpt>
    <trkpt lat="47.583195" lon="11.581031"><ele>768.25</ele></trkpt>
    <trkpt lat="47.583071" lon="11.581568"><ele>766.5</ele></trkpt>
    <trkpt lat="47.582901" lon="11.582136"><ele>767.0</ele></trkpt>
    <trkpt lat="47.582706" lon="11.582709"><ele>767.0</ele></trkpt>
    <trkpt lat="47.582471" lon="11.58345"><ele>766.25</ele></trkpt>
    <trkpt lat="47.582561" lon="11.583743"><ele>773.0</ele></trkpt>
    <trkpt lat="47.582527" lon="11.58428"><ele>779.0</ele></trkpt>
    <trkpt lat="47.582413" lon="11.58521"><ele>786.75</ele></trkpt>
    <trkpt lat="47.582446" lon="11.58644"><ele>796.75</ele></trkpt>
    <trkpt lat="47.582485" lon="11.586567"><ele>798.5</ele></trkpt>
    <trkpt lat="47.582843" lon="11.586848"><ele>802.75</ele></trkpt>
    <trkpt lat="47.583118" lon="11.587365"><ele>805.75</ele></trkpt>
    <trkpt lat="47.583385" lon="11.588287"><ele>807.5</ele></trkpt>
    <trkpt lat="47.583729" lon="11.588652"><ele>809.75</ele></trkpt>
    <trkpt lat="47.58365" lon="11.588736"><ele>809.5</ele></trkpt>
    <trkpt lat="47.583574" lon="11.588837"><ele>809.0</ele></trkpt>
    <trkpt lat="47.583483" lon="11.589118"><ele>806.0</ele></trkpt>
    <trkpt lat="47.583468" lon="11.589279"><ele>804.75</ele></trkpt>
    <trkpt lat="47.583483" lon="11.589484"><ele>804.5</ele></trkpt>
    <trkpt lat="47.583475" lon="11.589674"><ele>802.75</ele></trkpt>
    <trkpt lat="47.583507" lon="11.590056"><ele>801.5</ele></trkpt>
    <trkpt lat="47.583509" lon="11.590271"><ele>799.75</ele></trkpt>
    <trkpt lat="47.583517" lon="11.590439"><ele>798.75</ele></trkpt>
    <trkpt lat="47.583536" lon="11.590614"><ele>798.0</ele></trkpt>
    <trkpt lat="47.583566" lon="11.590743"><ele>798.0</ele></trkpt>
    <trkpt lat="47.583665" lon="11.590973"><ele>797.25</ele></trkpt>
    <trkpt lat="47.58375" lon="11.591109"><ele>796.0</ele></trkpt>
    <trkpt lat="47.583786" lon="11.591253"><ele>795.0</ele></trkpt>
    <trkpt lat="47.58379" lon="11.591423"><ele>793.75</ele></trkpt>
    <trkpt lat="47.583782" lon="11.591586"><ele>792.25</ele></trkpt>
    <trkpt lat="47.583756" lon="11.591715"><ele>791.0</ele></trkpt>
    <trkpt lat="47.583695" lon="11.591866"><ele>789.75</ele></trkpt>
    <trkpt lat="47.583499" lon="11.592209"><ele>785.5</ele></trkpt>
    <trkpt lat="47.583427" lon="11.592305"><ele>784.25</ele></trkpt>
    <trkpt lat="47.583309" lon="11.592563"><ele>783.5</ele></trkpt>
    <trkpt lat="47.583256" lon="11.592739"><ele>780.5</ele></trkpt>
    <trkpt lat="47.583192" lon="11.592999"><ele>779.5</ele></trkpt>
    <trkpt lat="47.583118" lon="11.593358"><ele>780.75</ele></trkpt>
    <trkpt lat="47.582939" lon="11.594189"><ele>780.75</ele></trkpt>
    <trkpt lat="47.582891" lon="11.594447"><ele>781.0</ele></trkpt>
    <trkpt lat="47.582862" lon="11.594668"><ele>781.25</ele></trkpt>
    <trkpt lat="47.58279" lon="11.595124"><ele>782.5</ele></trkpt>
    <trkpt lat="47.582767" lon="11.595377"><ele>783.25</ele></trkpt>
    <trkpt lat="47.582781" lon="11.595754"><ele>783.25</ele></trkpt>
    <trkpt lat="47.582797" lon="11.595905"><ele>783.25</ele></trkpt>
    <trkpt lat="47.58282" lon="11.59605"><ele>783.75</ele></trkpt>
    <trkpt lat="47.582866" lon="11.596196"><ele>784.0</ele></trkpt>
    <trkpt lat="47.58289" lon="11.596302"><ele>784.25</ele></trkpt>
    <trkpt lat="47.582909" lon="11.596375"><ele>784.25</ele></trkpt>
    <trkpt lat="47.582831" lon="11.596334"><ele>784.0</ele></trkpt>
    <trkpt lat="47.582731" lon="11.596277"><ele>783.75</ele></trkpt>
    <trkpt lat="47.582803" lon="11.596545"><ele>784.0</ele></trkpt>
    <trkpt lat="47.582891" lon="11.596785"><ele>784.25</ele></trkpt>
    <trkpt lat="47.582993" lon="11.597003"><ele>785.0</ele></trkpt>
    <trkpt lat="47.583056" lon="11.597116"><ele>785.5</ele></trkpt>
    <trkpt lat="47.583171" lon="11.597299"><ele>786.0</ele></trkpt>
    <trkpt lat="47.58336" lon="11.597549"><ele>783.75</ele></trkpt>
    <trkpt lat="47.583733" lon="11.598019"><ele>785.75</ele></trkpt>
    <trkpt lat="47.583871" lon="11.598209"><ele>786.75</ele></trkpt>
    <trkpt lat="47.584025" lon="11.598448"><ele>787.75</ele></trkpt>
    <trkpt lat="47.58417" lon="11.5987"><ele>787.0</ele></trkpt>
    <trkpt lat="47.584408" lon="11.59916"><ele>788.75</ele></trkpt>
    <trkpt lat="47.58452" lon="11.599426"><ele>791.25</ele></trkpt>
    <trkpt lat="47.58463" lon="11.59972"><ele>789.5</ele></trkpt>
    <trkpt lat="47.584708" lon="11.599994"><ele>789.5</ele></trkpt>
    <trkpt lat="47.584771" lon="11.600289"><ele>791.0</ele></trkpt>
    <trkpt lat="47.584798" lon="11.600506"><ele>792.25</ele></trkpt>
    <trkpt lat="47.584813" lon="11.600773"><ele>793.75</ele></trkpt>
    <trkpt lat="47.584812" lon="11.60087"><ele>793.75</ele></trkpt>
    <trkpt lat="47.58479" lon="11.601254"><ele>796.25</ele></trkpt>
    <trkpt lat="47.584744" lon="11.60157"><ele>796.25</ele></trkpt>
    <trkpt lat="47.58468" lon="11.60184"><ele>798.0</ele></trkpt>
    <trkpt lat="47.584594" lon="11.602116"><ele>799.5</ele></trkpt>
    <trkpt lat="47.584359" lon="11.602755"><ele>799.75</ele></trkpt>
    <trkpt lat="47.584419" lon="11.602869"><ele>800.25</ele></trkpt>
    <trkpt lat="47.58442" lon="11.603148"><ele>801.0</ele></trkpt>
    <trkpt lat="47.584369" lon="11.603308"><ele>801.5</ele></trkpt>
    <trkpt lat="47.584305" lon="11.603584"><ele>802.25</ele></trkpt>
    <trkpt lat="47.584209" lon="11.603901"><ele>802.25</ele></trkpt>
    <trkpt lat="47.584179" lon="11.603977"><ele>802.25</ele></trkpt>
    <trkpt lat="47.584102" lon="11.604053"><ele>802.75</ele></trkpt>
    <trkpt lat="47.584116" lon="11.604173"><ele>803.0</ele></trkpt>
    <trkpt lat="47.584084" lon="11.604263"><ele>803.75</ele></trkpt>
    <trkpt lat="47.583984" lon="11.604624"><ele>804.75</ele></trkpt>
    <trkpt lat="47.583942" lon="11.604704"><ele>805.0</ele></trkpt>
    <trkpt lat="47.583868" lon="11.604731"><ele>805.0</ele></trkpt>
    <trkpt lat="47.58378" lon="11.604737"><ele>805.0</ele></trkpt>
    <trkpt lat="47.583728" lon="11.605002"><ele>807.5</ele></trkpt>
    <trkpt lat="47.583652" lon="11.605464"><ele>808.0</ele></trkpt>
    <trkpt lat="47.583552" lon="11.606391"><ele>805.0</ele></trkpt>
    <trkpt lat="47.583499" lon="11.606689"><ele>806.0</ele></trkpt>
    <trkpt lat="47.583438" lon="11.606928"><ele>806.0</ele></trkpt>
    <trkpt lat="47.583366" lon="11.607173"><ele>807.0</ele></trkpt>
    <trkpt lat="47.583273" lon="11.607427"><ele>807.75</ele></trkpt>
    <trkpt lat="47.583147" lon="11.607688"><ele>809.0</ele></trkpt>
    <trkpt lat="47.583067" lon="11.607831"><ele>809.25</ele></trkpt>
    <trkpt lat="47.582957" lon="11.608"><ele>809.0</ele></trkpt>
    <trkpt lat="47.582631" lon="11.6084"><ele>813.25</ele></trkpt>
    <trkpt lat="47.582413" lon="11.608675"><ele>811.75</ele></trkpt>
    <trkpt lat="47.58227" lon="11.608872"><ele>811.25</ele></trkpt>
    <trkpt lat="47.581994" lon="11.609315"><ele>811.5</ele></trkpt>
    <trkpt lat="47.581922" lon="11.609454"><ele>810.75</ele></trkpt>
    <trkpt lat="47.581642" lon="11.6101"><ele>809.25</ele></trkpt>
    <trkpt lat="47.581534" lon="11.610395"><ele>808.25</ele></trkpt>
    <trkpt lat="47.581488" lon="11.610544"><ele>808.75</ele></trkpt>
    <trkpt lat="47.581427" lon="11.610763"><ele>809.5</ele></trkpt>
    <trkpt lat="47.581339" lon="11.611141"><ele>808.5</ele></trkpt>
    <trkpt lat="47.581279" lon="11.611472"><ele>808.0</ele></trkpt>
    <trkpt lat="47.581222" lon="11.611887"><ele>810.25</ele></trkpt>
    <trkpt lat="47.581198" lon="11.612139"><ele>810.75</ele></trkpt>
    <trkpt lat="47.581179" lon="11.612498"><ele>811.0</ele></trkpt>
    <trkpt lat="47.581168" lon="11.612876"><ele>811.25</ele></trkpt>
    <trkpt lat="47.581179" lon="11.613308"><ele>811.75</ele></trkpt>
    <trkpt lat="47.581217" lon="11.613867"><ele>811.75</ele></trkpt>
    <trkpt lat="47.581265" lon="11.614281"><ele>810.0</ele></trkpt>
    <trkpt lat="47.581211" lon="11.614244"><ele>809.0</ele></trkpt>
    <trkpt lat="47.581247" lon="11.614482"><ele>807.75</ele></trkpt>
    <trkpt lat="47.58135" lon="11.614984"><ele>806.5</ele></trkpt>
    <trkpt lat="47.581423" lon="11.615295"><ele>805.75</ele></trkpt>
    <trkpt lat="47.581516" lon="11.615621"><ele>803.75</ele></trkpt>
    <trkpt lat="47.581589" lon="11.615844"><ele>805.0</ele></trkpt>
    <trkpt lat="47.5817" lon="11.616146"><ele>807.0</ele></trkpt>
    <trkpt lat="47.581738" lon="11.616215"><ele>806.5</ele></trkpt>
    <trkpt lat="47.581773" lon="11.616281"><ele>806.25</ele></trkpt>
    <trkpt lat="47.581934" lon="11.616653"><ele>807.0</ele></trkpt>
    <trkpt lat="47.582044" lon="11.616871"><ele>807.5</ele></trkpt>
    <trkpt lat="47.582228" lon="11.617154"><ele>808.5</ele></trkpt>
    <trkpt lat="47.582289" lon="11.617234"><ele>808.5</ele></trkpt>
    <trkpt lat="47.582407" lon="11.617374"><ele>809.25</ele></trkpt>
    <trkpt lat="47.582579" lon="11.617536"><ele>810.75</ele></trkpt>
    <trkpt lat="47.583087" lon="11.617865"><ele>812.75</ele></trkpt>
    <trkpt lat="47.58327" lon="11.618007"><ele>813.25</ele></trkpt>
    <trkpt lat="47.583475" lon="11.618184"><ele>814.25</ele></trkpt>
    <trkpt lat="47.583599" lon="11.618323"><ele>812.5</ele></trkpt>
    <trkpt lat="47.583688" lon="11.618445"><ele>814.5</ele></trkpt>
    <trkpt lat="47.583789" lon="11.618605"><ele>815.0</ele></trkpt>
    <trkpt lat="47.583973" lon="11.618933"><ele>807.5</ele></trkpt>
    <trkpt lat="47.584021" lon="11.619029"><ele>806.5</ele></trkpt>
    <trkpt lat="47.584214" lon="11.619511"><ele>807.25</ele></trkpt>
    <trkpt lat="47.584237" lon="11.619582"><ele>807.0</ele></trkpt>
    <trkpt lat="47.584304" lon="11.619797"><ele>807.0</ele></trkpt>
    <trkpt lat="47.584387" lon="11.620101"><ele>807.0</ele></trkpt>
    <trkpt lat="47.584446" lon="11.620367"><ele>807.0</ele></trkpt>
    <trkpt lat="47.584507" lon="11.620674"><ele>807.0</ele></trkpt>
    <trkpt lat="47.58455" lon="11.620998"><ele>807.5</ele></trkpt>
    <trkpt lat="47.584555" lon="11.621081"><ele>808.0</ele></trkpt>
    <trkpt lat="47.584557" lon="11.621216"><ele>808.5</ele></trkpt>
    <trkpt lat="47.584588" lon="11.621697"><ele>809.75</ele></trkpt>
    <trkpt lat="47.584611" lon="11.622382"><ele>807.75</ele></trkpt>
    <trkpt lat="47.584606" lon="11.622971"><ele>806.75</ele></trkpt>
    <trkpt lat="47.584584" lon="11.623303"><ele>806.75</ele></trkpt>
    <trkpt lat="47.584555" lon="11.623543"><ele>806.75</ele></trkpt>
    <trkpt lat="47.584529" lon="11.623724"><ele>806.0</ele></trkpt>
    <trkpt lat="47.584444" lon="11.624181"><ele>802.0</ele></trkpt>
    <trkpt lat="47.584398" lon="11.624296"><ele>803.0</ele></trkpt>
    <trkpt lat="47.584289" lon="11.624471"><ele>802.5</ele></trkpt>
    <trkpt lat="47.584118" lon="11.624833"><ele>802.25</ele></trkpt>
    <trkpt lat="47.583997" lon="11.62508"><ele>802.75</ele></trkpt>
    <trkpt lat="47.58379" lon="11.625399"><ele>802.25</ele></trkpt>
    <trkpt lat="47.58371" lon="11.625498"><ele>802.5</ele></trkpt>
    <trkpt lat="47.583625" lon="11.62558"><ele>802.0</ele></trkpt>
    <trkpt lat="47.583564" lon="11.625677"><ele>802.25</ele></trkpt>
    <trkpt lat="47.583516" lon="11.625796"><ele>802.5</ele></trkpt>
    <trkpt lat="47.583371" lon="11.626078"><ele>802.5</ele></trkpt>
    <trkpt lat="47.583095" lon="11.626325"><ele>802.5</ele></trkpt>
    <trkpt lat="47.582974" lon="11.626512"><ele>803.0</ele></trkpt>
    <trkpt lat="47.582825" lon="11.626714"><ele>803.25</ele></trkpt>
    <trkpt lat="47.582723" lon="11.626879"><ele>804.25</ele></trkpt>
    <trkpt lat="47.582495" lon="11.627166"><ele>803.25</ele></trkpt>
    <trkpt lat="47.582322" lon="11.627399"><ele>804.0</ele></trkpt>
    <trkpt lat="47.58187" lon="11.62814"><ele>804.75</ele></trkpt>
    <trkpt lat="47.581811" lon="11.628268"><ele>805.5</ele></trkpt>
    <trkpt lat="47.58165" lon="11.628541"><ele>804.25</ele></trkpt>
    <trkpt lat="47.581495" lon="11.628788"><ele>805.25</ele></trkpt>
    <trkpt lat="47.58123" lon="11.629118"><ele>804.5</ele></trkpt>
    <trkpt lat="47.58119" lon="11.629322"><ele>805.0</ele></trkpt>
    <trkpt lat="47.581169" lon="11.62953"><ele>805.5</ele></trkpt>
    <trkpt lat="47.58128" lon="11.629396"><ele>807.0</ele></trkpt>
    <trkpt lat="47.581449" lon="11.629143"><ele>807.25</ele></trkpt>
    <trkpt lat="47.581575" lon="11.628976"><ele>808.75</ele></trkpt>
    <trkpt lat="47.58165" lon="11.628896"><ele>809.5</ele></trkpt>
    <trkpt lat="47.581756" lon="11.628785"><ele>810.25</ele></trkpt>
    <trkpt lat="47.581693" lon="11.628912"><ele>810.75</ele></trkpt>
    <trkpt lat="47.581413" lon="11.629614"><ele>812.25</ele></trkpt>
    <trkpt lat="47.581252" lon="11.63008"><ele>812.5</ele></trkpt>
    <trkpt lat="47.581091" lon="11.630698"><ele>815.25</ele></trkpt>
    <trkpt lat="47.581008" lon="11.631115"><ele>816.0</ele></trkpt>
    <trkpt lat="47.58094" lon="11.631577"><ele>819.5</ele></trkpt>
    <trkpt lat="47.580915" lon="11.631961"><ele>822.0</ele></trkpt>
    <trkpt lat="47.580908" lon="11.632183"><ele>823.0</ele></trkpt>
    <trkpt lat="47.580913" lon="11.632407"><ele>823.75</ele></trkpt>
    <trkpt lat="47.580975" lon="11.632842"><ele>824.5</ele></trkpt>
    <trkpt lat="47.581016" lon="11.632995"><ele>823.75</ele></trkpt>
    <trkpt lat="47.581077" lon="11.633157"><ele>824.75</ele></trkpt>
    <trkpt lat="47.581168" lon="11.633342"><ele>828.0</ele></trkpt>
    <trkpt lat="47.581252" lon="11.63348"><ele>828.75</ele></trkpt>
    <trkpt lat="47.581384" lon="11.633644"><ele>827.25</ele></trkpt>
    <trkpt lat="47.581614" lon="11.633863"><ele>829.5</ele></trkpt>
    <trkpt lat="47.581684" lon="11.633915"><ele>829.5</ele></trkpt>
    <trkpt lat="47.582018" lon="11.63412"><ele>831.25</ele></trkpt>
    <trkpt lat="47.582111" lon="11.634174"><ele>830.75</ele></trkpt>
    <trkpt lat="47.582133" lon="11.634187"><ele>830.75</ele></trkpt>
    <trkpt lat="47.582179" lon="11.634219"><ele>831.0</ele></trkpt>
    <trkpt lat="47.582206" lon="11.634237"><ele>831.0</ele></trkpt>
    <trkpt lat="47.582306" lon="11.634367"><ele>831.75</ele></trkpt>
    <trkpt lat="47.582392" lon="11.634417"><ele>832.0</ele></trkpt>
    <trkpt lat="47.582428" lon="11.634434"><ele>832.0</ele></trkpt>
    <trkpt lat="47.582403" lon="11.634554"><ele>832.75</ele></trkpt>
    <trkpt lat="47.582386" lon="11.634694"><ele>833.75</ele></trkpt>
    <trkpt lat="47.582376" lon="11.634846"><ele>834.75</ele></trkpt>
    <trkpt lat="47.582376" lon="11.635114"><ele>836.25</ele></trkpt>
    <trkpt lat="47.58232" lon="11.635106"><ele>836.25</ele></trkpt>
    <trkpt lat="47.582353" lon="11.635531"><ele>839.0</ele></trkpt>
    <trkpt lat="47.5824" lon="11.635524"><ele>838.0</ele></trkpt>
    <trkpt lat="47.582445" lon="11.635523"><ele>837.0</ele></trkpt>
    <trkpt lat="47.582494" lon="11.635552"><ele>836.0</ele></trkpt>
    <trkpt lat="47.582523" lon="11.635698"><ele>836.25</ele></trkpt>
    <trkpt lat="47.582559" lon="11.636209"><ele>836.75</ele></trkpt>
    <trkpt lat="47.582583" lon="11.636348"><ele>837.0</ele></trkpt>
    <trkpt lat="47.582628" lon="11.63652"><ele>836.25</ele></trkpt>
    <trkpt lat="47.582648" lon="11.636718"><ele>835.75</ele></trkpt>
    <trkpt lat="47.582657" lon="11.636873"><ele>836.0</ele></trkpt>
    <trkpt lat="47.582654" lon="11.637475"><ele>838.25</ele></trkpt>
    <trkpt lat="47.582609" lon="11.638273"><ele>840.25</ele></trkpt>
    <trkpt lat="47.582605" lon="11.638773"><ele>840.5</ele></trkpt>
    <trkpt lat="47.582574" lon="11.6392"><ele>840.0</ele></trkpt>
    <trkpt lat="47.582531" lon="11.639548"><ele>840.75</ele></trkpt>
    <trkpt lat="47.582497" lon="11.639693"><ele>841.0</ele></trkpt>
    <trkpt lat="47.58241" lon="11.639929"><ele>841.75</ele></trkpt>
    <trkpt lat="47.582336" lon="11.640167"><ele>842.5</ele></trkpt>
    <trkpt lat="47.582308" lon="11.640299"><ele>843.0</ele></trkpt>
    <trkpt lat="47.58225" lon="11.640518"><ele>843.75</ele></trkpt>
    <trkpt lat="47.582152" lon="11.640698"><ele>844.0</ele></trkpt>
    <trkpt lat="47.582036" lon="11.640866"><ele>844.0</ele></trkpt>
    <trkpt lat="47.58193" lon="11.640991"><ele>844.25</ele></trkpt>
    <trkpt lat="47.581771" lon="11.641152"><ele>843.75</ele></trkpt>
    <trkpt lat="47.581349" lon="11.641532"><ele>842.5</ele></trkpt>
    <trkpt lat="47.581137" lon="11.641707"><ele>841.25</ele></trkpt>
    <trkpt lat="47.580871" lon="11.641966"><ele>841.0</ele></trkpt>
    <trkpt lat="47.580569" lon="11.642212"><ele>839.75</ele></trkpt>
    <trkpt lat="47.580339" lon="11.642343"><ele>838.0</ele></trkpt>
    <trkpt lat="47.580092" lon="11.642432"><ele>837.0</ele></trkpt>
    <trkpt lat="47.57969" lon="11.642693"><ele>835.0</ele></trkpt>
    <trkpt lat="47.579482" lon="11.642813"><ele>834.0</ele></trkpt>
    <trkpt lat="47.57852" lon="11.643371"><ele>829.5</ele></trkpt>
    <trkpt lat="47.577942" lon="11.643736"><ele>827.5</ele></trkpt>
    <trkpt lat="47.577896" lon="11.643749"><ele>827.25</ele></trkpt>
    <trkpt lat="47.577858" lon="11.643737"><ele>827.25</ele></trkpt>
    <trkpt lat="47.57784" lon="11.643726"><ele>827.0</ele></trkpt>
    <trkpt lat="47.577468" lon="11.643991"><ele>826.5</ele></trkpt>
    <trkpt lat="47.576936" lon="11.644347"><ele>825.75</ele></trkpt>
    <trkpt lat="47.576821" lon="11.644448"><ele>826.0</ele></trkpt>
    <trkpt lat="47.576661" lon="11.644606"><ele>825.75</ele></trkpt>
    <trkpt lat="47.576551" lon="11.644801"><ele>824.75</ele></trkpt>
    <trkpt lat="47.576209" lon="11.6453"><ele>826.0</ele></trkpt>
    <trkpt lat="47.575966" lon="11.64568"><ele>825.75</ele></trkpt>
    <trkpt lat="47.575904" lon="11.645764"><ele>826.0</ele></trkpt>
    <trkpt lat="47.575711" lon="11.646039"><ele>825.75</ele></trkpt>
    <trkpt lat="47.575363" lon="11.646539"><ele>824.25</ele></trkpt>
    <trkpt lat="47.57524" lon="11.646723"><ele>823.0</ele></trkpt>
    <trkpt lat="47.57512" lon="11.646919"><ele>822.5</ele></trkpt>
    <trkpt lat="47.575047" lon="11.647041"><ele>821.75</ele></trkpt>
    <trkpt lat="47.574983" lon="11.64718"><ele>820.75</ele></trkpt>
    <trkpt lat="47.574927" lon="11.647327"><ele>820.5</ele></trkpt>
    <trkpt lat="47.574895" lon="11.647419"><ele>820.5</ele></trkpt>
    <trkpt lat="47.574853" lon="11.647601"><ele>821.25</ele></trkpt>
    <trkpt lat="47.574786" lon="11.647958"><ele>822.5</ele></trkpt>
    <trkpt lat="47.574701" lon="11.648448"><ele>822.75</ele></trkpt>
    <trkpt lat="47.574652" lon="11.64866"><ele>822.5</ele></trkpt>
    <trkpt lat="47.574583" lon="11.648905"><ele>822.5</ele></trkpt>
    <trkpt lat="47.574544" lon="11.649005"><ele>822.5</ele></trkpt>
    <trkpt lat="47.574342" lon="11.649549"><ele>823.5</ele></trkpt>
    <trkpt lat="47.574281" lon="11.649731"><ele>824.75</ele></trkpt>
    <trkpt lat="47.574211" lon="11.650008"><ele>824.25</ele></trkpt>
    <trkpt lat="47.57416" lon="11.650254"><ele>821.75</ele></trkpt>
    <trkpt lat="47.573999" lon="11.65115"><ele>826.25</ele></trkpt>
    <trkpt lat="47.573851" lon="11.652045"><ele>820.75</ele></trkpt>
    <trkpt lat="47.57379" lon="11.65237"><ele>821.25</ele></trkpt>
    <trkpt lat="47.573714" lon="11.652694"><ele>821.25</ele></trkpt>
    <trkpt lat="47.573634" lon="11.65304"><ele>821.25</ele></trkpt>
    <trkpt lat="47.573498" lon="11.65344"><ele>819.75</ele></trkpt>
    <trkpt lat="47.573431" lon="11.653607"><ele>820.5</ele></trkpt>
    <trkpt lat="47.573307" lon="11.653857"><ele>820.75</ele></trkpt>
    <trkpt lat="47.573188" lon="11.654077"><ele>820.75</ele></trkpt>
    <trkpt lat="47.573001" lon="11.654365"><ele>820.75</ele></trkpt>
    <trkpt lat="47.572945" lon="11.654458"><ele>821.0</ele></trkpt>
    <trkpt lat="47.572742" lon="11.654745"><ele>820.75</ele></trkpt>
    <trkpt lat="47.572486" lon="11.655231"><ele>823.5</ele></trkpt>
    <trkpt lat="47.572393" lon="11.655357"><ele>825.5</ele></trkpt>
    <trkpt lat="47.572197" lon="11.655584"><ele>827.25</ele></trkpt>
    <trkpt lat="47.571876" lon="11.65612"><ele>828.25</ele></trkpt>
    <trkpt lat="47.571759" lon="11.656345"><ele>828.25</ele></trkpt>
    <trkpt lat="47.571675" lon="11.656529"><ele>827.75</ele></trkpt>
    <trkpt lat="47.571609" lon="11.656702"><ele>828.75</ele></trkpt>
    <trkpt lat="47.57156" lon="11.656861"><ele>829.0</ele></trkpt>
    <trkpt lat="47.571517" lon="11.657036"><ele>829.0</ele></trkpt>
    <trkpt lat="47.571479" lon="11.657233"><ele>828.5</ele></trkpt>
    <trkpt lat="47.571456" lon="11.65754"><ele>829.0</ele></trkpt>
    <trkpt lat="47.57145" lon="11.657677"><ele>829.25</ele></trkpt>
    <trkpt lat="47.57146" lon="11.657916"><ele>830.5</ele></trkpt>
    <trkpt lat="47.57147" lon="11.658093"><ele>831.5</ele></trkpt>
    <trkpt lat="47.571457" lon="11.658195"><ele>831.25</ele></trkpt>
    <trkpt lat="47.571433" lon="11.658334"><ele>830.75</ele></trkpt>
    <trkpt lat="47.57131" lon="11.658815"><ele>833.5</ele></trkpt>
    <trkpt lat="47.571301" lon="11.659209"><ele>837.0</ele></trkpt>
    <trkpt lat="47.571278" lon="11.659636"><ele>832.75</ele></trkpt>
    <trkpt lat="47.571306" lon="11.660043"><ele>831.0</ele></trkpt>
    <trkpt lat="47.571373" lon="11.660657"><ele>828.25</ele></trkpt>
    <trkpt lat="47.57137" lon="11.660813"><ele>827.5</ele></trkpt>
    <trkpt lat="47.571356" lon="11.660857"><ele>827.5</ele></trkpt>
    <trkpt lat="47.571321" lon="11.660897"><ele>827.0</ele></trkpt>
    <trkpt lat="47.571235" lon="11.660959"><ele>825.75</ele></trkpt>
    <trkpt lat="47.571141" lon="11.661011"><ele>824.5</ele></trkpt>
    <trkpt lat="47.57101" lon="11.661107"><ele>824.25</ele></trkpt>
    <trkpt lat="47.570862" lon="11.661222"><ele>824.25</ele></trkpt>
    <trkpt lat="47.570727" lon="11.661345"><ele>825.0</ele></trkpt>
    <trkpt lat="47.570562" lon="11.66152"><ele>824.75</ele></trkpt>
    <trkpt lat="47.570435" lon="11.661688"><ele>825.0</ele></trkpt>
    <trkpt lat="47.570362" lon="11.661798"><ele>824.75</ele></trkpt>
    <trkpt lat="47.570263" lon="11.662009"><ele>825.25</ele></trkpt>
    <trkpt lat="47.570042" lon="11.662654"><ele>825.0</ele></trkpt>
    <trkpt lat="47.569976" lon="11.662814"><ele>826.0</ele></trkpt>
    <trkpt lat="47.569826" lon="11.663111"><ele>825.75</ele></trkpt>
    <trkpt lat="47.56972" lon="11.663361"><ele>826.0</ele></trkpt>
    <trkpt lat="47.569603" lon="11.663693"><ele>827.0</ele></trkpt>
    <trkpt lat="47.569567" lon="11.663866"><ele>826.0</ele></trkpt>
    <trkpt lat="47.569545" lon="11.664188"><ele>826.25</ele></trkpt>
    <trkpt lat="47.569587" lon="11.664454"><ele>827.0</ele></trkpt>
    <trkpt lat="47.569703" lon="11.664771"><ele>827.75</ele></trkpt>
    <trkpt lat="47.569841" lon="11.66507"><ele>827.5</ele></trkpt>
    <trkpt lat="47.569959" lon="11.665363"><ele>828.75</ele></trkpt>
    <trkpt lat="47.569883" lon="11.665362"><ele>828.25</ele></trkpt>
    <trkpt lat="47.56966" lon="11.66536"><ele>827.5</ele></trkpt>
    <trkpt lat="47.569435" lon="11.66536"><ele>829.0</ele></trkpt>
    <trkpt lat="47.569449" lon="11.665536"><ele>828.75</ele></trkpt>
    <trkpt lat="47.569461" lon="11.665844"><ele>829.75</ele></trkpt>
    <trkpt lat="47.569446" lon="11.666216"><ele>829.75</ele></trkpt>
    <trkpt lat="47.569405" lon="11.666594"><ele>830.75</ele></trkpt>
    <trkpt lat="47.569296" lon="11.667073"><ele>832.5</ele></trkpt>
    <trkpt lat="47.569196" lon="11.667515"><ele>831.0</ele></trkpt>
    <trkpt lat="47.568978" lon="11.668473"><ele>833.25</ele></trkpt>
    <trkpt lat="47.568857" lon="11.66877"><ele>833.0</ele></trkpt>
    <trkpt lat="47.568685" lon="11.669079"><ele>833.5</ele></trkpt>
    <trkpt lat="47.568552" lon="11.669242"><ele>833.5</ele></trkpt>
    <trkpt lat="47.568423" lon="11.669388"><ele>833.5</ele></trkpt>
    <trkpt lat="47.568245" lon="11.66955"><ele>833.25</ele></trkpt>
    <trkpt lat="47.568021" lon="11.669704"><ele>834.25</ele></trkpt>
    <trkpt lat="47.567734" lon="11.669828"><ele>835.0</ele></trkpt>
    <trkpt lat="47.567501" lon="11.66995"><ele>836.5</ele></trkpt>
    <trkpt lat="47.567092" lon="11.670202"><ele>836.75</ele></trkpt>
    <trkpt lat="47.566955" lon="11.67024"><ele>836.75</ele></trkpt>
    <trkpt lat="47.566794" lon="11.670258"><ele>836.5</ele></trkpt>
    <trkpt lat="47.566799" lon="11.670176"><ele>839.0</ele></trkpt>
    <trkpt lat="47.566471" lon="11.670181"><ele>838.0</ele></trkpt>
    <trkpt lat="47.566198" lon="11.670202"><ele>838.0</ele></trkpt>
    <trkpt lat="47.565929" lon="11.67026"><ele>838.0</ele></trkpt>
    <trkpt lat="47.565796" lon="11.67031"><ele>838.0</ele></trkpt>
    <trkpt lat="47.565587" lon="11.670405"><ele>838.75</ele></trkpt>
    <trkpt lat="47.565375" lon="11.670524"><ele>839.0</ele></trkpt>
    <trkpt lat="47.565198" lon="11.670648"><ele>839.5</ele></trkpt>
    <trkpt lat="47.56496" lon="11.670862"><ele>840.0</ele></trkpt>
    <trkpt lat="47.564786" lon="11.671064"><ele>840.5</ele></trkpt>
    <trkpt lat="47.564657" lon="11.671241"><ele>840.75</ele></trkpt>
    <trkpt lat="47.564538" lon="11.671412"><ele>841.5</ele></trkpt>
    <trkpt lat="47.564474" lon="11.671356"><ele>842.5</ele></trkpt>
    <trkpt lat="47.564406" lon="11.671337"><ele>843.0</ele></trkpt>
    <trkpt lat="47.564239" lon="11.671351"><ele>843.75</ele></trkpt>
    <trkpt lat="47.56415" lon="11.671389"><ele>844.0</ele></trkpt>
    <trkpt lat="47.564093" lon="11.671449"><ele>844.25</ele></trkpt>
    <trkpt lat="47.564045" lon="11.671514"><ele>844.5</ele></trkpt>
    <trkpt lat="47.563914" lon="11.671723"><ele>844.5</ele></trkpt>
    <trkpt lat="47.56391" lon="11.671861"><ele>844.0</ele></trkpt>
    <trkpt lat="47.564007" lon="11.67205"><ele>843.0</ele></trkpt>
    <trkpt lat="47.564101" lon="11.672153"><ele>842.25</ele></trkpt>
    <trkpt lat="47.563675" lon="11.672854"><ele>843.25</ele></trkpt>
    <trkpt lat="47.563651" lon="11.672824"><ele>843.5</ele></trkpt>
    <trkpt lat="47.563627" lon="11.672812"><ele>843.75</ele></trkpt>
    <trkpt lat="47.563524" lon="11.672855"><ele>844.0</ele></trkpt>
    <trkpt lat="47.563299" lon="11.673152"><ele>844.0</ele></trkpt>
    <trkpt lat="47.56334" lon="11.673271"><ele>843.75</ele></trkpt>
    <trkpt lat="47.563166" lon="11.67342"><ele>843.75</ele></trkpt>
    <trkpt lat="47.563061" lon="11.673506"><ele>844.5</ele></trkpt>
    <trkpt lat="47.562921" lon="11.673643"><ele>845.5</ele></trkpt>
    <trkpt lat="47.562767" lon="11.67381"><ele>846.75</ele></trkpt>
    <trkpt lat="47.562502" lon="11.674119"><ele>847.75</ele></trkpt>
    <trkpt lat="47.5624" lon="11.674242"><ele>847.5</ele></trkpt>
    <trkpt lat="47.562276" lon="11.674398"><ele>848.25</ele></trkpt>
    <trkpt lat="47.562178" lon="11.674539"><ele>849.0</ele></trkpt>
    <trkpt lat="47.561781" lon="11.675214"><ele>851.75</ele></trkpt>
    <trkpt lat="47.561688" lon="11.675328"><ele>853.25</ele></trkpt>
    <trkpt lat="47.561589" lon="11.675416"><ele>854.5</ele></trkpt>
    <trkpt lat="47.561414" lon="11.675519"><ele>856.75</ele></trkpt>
    <trkpt lat="47.561106" lon="11.675643"><ele>859.0</ele></trkpt>
    <trkpt lat="47.560964" lon="11.675727"><ele>860.0</ele></trkpt>
    <trkpt lat="47.560881" lon="11.675805"><ele>860.5</ele></trkpt>
    <trkpt lat="47.560791" lon="11.675934"><ele>861.75</ele></trkpt>
    <trkpt lat="47.56071" lon="11.676096"><ele>864.5</ele></trkpt>
    <trkpt lat="47.560655" lon="11.676257"><ele>865.0</ele></trkpt>
    <trkpt lat="47.560387" lon="11.677409"><ele>869.0</ele></trkpt>
    <trkpt lat="47.560331" lon="11.677629"><ele>870.25</ele></trkpt>
    <trkpt lat="47.560288" lon="11.677776"><ele>872.25</ele></trkpt>
    <trkpt lat="47.560234" lon="11.67789"><ele>874.5</ele></trkpt>
    <trkpt lat="47.56017" lon="11.677987"><ele>875.0</ele></trkpt>
    <trkpt lat="47.560072" lon="11.678069"><ele>874.25</ele></trkpt>
    <trkpt lat="47.559956" lon="11.678116"><ele>875.0</ele></trkpt>
    <trkpt lat="47.559854" lon="11.678132"><ele>875.5</ele></trkpt>
    <trkpt lat="47.559438" lon="11.678133"><ele>876.75</ele></trkpt>
    <trkpt lat="47.55923" lon="11.678146"><ele>878.75</ele></trkpt>
    <trkpt lat="47.559031" lon="11.678195"><ele>879.75</ele></trkpt>
    <trkpt lat="47.558797" lon="11.678283"><ele>879.25</ele></trkpt>
    <trkpt lat="47.558595" lon="11.678389"><ele>878.25</ele></trkpt>
    <trkpt lat="47.558384" lon="11.678552"><ele>879.25</ele></trkpt>
    <trkpt lat="47.558112" lon="11.678813"><ele>877.25</ele></trkpt>
    <trkpt lat="47.557875" lon="11.67911"><ele>875.5</ele></trkpt>
    <trkpt lat="47.557423" lon="11.67975"><ele>877.25</ele></trkpt>
    <trkpt lat="47.557207" lon="11.680041"><ele>876.75</ele></trkpt>
    <trkpt lat="47.556975" lon="11.680306"><ele>876.0</ele></trkpt>
    <trkpt lat="47.556699" lon="11.680577"><ele>874.75</ele></trkpt>
    <trkpt lat="47.556642" lon="11.679924"><ele>885.0</ele></trkpt>
    <trkpt lat="47.556597" lon="11.679621"><ele>885.25</ele></trkpt>
    <trkpt lat="47.556555" lon="11.679214"><ele>886.0</ele></trkpt>
    <trkpt lat="47.556547" lon="11.678883"><ele>886.25</ele></trkpt>
    <trkpt lat="47.556559" lon="11.678704"><ele>886.0</ele></trkpt>
    <trkpt lat="47.556592" lon="11.678509"><ele>885.5</ele></trkpt>
    <trkpt lat="47.556655" lon="11.678243"><ele>884.75</ele></trkpt>
    <trkpt lat="47.556697" lon="11.678132"><ele>885.0</ele></trkpt>
    <trkpt lat="47.556733" lon="11.677773"><ele>885.0</ele></trkpt>
    <trkpt lat="47.556755" lon="11.67737"><ele>886.0</ele></trkpt>
    <trkpt lat="47.556744" lon="11.677185"><ele>886.75</ele></trkpt>
    <trkpt lat="47.556587" lon="11.676737"><ele>888.5</ele></trkpt>
    <trkpt lat="47.556529" lon="11.676428"><ele>890.25</ele></trkpt>
    <trkpt lat="47.556329" lon="11.676051"><ele>892.75</ele></trkpt>
    <trkpt lat="47.556185" lon="11.675962"><ele>894.5</ele></trkpt>
    <trkpt lat="47.556092" lon="11.675927"><ele>895.25</ele></trkpt>
    <trkpt lat="47.555996" lon="11.675874"><ele>896.5</ele></trkpt>
    <trkpt lat="47.555896" lon="11.675869"><ele>897.25</ele></trkpt>
    <trkpt lat="47.555789" lon="11.675795"><ele>898.5</ele></trkpt>
    <trkpt lat="47.555714" lon="11.675733"><ele>899.75</ele></trkpt>
    <trkpt lat="47.555504" lon="11.675722"><ele>900.75</ele></trkpt>
    <trkpt lat="47.555305" lon="11.675743"><ele>901.5</ele></trkpt>
    <trkpt lat="47.555253" lon="11.675722"><ele>901.75</ele></trkpt>
    <trkpt lat="47.55518" lon="11.675723"><ele>902.0</ele></trkpt>
    <trkpt lat="47.554972" lon="11.675771"><ele>902.5</ele></trkpt>
    <trkpt lat="47.554867" lon="11.675708"><ele>904.0</ele></trkpt>
    <trkpt lat="47.554801" lon="11.675605"><ele>905.0</ele></trkpt>
    <trkpt lat="47.554718" lon="11.675442"><ele>906.75</ele></trkpt>
    <trkpt lat="47.554673" lon="11.675318"><ele>908.5</ele></trkpt>
    <trkpt lat="47.554557" lon="11.675387"><ele>909.5</ele></trkpt>
    <trkpt lat="47.554394" lon="11.675378"><ele>911.75</ele></trkpt>
    <trkpt lat="47.554244" lon="11.675346"><ele>913.5</ele></trkpt>
    <trkpt lat="47.55409" lon="11.675394"><ele>914.25</ele></trkpt>
    <trkpt lat="47.553925" lon="11.675468"><ele>914.75</ele></trkpt>
    <trkpt lat="47.553744" lon="11.675658"><ele>915.0</ele></trkpt>
    <trkpt lat="47.553557" lon="11.675869"><ele>915.75</ele></trkpt>
    <trkpt lat="47.55343" lon="11.67596"><ele>915.5</ele></trkpt>
    <trkpt lat="47.553307" lon="11.676102"><ele>915.0</ele></trkpt>
    <trkpt lat="47.553206" lon="11.676193"><ele>914.75</ele></trkpt>
    <trkpt lat="47.553003" lon="11.676404"><ele>914.0</ele></trkpt>
    <trkpt lat="47.55297" lon="11.676397"><ele>914.0</ele></trkpt>
    <trkpt lat="47.552922" lon="11.676422"><ele>914.0</ele></trkpt>
    <trkpt lat="47.552881" lon="11.676467"><ele>913.75</ele></trkpt>
    <trkpt lat="47.552751" lon="11.67661"><ele>912.75</ele></trkpt>
    <trkpt lat="47.552687" lon="11.676713"><ele>912.75</ele></trkpt>
    <trkpt lat="47.552612" lon="11.676855"><ele>914.0</ele></trkpt>
    <trkpt lat="47.552533" lon="11.677047"><ele>914.75</ele></trkpt>
    <trkpt lat="47.552457" lon="11.6772"><ele>914.25</ele></trkpt>
    <trkpt lat="47.552356" lon="11.677367"><ele>913.25</ele></trkpt>
    <trkpt lat="47.552234" lon="11.677488"><ele>912.0</ele></trkpt>
    <trkpt lat="47.552152" lon="11.677544"><ele>911.0</ele></trkpt>
    <trkpt lat="47.551929" lon="11.677622"><ele>909.0</ele></trkpt>
    <trkpt lat="47.551752" lon="11.677697"><ele>909.0</ele></trkpt>
    <trkpt lat="47.551507" lon="11.677828"><ele>908.5</ele></trkpt>
    <trkpt lat="47.551332" lon="11.677899"><ele>908.25</ele></trkpt>
    <trkpt lat="47.551253" lon="11.677942"><ele>908.25</ele></trkpt>
    <trkpt lat="47.551196" lon="11.677992"><ele>908.0</ele></trkpt>
    <trkpt lat="47.55116" lon="11.678056"><ele>907.75</ele></trkpt>
    <trkpt lat="47.550923" lon="11.678581"><ele>907.0</ele></trkpt>
    <trkpt lat="47.550402" lon="11.679803"><ele>908.5</ele></trkpt>
    <trkpt lat="47.550231" lon="11.680182"><ele>909.0</ele></trkpt>
    <trkpt lat="47.550152" lon="11.68038"><ele>909.25</ele></trkpt>
    <trkpt lat="47.550007" lon="11.680723"><ele>909.75</ele></trkpt>
    <trkpt lat="47.549933" lon="11.680854"><ele>910.0</ele></trkpt>
    <trkpt lat="47.549817" lon="11.681039"><ele>910.5</ele></trkpt>
    <trkpt lat="47.54957" lon="11.681398"><ele>912.0</ele></trkpt>
    <trkpt lat="47.549028" lon="11.682221"><ele>913.5</ele></trkpt>
    <trkpt lat="47.548964" lon="11.682318"><ele>913.25</ele></trkpt>
    <trkpt lat="47.548907" lon="11.682449"><ele>913.0</ele></trkpt>
    <trkpt lat="47.548875" lon="11.682587"><ele>913.0</ele></trkpt>
    <trkpt lat="47.548873" lon="11.682744"><ele>913.0</ele></trkpt>
    <trkpt lat="47.548849" lon="11.68301"><ele>911.25</ele></trkpt>
    <trkpt lat="47.548816" lon="11.683227"><ele>910.5</ele></trkpt>
    <trkpt lat="47.54878" lon="11.683362"><ele>910.25</ele></trkpt>
    <trkpt lat="47.548708" lon="11.683514"><ele>910.0</ele></trkpt>
    <trkpt lat="47.548623" lon="11.683565"><ele>910.0</ele></trkpt>
    <trkpt lat="47.548602" lon="11.683806"><ele>909.0</ele></trkpt>
    <trkpt lat="47.548593" lon="11.684089"><ele>908.25</ele></trkpt>
    <trkpt lat="47.548608" lon="11.684311"><ele>905.25</ele></trkpt>
    <trkpt lat="47.548566" lon="11.68471"><ele>903.25</ele></trkpt>
    <trkpt lat="47.548569" lon="11.684874"><ele>903.25</ele></trkpt>
    <trkpt lat="47.548605" lon="11.685118"><ele>902.5</ele></trkpt>
    <trkpt lat="47.548686" lon="11.685345"><ele>900.75</ele></trkpt>
    <trkpt lat="47.548827" lon="11.685647"><ele>898.75</ele></trkpt>
    <trkpt lat="47.548964" lon="11.68585"><ele>898.0</ele></trkpt>
    <trkpt lat="47.549232" lon="11.686001"><ele>895.25</ele></trkpt>
    <trkpt lat="47.549366" lon="11.686041"><ele>894.5</ele></trkpt>
    <trkpt lat="47.549458" lon="11.686108"><ele>894.75</ele></trkpt>
    <trkpt lat="47.549594" lon="11.686175"><ele>893.75</ele></trkpt>
    <trkpt lat="47.549712" lon="11.686207"><ele>892.5</ele></trkpt>
    <trkpt lat="47.549867" lon="11.68636"><ele>891.25</ele></trkpt>
    <trkpt lat="47.54997" lon="11.686448"><ele>890.75</ele></trkpt>
    <trkpt lat="47.550089" lon="11.686582"><ele>889.5</ele></trkpt>
    <trkpt lat="47.550189" lon="11.686715"><ele>888.5</ele></trkpt>
    <trkpt lat="47.550308" lon="11.686943"><ele>887.75</ele></trkpt>
    <trkpt lat="47.550404" lon="11.687147"><ele>886.75</ele></trkpt>
    <trkpt lat="47.550582" lon="11.687573"><ele>884.5</ele></trkpt>
    <trkpt lat="47.550618" lon="11.687704"><ele>883.75</ele></trkpt>
    <trkpt lat="47.550664" lon="11.687968"><ele>882.75</ele></trkpt>
    <trkpt lat="47.55073" lon="11.68811"><ele>882.0</ele></trkpt>
    <trkpt lat="47.550833" lon="11.688292"><ele>881.0</ele></trkpt>
    <trkpt lat="47.550854" lon="11.688392"><ele>880.5</ele></trkpt>
    <trkpt lat="47.550868" lon="11.688503"><ele>880.25</ele></trkpt>
    <trkpt lat="47.550866" lon="11.688602"><ele>880.0</ele></trkpt>
    <trkpt lat="47.550877" lon="11.688702"><ele>880.0</ele></trkpt>
    <trkpt lat="47.550907" lon="11.688798"><ele>880.0</ele></trkpt>
    <trkpt lat="47.550933" lon="11.688851"><ele>880.0</ele></trkpt>
    <trkpt lat="47.550873" lon="11.688964"><ele>880.0</ele></trkpt>
    <trkpt lat="47.550788" lon="11.68915"><ele>880.0</ele></trkpt>
    <trkpt lat="47.550708" lon="11.689382"><ele>880.75</ele></trkpt>
    <trkpt lat="47.550642" lon="11.689595"><ele>881.0</ele></trkpt>
    <trkpt lat="47.550507" lon="11.690189"><ele>881.0</ele></trkpt>
    <trkpt lat="47.550422" lon="11.690555"><ele>881.25</ele></trkpt>
    <trkpt lat="47.550526" lon="11.690624"><ele>881.0</ele></trkpt>
    <trkpt lat="47.550433" lon="11.691059"><ele>881.25</ele></trkpt>
    <trkpt lat="47.550293" lon="11.691087"><ele>881.75</ele></trkpt>
    <trkpt lat="47.550213" lon="11.691372"><ele>882.0</ele></trkpt>
    <trkpt lat="47.550051" lon="11.691877"><ele>882.75</ele></trkpt>
    <trkpt lat="47.549945" lon="11.692181"><ele>883.0</ele></trkpt>
    <trkpt lat="47.549893" lon="11.692313"><ele>883.0</ele></trkpt>
    <trkpt lat="47.550058" lon="11.692393"><ele>882.75</ele></trkpt>
    <trkpt lat="47.55017" lon="11.692401"><ele>882.25</ele></trkpt>
    <trkpt lat="47.550317" lon="11.692376"><ele>882.0</ele></trkpt>
    <trkpt lat="47.550461" lon="11.692408"><ele>882.75</ele></trkpt>
    <trkpt lat="47.550566" lon="11.692536"><ele>883.5</ele></trkpt>
    <trkpt lat="47.550676" lon="11.692736"><ele>882.0</ele></trkpt>
    <trkpt lat="47.55081" lon="11.692956"><ele>882.75</ele></trkpt>
    <trkpt lat="47.550732" lon="11.693043"><ele>883.25</ele></trkpt>
    <trkpt lat="47.55048" lon="11.693388"><ele>883.25</ele></trkpt>
    <trkpt lat="47.550253" lon="11.693642"><ele>884.0</ele></trkpt>
    <trkpt lat="47.549933" lon="11.694"><ele>884.0</ele></trkpt>
    <trkpt lat="47.549681" lon="11.694283"><ele>884.5</ele></trkpt>
    <trkpt lat="47.548874" lon="11.695136"><ele>885.25</ele></trkpt>
    <trkpt lat="47.548314" lon="11.695709"><ele>885.0</ele></trkpt>
    <trkpt lat="47.548119" lon="11.695912"><ele>884.75</ele></trkpt>
    <trkpt lat="47.547616" lon="11.696444"><ele>886.0</ele></trkpt>
    <trkpt lat="47.547415" lon="11.696636"><ele>886.25</ele></trkpt>
    <trkpt lat="47.547136" lon="11.696948"><ele>886.25</ele></trkpt>
    <trkpt lat="47.546934" lon="11.697201"><ele>887.75</ele></trkpt>
    <trkpt lat="47.546633" lon="11.697614"><ele>887.75</ele></trkpt>
    <trkpt lat="47.546459" lon="11.697909"><ele>888.0</ele></trkpt>
    <trkpt lat="47.546417" lon="11.69784"><ele>887.5</ele></trkpt>
    <trkpt lat="47.546276" lon="11.697618"><ele>888.75</ele></trkpt>
    <trkpt lat="47.546253" lon="11.69757"><ele>889.25</ele></trkpt>
    <trkpt lat="47.546124" lon="11.697704"><ele>889.5</ele></trkpt>
    <trkpt lat="47.545849" lon="11.698031"><ele>889.75</ele></trkpt>
    <trkpt lat="47.545699" lon="11.698319"><ele>888.5</ele></trkpt>
    <trkpt lat="47.545505" lon="11.698885"><ele>890.5</ele></trkpt>
    <trkpt lat="47.545401" lon="11.699359"><ele>890.5</ele></trkpt>
    <trkpt lat="47.545223" lon="11.70046"><ele>891.0</ele></trkpt>
    <trkpt lat="47.545162" lon="11.700478"><ele>891.25</ele></trkpt>
    <trkpt lat="47.545112" lon="11.700752"><ele>891.5</ele></trkpt>
    <trkpt lat="47.545054" lon="11.700729"><ele>891.75</ele></trkpt>
    <trkpt lat="47.545001" lon="11.700733"><ele>891.75</ele></trkpt>
    <trkpt lat="47.544959" lon="11.700766"><ele>892.0</ele></trkpt>
    <trkpt lat="47.544898" lon="11.700834"><ele>892.0</ele></trkpt>
    <trkpt lat="47.544742" lon="11.701025"><ele>892.0</ele></trkpt>
    <trkpt lat="47.544622" lon="11.70113"><ele>892.25</ele></trkpt>
    <trkpt lat="47.544564" lon="11.701179"><ele>892.5</ele></trkpt>
    <trkpt lat="47.544408" lon="11.701285"><ele>893.0</ele></trkpt>
    <trkpt lat="47.544196" lon="11.701398"><ele>893.75</ele></trkpt>
    <trkpt lat="47.54389" lon="11.701538"><ele>894.25</ele></trkpt>
    <trkpt lat="47.543708" lon="11.701616"><ele>894.75</ele></trkpt>
    <trkpt lat="47.543584" lon="11.701677"><ele>895.0</ele></trkpt>
    <trkpt lat="47.543273" lon="11.701829"><ele>896.0</ele></trkpt>
    <trkpt lat="47.543033" lon="11.701935"><ele>895.75</ele></trkpt>
    <trkpt lat="47.542919" lon="11.702007"><ele>895.0</ele></trkpt>
    <trkpt lat="47.542876" lon="11.702034"><ele>895.0</ele></trkpt>
    <trkpt lat="47.542766" lon="11.702108"><ele>895.0</ele></trkpt>
    <trkpt lat="47.54266" lon="11.70218"><ele>895.75</ele></trkpt>
    <trkpt lat="47.54247" lon="11.702374"><ele>895.5</ele></trkpt>
    <trkpt lat="47.542243" lon="11.702649"><ele>896.75</ele></trkpt>
    <trkpt lat="47.542222" lon="11.702683"><ele>897.0</ele></trkpt>
    <trkpt lat="47.542088" lon="11.702903"><ele>896.0</ele></trkpt>
    <trkpt lat="47.542016" lon="11.703024"><ele>894.75</ele></trkpt>
    <trkpt lat="47.541965" lon="11.703188"><ele>895.5</ele></trkpt>
    <trkpt lat="47.541543" lon="11.70303"><ele>896.0</ele></trkpt>
    <trkpt lat="47.541152" lon="11.702863"><ele>896.25</ele></trkpt>
    <trkpt lat="47.540954" lon="11.702762"><ele>896.5</ele></trkpt>
    <trkpt lat="47.540655" lon="11.702519"><ele>896.25</ele></trkpt>
    <trkpt lat="47.540516" lon="11.702445"><ele>896.5</ele></trkpt>
    <trkpt lat="47.540292" lon="11.702422"><ele>896.5</ele></trkpt>
    <trkpt lat="47.540126" lon="11.702527"><ele>896.5</ele></trkpt>
    <trkpt lat="47.53997" lon="11.702696"><ele>896.5</ele></trkpt>
    <trkpt lat="47.539823" lon="11.702947"><ele>897.0</ele></trkpt>
    <trkpt lat="47.539704" lon="11.703222"><ele>897.75</ele></trkpt>
    <trkpt lat="47.53953" lon="11.703548"><ele>897.75</ele></trkpt>
    <trkpt lat="47.539502" lon="11.703587"><ele>897.75</ele></trkpt>
    <trkpt lat="47.53933" lon="11.703835"><ele>898.0</ele></trkpt>
    <trkpt lat="47.53906" lon="11.704076"><ele>898.0</ele></trkpt>
    <trkpt lat="47.538884" lon="11.704297"><ele>898.25</ele></trkpt>
    <trkpt lat="47.538802" lon="11.7044"><ele>899.0</ele></trkpt>
    <trkpt lat="47.538573" lon="11.704603"><ele>899.25</ele></trkpt>
    <trkpt lat="47.538195" lon="11.704778"><ele>899.25</ele></trkpt>
    <trkpt lat="47.537972" lon="11.704801"><ele>899.5</ele></trkpt>
    <trkpt lat="47.537711" lon="11.704814"><ele>900.0</ele></trkpt>
    <trkpt lat="47.537168" lon="11.704752"><ele>901.0</ele></trkpt>
    <trkpt lat="47.536864" lon="11.704836"><ele>900.75</ele></trkpt>
    <trkpt lat="47.536555" lon="11.705026"><ele>901.25</ele></trkpt>
    <trkpt lat="47.536132" lon="11.705286"><ele>901.75</ele></trkpt>
    <trkpt lat="47.535773" lon="11.705495"><ele>902.0</ele></trkpt>
    <trkpt lat="47.535581" lon="11.705579"><ele>902.0</ele></trkpt>
    <trkpt lat="47.535412" lon="11.705631"><ele>902.0</ele></trkpt>
    <trkpt lat="47.5352" lon="11.705675"><ele>902.0</ele></trkpt>
    <trkpt lat="47.534901" lon="11.705728"><ele>902.25</ele></trkpt>
    <trkpt lat="47.534079" lon="11.705814"><ele>903.75</ele></trkpt>
    <trkpt lat="47.533779" lon="11.705854"><ele>904.0</ele></trkpt>
    <trkpt lat="47.53362" lon="11.705947"><ele>904.25</ele></trkpt>
    <trkpt lat="47.533561" lon="11.705981"><ele>904.5</ele></trkpt>
    <trkpt lat="47.533346" lon="11.706218"><ele>905.75</ele></trkpt>
    <trkpt lat="47.533202" lon="11.706304"><ele>905.5</ele></trkpt>
    <trkpt lat="47.532866" lon="11.706426"><ele>905.25</ele></trkpt>
    <trkpt lat="47.532658" lon="11.706455"><ele>905.5</ele></trkpt>
    <trkpt lat="47.532502" lon="11.706476"><ele>905.5</ele></trkpt>
    <trkpt lat="47.532462" lon="11.706481"><ele>905.5</ele></trkpt>
    <trkpt lat="47.53205" lon="11.70643"><ele>905.25</ele></trkpt>
    <trkpt lat="47.531952" lon="11.706384"><ele>905.75</ele></trkpt>
    <trkpt lat="47.531873" lon="11.706346"><ele>905.75</ele></trkpt>
    <trkpt lat="47.531586" lon="11.706261"><ele>905.75</ele></trkpt>
    <trkpt lat="47.531228" lon="11.70622"><ele>907.5</ele></trkpt>
    <trkpt lat="47.53078" lon="11.706169"><ele>907.5</ele></trkpt>
    <trkpt lat="47.530516" lon="11.706098"><ele>908.0</ele></trkpt>
    <trkpt lat="47.530385" lon="11.706026"><ele>908.0</ele></trkpt>
    <trkpt lat="47.530066" lon="11.705896"><ele>909.25</ele></trkpt>
    <trkpt lat="47.529786" lon="11.705873"><ele>910.75</ele></trkpt>
    <trkpt lat="47.529611" lon="11.705645"><ele>909.25</ele></trkpt>
    <trkpt lat="47.529492" lon="11.705522"><ele>909.0</ele></trkpt>
    <trkpt lat="47.529272" lon="11.705423"><ele>908.25</ele></trkpt>
    <trkpt lat="47.528997" lon="11.705268"><ele>906.5</ele></trkpt>
    <trkpt lat="47.528888" lon="11.705179"><ele>906.5</ele></trkpt>
    <trkpt lat="47.528709" lon="11.704943"><ele>907.0</ele></trkpt>
    <trkpt lat="47.528642" lon="11.704865"><ele>906.75</ele></trkpt>
    <trkpt lat="47.528443" lon="11.704774"><ele>907.5</ele></trkpt>
    <trkpt lat="47.528314" lon="11.704761"><ele>908.25</ele></trkpt>
    <trkpt lat="47.528225" lon="11.704789"><ele>908.25</ele></trkpt>
    <trkpt lat="47.528149" lon="11.704906"><ele>908.75</ele></trkpt>
    <trkpt lat="47.528064" lon="11.705002"><ele>909.0</ele></trkpt>
    <trkpt lat="47.527799" lon="11.705239"><ele>909.0</ele></trkpt>
    <trkpt lat="47.527629" lon="11.705302"><ele>909.0</ele></trkpt>
    <trkpt lat="47.527252" lon="11.705469"><ele>908.75</ele></trkpt>
    <trkpt lat="47.527127" lon="11.70558"><ele>909.0</ele></trkpt>
    <trkpt lat="47.526909" lon="11.705825"><ele>909.5</ele></trkpt>
    <trkpt lat="47.526614" lon="11.70616"><ele>909.5</ele></trkpt>
    <trkpt lat="47.526488" lon="11.706333"><ele>909.0</ele></trkpt>
    <trkpt lat="47.526355" lon="11.706622"><ele>909.75</ele></trkpt>
    <trkpt lat="47.526285" lon="11.706702"><ele>910.0</ele></trkpt>
    <trkpt lat="47.526081" lon="11.706795"><ele>910.0</ele></trkpt>
    <trkpt lat="47.526014" lon="11.706871"><ele>910.0</ele></trkpt>
    <trkpt lat="47.526045" lon="11.707189"><ele>910.75</ele></trkpt>
    <trkpt lat="47.526094" lon="11.707465"><ele>910.75</ele></trkpt>
    <trkpt lat="47.525967" lon="11.707464"><ele>911.0</ele></trkpt>
    <trkpt lat="47.525845" lon="11.70749"><ele>911.0</ele></trkpt>
    <trkpt lat="47.525301" lon="11.707264"><ele>910.25</ele></trkpt>
    <trkpt lat="47.524918" lon="11.707156"><ele>910.75</ele></trkpt>
    <trkpt lat="47.524611" lon="11.707131"><ele>911.0</ele></trkpt>
    <trkpt lat="47.523636" lon="11.707226"><ele>912.0</ele></trkpt>
    <trkpt lat="47.523388" lon="11.707207"><ele>912.75</ele></trkpt>
    <trkpt lat="47.523251" lon="11.707175"><ele>912.75</ele></trkpt>
    <trkpt lat="47.523034" lon="11.707093"><ele>912.5</ele></trkpt>
    <trkpt lat="47.522978" lon="11.707077"><ele>912.75</ele></trkpt>
    <trkpt lat="47.522877" lon="11.707047"><ele>913.25</ele></trkpt>
    <trkpt lat="47.522703" lon="11.707055"><ele>913.5</ele></trkpt>
    <trkpt lat="47.522501" lon="11.707112"><ele>913.75</ele></trkpt>
    <trkpt lat="47.522183" lon="11.707314"><ele>914.0</ele></trkpt>
    <trkpt lat="47.521863" lon="11.707665"><ele>914.5</ele></trkpt>
    <trkpt lat="47.521655" lon="11.707845"><ele>914.75</ele></trkpt>
    <trkpt lat="47.521558" lon="11.707918"><ele>914.25</ele></trkpt>
    <trkpt lat="47.521387" lon="11.708007"><ele>914.0</ele></trkpt>
    <trkpt lat="47.521236" lon="11.708036"><ele>914.0</ele></trkpt>
    <trkpt lat="47.521043" lon="11.708034"><ele>914.25</ele></trkpt>
    <trkpt lat="47.520987" lon="11.708021"><ele>914.5</ele></trkpt>
    <trkpt lat="47.520869" lon="11.707996"><ele>915.0</ele></trkpt>
    <trkpt lat="47.520771" lon="11.707975"><ele>915.5</ele></trkpt>
    <trkpt lat="47.520552" lon="11.708014"><ele>916.0</ele></trkpt>
    <trkpt lat="47.520229" lon="11.708203"><ele>916.5</ele></trkpt>
    <trkpt lat="47.520124" lon="11.708236"><ele>916.5</ele></trkpt>
    <trkpt lat="47.519487" lon="11.708271"><ele>916.5</ele></trkpt>
    <trkpt lat="47.518586" lon="11.708184"><ele>918.5</ele></trkpt>
    <trkpt lat="47.518465" lon="11.708206"><ele>918.25</ele></trkpt>
    <trkpt lat="47.518411" lon="11.708229"><ele>918.25</ele></trkpt>
    <trkpt lat="47.51813" lon="11.708347"><ele>918.5</ele></trkpt>
    <trkpt lat="47.518013" lon="11.708387"><ele>918.75</ele></trkpt>
    <trkpt lat="47.51794" lon="11.708393"><ele>918.75</ele></trkpt>
    <trkpt lat="47.517906" lon="11.708398"><ele>918.75</ele></trkpt>
    <trkpt lat="47.517627" lon="11.708338"><ele>918.75</ele></trkpt>
    <trkpt lat="47.517314" lon="11.708259"><ele>919.0</ele></trkpt>
    <trkpt lat="47.516889" lon="11.708259"><ele>919.25</ele></trkpt>
    <trkpt lat="47.516681" lon="11.708287"><ele>920.0</ele></trkpt>
    <trkpt lat="47.516511" lon="11.708311"><ele>920.0</ele></trkpt>
    <trkpt lat="47.516385" lon="11.708299"><ele>920.0</ele></trkpt>
    <trkpt lat="47.516289" lon="11.708247"><ele>920.25</ele></trkpt>
    <trkpt lat="47.516174" lon="11.70812"><ele>920.25</ele></trkpt>
    <trkpt lat="47.515904" lon="11.707762"><ele>920.5</ele></trkpt>
    <trkpt lat="47.515797" lon="11.707661"><ele>920.25</ele></trkpt>
    <trkpt lat="47.515687" lon="11.707587"><ele>920.5</ele></trkpt>
    <trkpt lat="47.515527" lon="11.707508"><ele>920.75</ele></trkpt>
    <trkpt lat="47.515387" lon="11.707439"><ele>921.25</ele></trkpt>
    <trkpt lat="47.515054" lon="11.707295"><ele>921.0</ele></trkpt>
    <trkpt lat="47.514539" lon="11.707142"><ele>922.0</ele></trkpt>
    <trkpt lat="47.514381" lon="11.70707"><ele>921.75</ele></trkpt>
    <trkpt lat="47.514279" lon="11.706993"><ele>921.75</ele></trkpt>
    <trkpt lat="47.513829" lon="11.706642"><ele>922.5</ele></trkpt>
    <trkpt lat="47.513646" lon="11.706538"><ele>922.5</ele></trkpt>
    <trkpt lat="47.513169" lon="11.706392"><ele>923.75</ele></trkpt>
    <trkpt lat="47.513091" lon="11.706343"><ele>924.0</ele></trkpt>
    <trkpt lat="47.513038" lon="11.706296"><ele>924.25</ele></trkpt>
    <trkpt lat="47.512945" lon="11.706178"><ele>924.25</ele></trkpt>
    <trkpt lat="47.512803" lon="11.705974"><ele>924.5</ele></trkpt>
    <trkpt lat="47.512552" lon="11.705585"><ele>925.0</ele></trkpt>
    <trkpt lat="47.51249" lon="11.705493"><ele>925.0</ele></trkpt>
    <trkpt lat="47.512102" lon="11.704942"><ele>925.5</ele></trkpt>
    <trkpt lat="47.511966" lon="11.704785"><ele>926.25</ele></trkpt>
    <trkpt lat="47.511837" lon="11.704687"><ele>925.75</ele></trkpt>
    <trkpt lat="47.511728" lon="11.704623"><ele>925.5</ele></trkpt>
    <trkpt lat="47.51163" lon="11.704581"><ele>925.5</ele></trkpt>
    <trkpt lat="47.511602" lon="11.70457"><ele>925.5</ele></trkpt>
    <trkpt lat="47.511099" lon="11.70442"><ele>927.0</ele></trkpt>
    <trkpt lat="47.51079" lon="11.704323"><ele>927.0</ele></trkpt>
    <trkpt lat="47.510342" lon="11.704218"><ele>927.5</ele></trkpt>
    <trkpt lat="47.510205" lon="11.704133"><ele>928.0</ele></trkpt>
    <trkpt lat="47.51015" lon="11.704093"><ele>928.0</ele></trkpt>
    <trkpt lat="47.509932" lon="11.703904"><ele>927.75</ele></trkpt>
    <trkpt lat="47.509751" lon="11.703836"><ele>928.0</ele></trkpt>
    <trkpt lat="47.509616" lon="11.703867"><ele>928.0</ele></trkpt>
    <trkpt lat="47.50952" lon="11.703905"><ele>928.0</ele></trkpt>
    <trkpt lat="47.509277" lon="11.70409"><ele>928.0</ele></trkpt>
    <trkpt lat="47.509114" lon="11.704216"><ele>928.0</ele></trkpt>
    <trkpt lat="47.508853" lon="11.704412"><ele>928.0</ele></trkpt>
    <trkpt lat="47.508531" lon="11.704591"><ele>928.25</ele></trkpt>
    <trkpt lat="47.508097" lon="11.704625"><ele>927.5</ele></trkpt>
    <trkpt lat="47.507849" lon="11.704641"><ele>927.75</ele></trkpt>
    <trkpt lat="47.507662" lon="11.704745"><ele>927.75</ele></trkpt>
    <trkpt lat="47.506989" lon="11.705376"><ele>929.5</ele></trkpt>
    <trkpt lat="47.506875" lon="11.705478"><ele>929.0</ele></trkpt>
    <trkpt lat="47.506609" lon="11.705689"><ele>928.75</ele></trkpt>
    <trkpt lat="47.506149" lon="11.706081"><ele>928.75</ele></trkpt>
    <trkpt lat="47.505948" lon="11.706204"><ele>929.0</ele></trkpt>
    <trkpt lat="47.505746" lon="11.706291"><ele>929.0</ele></trkpt>
    <trkpt lat="47.505645" lon="11.706345"><ele>929.25</ele></trkpt>
    <trkpt lat="47.505461" lon="11.706402"><ele>929.75</ele></trkpt>
    <trkpt lat="47.505406" lon="11.70641"><ele>929.75</ele></trkpt>
    <trkpt lat="47.505304" lon="11.7064"><ele>929.75</ele></trkpt>
    <trkpt lat="47.505238" lon="11.706399"><ele>929.75</ele></trkpt>
    <trkpt lat="47.505093" lon="11.706562"><ele>929.75</ele></trkpt>
    <trkpt lat="47.505001" lon="11.706397"><ele>929.75</ele></trkpt>
    <trkpt lat="47.504911" lon="11.706282"><ele>930.0</ele></trkpt>
    <trkpt lat="47.504821" lon="11.706208"><ele>930.0</ele></trkpt>
    <trkpt lat="47.504735" lon="11.706175"><ele>930.0</ele></trkpt>
    <trkpt lat="47.504641" lon="11.706162"><ele>930.0</ele></trkpt>
    <trkpt lat="47.504109" lon="11.70624"><ele>930.0</ele></trkpt>
    <trkpt lat="47.50391" lon="11.706243"><ele>930.25</ele></trkpt>
    <trkpt lat="47.50309" lon="11.70633"><ele>930.0</ele></trkpt>
    <trkpt lat="47.502795" lon="11.70636"><ele>930.0</ele></trkpt>
    <trkpt lat="47.502545" lon="11.706399"><ele>930.0</ele></trkpt>
    <trkpt lat="47.502427" lon="11.70643"><ele>930.0</ele></trkpt>
    <trkpt lat="47.502288" lon="11.706484"><ele>930.0</ele></trkpt>
    <trkpt lat="47.502223" lon="11.706528"><ele>930.0</ele></trkpt>
    <trkpt lat="47.502074" lon="11.706636"><ele>930.0</ele></trkpt>
    <trkpt lat="47.501924" lon="11.706763"><ele>930.0</ele></trkpt>
    <trkpt lat="47.501921" lon="11.706915"><ele>930.25</ele></trkpt>
    <trkpt lat="47.501892" lon="11.70698"><ele>930.25</ele></trkpt>
    <trkpt lat="47.50183" lon="11.707082"><ele>930.75</ele></trkpt>
    <trkpt lat="47.501807" lon="11.707158"><ele>930.75</ele></trkpt>
    <trkpt lat="47.501759" lon="11.707255"><ele>930.75</ele></trkpt>
    <trkpt lat="47.501711" lon="11.707335"><ele>931.0</ele></trkpt>
    <trkpt lat="47.50151" lon="11.707577"><ele>931.25</ele></trkpt>
    <trkpt lat="47.501408" lon="11.707684"><ele>930.75</ele></trkpt>
    <trkpt lat="47.501309" lon="11.707774"><ele>930.5</ele></trkpt>
    <trkpt lat="47.501025" lon="11.708034"><ele>931.0</ele></trkpt>
    <trkpt lat="47.500831" lon="11.708193"><ele>932.25</ele></trkpt>
    <trkpt lat="47.500625" lon="11.70834"><ele>932.0</ele></trkpt>
    <trkpt lat="47.500097" lon="11.708687"><ele>932.0</ele></trkpt>
    <trkpt lat="47.499915" lon="11.708814"><ele>932.25</ele></trkpt>
    <trkpt lat="47.499652" lon="11.709042"><ele>931.75</ele></trkpt>
    <trkpt lat="47.499485" lon="11.709237"><ele>932.0</ele></trkpt>
    <trkpt lat="47.499327" lon="11.70939"><ele>931.25</ele></trkpt>
    <trkpt lat="47.498884" lon="11.709815"><ele>931.5</ele></trkpt>
    <trkpt lat="47.498771" lon="11.709905"><ele>931.25</ele></trkpt>
    <trkpt lat="47.498722" lon="11.709933"><ele>931.0</ele></trkpt>
    <trkpt lat="47.498503" lon="11.710007"><ele>930.5</ele></trkpt>
    <trkpt lat="47.498148" lon="11.71025"><ele>930.75</ele></trkpt>
    <trkpt lat="47.498076" lon="11.710388"><ele>931.25</ele></trkpt>
    <trkpt lat="47.497869" lon="11.71065"><ele>933.0</ele></trkpt>
    <trkpt lat="47.497659" lon="11.710742"><ele>932.25</ele></trkpt>
    <trkpt lat="47.497582" lon="11.710785"><ele>931.75</ele></trkpt>
    <trkpt lat="47.4973" lon="11.710962"><ele>931.5</ele></trkpt>
    <trkpt lat="47.497251" lon="11.710991"><ele>931.25</ele></trkpt>
    <trkpt lat="47.496994" lon="11.711152"><ele>931.0</ele></trkpt>
    <trkpt lat="47.496462" lon="11.711425"><ele>931.75</ele></trkpt>
    <trkpt lat="47.495858" lon="11.711667"><ele>931.25</ele></trkpt>
    <trkpt lat="47.49573" lon="11.711741"><ele>931.5</ele></trkpt>
    <trkpt lat="47.49529" lon="11.712098"><ele>931.5</ele></trkpt>
    <trkpt lat="47.494692" lon="11.712411"><ele>932.25</ele></trkpt>
    <trkpt lat="47.494207" lon="11.712719"><ele>931.0</ele></trkpt>
    <trkpt lat="47.494169" lon="11.712735"><ele>930.5</ele></trkpt>
    <trkpt lat="47.492551" lon="11.713417"><ele>931.75</ele></trkpt>
    <trkpt lat="47.492224" lon="11.713516"><ele>931.75</ele></trkpt>
    <trkpt lat="47.491791" lon="11.713773"><ele>932.25</ele></trkpt>
    <trkpt lat="47.491279" lon="11.713952"><ele>932.0</ele></trkpt>
    <trkpt lat="47.490474" lon="11.7141"><ele>932.75</ele></trkpt>
    <trkpt lat="47.49023" lon="11.714059"><ele>931.25</ele></trkpt>
    <trkpt lat="47.49018" lon="11.714028"><ele>931.0</ele></trkpt>
    <trkpt lat="47.490004" lon="11.71392"><ele>931.0</ele></trkpt>
    <trkpt lat="47.489816" lon="11.713816"><ele>931.5</ele></trkpt>
    <trkpt lat="47.489589" lon="11.713749"><ele>931.25</ele></trkpt>
    <trkpt lat="47.489453" lon="11.713727"><ele>930.25</ele></trkpt>
    <trkpt lat="47.489292" lon="11.713726"><ele>929.75</ele></trkpt>
    <trkpt lat="47.489109" lon="11.713819"><ele>930.75</ele></trkpt>
    <trkpt lat="47.488918" lon="11.713962"><ele>931.25</ele></trkpt>
    <trkpt lat="47.488447" lon="11.714226"><ele>932.25</ele></trkpt>
    <trkpt lat="47.488263" lon="11.714279"><ele>932.75</ele></trkpt>
    <trkpt lat="47.487913" lon="11.714346"><ele>934.5</ele></trkpt>
    <trkpt lat="47.487715" lon="11.714369"><ele>934.25</ele></trkpt>
    <trkpt lat="47.48742" lon="11.714427"><ele>931.25</ele></trkpt>
    <trkpt lat="47.486824" lon="11.714469"><ele>932.0</ele></trkpt>
    <trkpt lat="47.486502" lon="11.714369"><ele>933.0</ele></trkpt>
    <trkpt lat="47.486247" lon="11.714186"><ele>933.0</ele></trkpt>
    <trkpt lat="47.4862" lon="11.714153"><ele>933.25</ele></trkpt>
    <trkpt lat="47.486141" lon="11.714122"><ele>933.5</ele></trkpt>
    <trkpt lat="47.486123" lon="11.714115"><ele>933.5</ele></trkpt>
    <trkpt lat="47.485875" lon="11.714022"><ele>935.0</ele></trkpt>
    <trkpt lat="47.485639" lon="11.713987"><ele>936.5</ele></trkpt>
    <trkpt lat="47.485431" lon="11.713981"><ele>938.0</ele></trkpt>
    <trkpt lat="47.484953" lon="11.714001"><ele>941.75</ele></trkpt>
    <trkpt lat="47.484517" lon="11.713994"><ele>944.75</ele></trkpt>
    <trkpt lat="47.484034" lon="11.713939"><ele>946.0</ele></trkpt>
    <trkpt lat="47.483796" lon="11.713939"><ele>946.25</ele></trkpt>
    <trkpt lat="47.483714" lon="11.713905"><ele>946.5</ele></trkpt>
    <trkpt lat="47.483644" lon="11.713858"><ele>946.5</ele></trkpt>
    <trkpt lat="47.483575" lon="11.713856"><ele>946.5</ele></trkpt>
    <trkpt lat="47.483525" lon="11.713867"><ele>946.25</ele></trkpt>
    <trkpt lat="47.483479" lon="11.713834"><ele>945.75</ele></trkpt>
    <trkpt lat="47.483428" lon="11.713811"><ele>945.25</ele></trkpt>
    <trkpt lat="47.48244" lon="11.713366"><ele>942.75</ele></trkpt>
    <trkpt lat="47.481941" lon="11.713148"><ele>940.5</ele></trkpt>
    <trkpt lat="47.481784" lon="11.713087"><ele>939.5</ele></trkpt>
    <trkpt lat="47.481334" lon="11.712981"><ele>936.75</ele></trkpt>
    <trkpt lat="47.481" lon="11.712958"><ele>935.25</ele></trkpt>
    <trkpt lat="47.480535" lon="11.712958"><ele>932.0</ele></trkpt>
    <trkpt lat="47.480404" lon="11.712968"><ele>931.75</ele></trkpt>
    <trkpt lat="47.480137" lon="11.71304"><ele>931.25</ele></trkpt>
    <trkpt lat="47.479928" lon="11.713001"><ele>932.25</ele></trkpt>
    <trkpt lat="47.479693" lon="11.712951"><ele>938.5</ele></trkpt>
    <trkpt lat="47.479391" lon="11.71277"><ele>932.75</ele></trkpt>
    <trkpt lat="47.479058" lon="11.71269"><ele>939.5</ele></trkpt>
    <trkpt lat="47.47879" lon="11.712579"><ele>936.0</ele></trkpt>
    <trkpt lat="47.478152" lon="11.712471"><ele>941.5</ele></trkpt>
    <trkpt lat="47.477967" lon="11.712373"><ele>942.75</ele></trkpt>
    <trkpt lat="47.477794" lon="11.712238"><ele>934.25</ele></trkpt>
    <trkpt lat="47.477449" lon="11.71219"><ele>934.75</ele></trkpt>
    <trkpt lat="47.476655" lon="11.711718"><ele>935.0</ele></trkpt>
    <trkpt lat="47.476395" lon="11.711665"><ele>932.75</ele></trkpt>
    <trkpt lat="47.476003" lon="11.711653"><ele>930.75</ele></trkpt>
    <trkpt lat="47.475505" lon="11.711897"><ele>932.0</ele></trkpt>
    <trkpt lat="47.475173" lon="11.712136"><ele>932.25</ele></trkpt>
    <trkpt lat="47.475012" lon="11.71228"><ele>932.25</ele></trkpt>
    <trkpt lat="47.474217" lon="11.712983"><ele>932.25</ele></trkpt>
    <trkpt lat="47.474038" lon="11.713088"><ele>932.25</ele></trkpt>
    <trkpt lat="47.473829" lon="11.713212"><ele>932.5</ele></trkpt>
    <trkpt lat="47.473588" lon="11.713331"><ele>929.75</ele></trkpt>
    <trkpt lat="47.473356" lon="11.713425"><ele>932.25</ele></trkpt>
    <trkpt lat="47.472881" lon="11.713573"><ele>935.0</ele></trkpt>
    <trkpt lat="47.471622" lon="11.713932"><ele>933.0</ele></trkpt>
    <trkpt lat="47.470971" lon="11.714181"><ele>935.0</ele></trkpt>
    <trkpt lat="47.47077" lon="11.714268"><ele>936.0</ele></trkpt>
    <trkpt lat="47.470596" lon="11.714264"><ele>935.75</ele></trkpt>
    <trkpt lat="47.470428" lon="11.714121"><ele>931.0</ele></trkpt>
    <trkpt lat="47.470065" lon="11.713767"><ele>931.75</ele></trkpt>
    <trkpt lat="47.469962" lon="11.71371"><ele>932.25</ele></trkpt>
    <trkpt lat="47.469898" lon="11.713652"><ele>932.25</ele></trkpt>
    <trkpt lat="47.469557" lon="11.713398"><ele>932.5</ele></trkpt>
    <trkpt lat="47.469389" lon="11.713338"><ele>933.0</ele></trkpt>
    <trkpt lat="47.469282" lon="11.713328"><ele>932.75</ele></trkpt>
    <trkpt lat="47.468989" lon="11.713362"><ele>933.75</ele></trkpt>
    <trkpt lat="47.468805" lon="11.713413"><ele>934.5</ele></trkpt>
    <trkpt lat="47.468619" lon="11.713545"><ele>935.0</ele></trkpt>
    <trkpt lat="47.468526" lon="11.713613"><ele>934.25</ele></trkpt>
    <trkpt lat="47.468405" lon="11.713727"><ele>934.0</ele></trkpt>
    <trkpt lat="47.468271" lon="11.71387"><ele>933.0</ele></trkpt>
    <trkpt lat="47.468085" lon="11.714113"><ele>931.25</ele></trkpt>
    <trkpt lat="47.467887" lon="11.714404"><ele>930.75</ele></trkpt>
    <trkpt lat="47.467711" lon="11.714536"><ele>931.5</ele></trkpt>
    <trkpt lat="47.467614" lon="11.714588"><ele>932.0</ele></trkpt>
    <trkpt lat="47.467355" lon="11.714639"><ele>932.5</ele></trkpt>
    <trkpt lat="47.46714" lon="11.714636"><ele>932.25</ele></trkpt>
    <trkpt lat="47.466965" lon="11.714634"><ele>932.5</ele></trkpt>
    <trkpt lat="47.466669" lon="11.71463"><ele>934.5</ele></trkpt>
    <trkpt lat="47.466351" lon="11.714595"><ele>935.5</ele></trkpt>
    <trkpt lat="47.465832" lon="11.714296"><ele>930.75</ele></trkpt>
    <trkpt lat="47.465603" lon="11.71425"><ele>932.0</ele></trkpt>
    <trkpt lat="47.465294" lon="11.714456"><ele>931.75</ele></trkpt>
    <trkpt lat="47.464322" lon="11.714487"><ele>932.75</ele></trkpt>
    <trkpt lat="47.463846" lon="11.714326"><ele>931.5</ele></trkpt>
    <trkpt lat="47.463538" lon="11.714484"><ele>932.5</ele></trkpt>
    <trkpt lat="47.463179" lon="11.714499"><ele>931.75</ele></trkpt>
    <trkpt lat="47.462864" lon="11.714494"><ele>932.0</ele></trkpt>
    <trkpt lat="47.462106" lon="11.714137"><ele>930.75</ele></trkpt>
    <trkpt lat="47.461906" lon="11.714054"><ele>930.75</ele></trkpt>
    <trkpt lat="47.461772" lon="11.714115"><ele>931.0</ele></trkpt>
    <trkpt lat="47.461439" lon="11.714506"><ele>933.0</ele></trkpt>
    <trkpt lat="47.460786" lon="11.71457"><ele>932.5</ele></trkpt>
    <trkpt lat="47.459559" lon="11.714496"><ele>935.5</ele></trkpt>
    <trkpt lat="47.458992" lon="11.714535"><ele>941.25</ele></trkpt>
    <trkpt lat="47.458445" lon="11.714395"><ele>943.75</ele></trkpt>
    <trkpt lat="47.458042" lon="11.714128"><ele>945.0</ele></trkpt>
    <trkpt lat="47.457704" lon="11.714172"><ele>944.25</ele></trkpt>
    <trkpt lat="47.457511" lon="11.714284"><ele>943.75</ele></trkpt>
    <trkpt lat="47.457261" lon="11.714302"><ele>942.5</ele></trkpt>
    <trkpt lat="47.456924" lon="11.714424"><ele>939.25</ele></trkpt>
    <trkpt lat="47.456367" lon="11.714309"><ele>939.25</ele></trkpt>
    <trkpt lat="47.455914" lon="11.714456"><ele>935.75</ele></trkpt>
    <trkpt lat="47.455819" lon="11.714474"><ele>933.0</ele></trkpt>
    <trkpt lat="47.455678" lon="11.71447"><ele>932.5</ele></trkpt>
    <trkpt lat="47.455443" lon="11.714425"><ele>932.25</ele></trkpt>
    <trkpt lat="47.455176" lon="11.714269"><ele>932.25</ele></trkpt>
    <trkpt lat="47.454788" lon="11.713994"><ele>932.75</ele></trkpt>
    <trkpt lat="47.454595" lon="11.713957"><ele>932.75</ele></trkpt>
    <trkpt lat="47.4544" lon="11.713998"><ele>933.25</ele></trkpt>
    <trkpt lat="47.454261" lon="11.714042"><ele>931.75</ele></trkpt>
    <trkpt lat="47.454144" lon="11.714131"><ele>931.0</ele></trkpt>
    <trkpt lat="47.453997" lon="11.714282"><ele>932.0</ele></trkpt>
    <trkpt lat="47.453782" lon="11.714519"><ele>933.5</ele></trkpt>
    <trkpt lat="47.453441" lon="11.714654"><ele>934.5</ele></trkpt>
    <trkpt lat="47.452671" lon="11.714612"><ele>933.25</ele></trkpt>
    <trkpt lat="47.45244" lon="11.714565"><ele>932.75</ele></trkpt>
    <trkpt lat="47.452205" lon="11.714379"><ele>931.5</ele></trkpt>
    <trkpt lat="47.451884" lon="11.714073"><ele>931.5</ele></trkpt>
    <trkpt lat="47.451636" lon="11.713758"><ele>930.0</ele></trkpt>
    <trkpt lat="47.451484" lon="11.713562"><ele>930.0</ele></trkpt>
    <trkpt lat="47.451321" lon="11.713447"><ele>930.5</ele></trkpt>
    <trkpt lat="47.451125" lon="11.713384"><ele>931.25</ele></trkpt>
    <trkpt lat="47.451054" lon="11.71338"><ele>931.0</ele></trkpt>
    <trkpt lat="47.450848" lon="11.713406"><ele>931.25</ele></trkpt>
    <trkpt lat="47.449871" lon="11.713464"><ele>930.5</ele></trkpt>
    <trkpt lat="47.449401" lon="11.713776"><ele>930.75</ele></trkpt>
    <trkpt lat="47.44884" lon="11.713939"><ele>930.75</ele></trkpt>
    <trkpt lat="47.448692" lon="11.714016"><ele>931.25</ele></trkpt>
    <trkpt lat="47.448648" lon="11.714031"><ele>931.0</ele></trkpt>
    <trkpt lat="47.448063" lon="11.714266"><ele>931.0</ele></trkpt>
    <trkpt lat="47.447933" lon="11.714275"><ele>931.0</ele></trkpt>
    <trkpt lat="47.447333" lon="11.714265"><ele>931.25</ele></trkpt>
    <trkpt lat="47.446968" lon="11.714316"><ele>931.25</ele></trkpt>
    <trkpt lat="47.446137" lon="11.714334"><ele>931.5</ele></trkpt>
    <trkpt lat="47.445638" lon="11.714179"><ele>931.5</ele></trkpt>
    <trkpt lat="47.445582" lon="11.714186"><ele>932.25</ele></trkpt>
    <trkpt lat="47.445463" lon="11.714202"><ele>931.75</ele></trkpt>
    <trkpt lat="47.445158" lon="11.714379"><ele>932.25</ele></trkpt>
    <trkpt lat="47.445012" lon="11.714574"><ele>933.0</ele></trkpt>
    <trkpt lat="47.4449" lon="11.714868"><ele>935.25</ele></trkpt>
    <trkpt lat="47.444734" lon="11.715052"><ele>934.5</ele></trkpt>
    <trkpt lat="47.444633" lon="11.715203"><ele>935.25</ele></trkpt>
    <trkpt lat="47.44419" lon="11.715917"><ele>933.0</ele></trkpt>
    <trkpt lat="47.444162" lon="11.715961"><ele>933.0</ele></trkpt>
    <trkpt lat="47.44381" lon="11.716374"><ele>930.75</ele></trkpt>
    <trkpt lat="47.443172" lon="11.716627"><ele>930.25</ele></trkpt>
    <trkpt lat="47.442845" lon="11.716979"><ele>930.5</ele></trkpt>
    <trkpt lat="47.442078" lon="11.717579"><ele>933.5</ele></trkpt>
    <trkpt lat="47.441501" lon="11.718394"><ele>936.0</ele></trkpt>
    <trkpt lat="47.441401" lon="11.718603"><ele>934.5</ele></trkpt>
    <trkpt lat="47.441345" lon="11.718984"><ele>935.5</ele></trkpt>
    <trkpt lat="47.44127" lon="11.719142"><ele>933.5</ele></trkpt>
    <trkpt lat="47.44123" lon="11.719195"><ele>933.0</ele></trkpt>
    <trkpt lat="47.440976" lon="11.719533"><ele>934.0</ele></trkpt>
    <trkpt lat="47.440653" lon="11.720253"><ele>933.75</ele></trkpt>
    <trkpt lat="47.440421" lon="11.720718"><ele>933.5</ele></trkpt>
    <trkpt lat="47.440361" lon="11.720817"><ele>933.0</ele></trkpt>
    <trkpt lat="47.440236" lon="11.720985"><ele>932.0</ele></trkpt>
    <trkpt lat="47.439704" lon="11.721549"><ele>931.0</ele></trkpt>
    <trkpt lat="47.439484" lon="11.721821"><ele>930.25</ele></trkpt>
    <trkpt lat="47.439288" lon="11.722141"><ele>930.5</ele></trkpt>
    <trkpt lat="47.439196" lon="11.722363"><ele>930.0</ele></trkpt>
    <trkpt lat="47.439102" lon="11.722743"><ele>930.0</ele></trkpt>
    <trkpt lat="47.439014" lon="11.722916"><ele>930.0</ele></trkpt>
    <trkpt lat="47.438885" lon="11.723069"><ele>930.0</ele></trkpt>
    <trkpt lat="47.438778" lon="11.723147"><ele>930.5</ele></trkpt>
    <trkpt lat="47.438314" lon="11.723313"><ele>930.5</ele></trkpt>
    <trkpt lat="47.438167" lon="11.723421"><ele>930.0</ele></trkpt>
    <trkpt lat="47.437956" lon="11.723615"><ele>930.25</ele></trkpt>
    <trkpt lat="47.437816" lon="11.723707"><ele>930.0</ele></trkpt>
    <trkpt lat="47.437736" lon="11.723754"><ele>929.75</ele></trkpt>
    <trkpt lat="47.43743" lon="11.723934"><ele>930.75</ele></trkpt>
    <trkpt lat="47.437354" lon="11.724048"><ele>931.0</ele></trkpt>
    <trkpt lat="47.437159" lon="11.724481"><ele>933.0</ele></trkpt>
    <trkpt lat="47.436928" lon="11.724865"><ele>935.0</ele></trkpt>
    <trkpt lat="47.43688" lon="11.725034"><ele>936.0</ele></trkpt>
    <trkpt lat="47.436633" lon="11.725589"><ele>938.75</ele></trkpt>
    <trkpt lat="47.43661" lon="11.725663"><ele>938.75</ele></trkpt>
    <trkpt lat="47.436537" lon="11.725781"><ele>939.0</ele></trkpt>
    <trkpt lat="47.436472" lon="11.72587"><ele>939.25</ele></trkpt>
    <trkpt lat="47.436381" lon="11.725684"><ele>937.25</ele></trkpt>
    <trkpt lat="47.436247" lon="11.725551"><ele>936.25</ele></trkpt>
    <trkpt lat="47.436025" lon="11.72531"><ele>934.0</ele></trkpt>
    <trkpt lat="47.435836" lon="11.725039"><ele>932.25</ele></trkpt>
    <trkpt lat="47.435746" lon="11.724986"><ele>931.5</ele></trkpt>
    <trkpt lat="47.435641" lon="11.724962"><ele>931.0</ele></trkpt>
    <trkpt lat="47.435453" lon="11.72505"><ele>930.5</ele></trkpt>
    <trkpt lat="47.435169" lon="11.725221"><ele>929.75</ele></trkpt>
    <trkpt lat="47.434758" lon="11.725635"><ele>929.75</ele></trkpt>
    <trkpt lat="47.433741" lon="11.727462"><ele>929.25</ele></trkpt>
    <trkpt lat="47.433683" lon="11.727594"><ele>929.25</ele></trkpt>
    <trkpt lat="47.433667" lon="11.727641"><ele>929.5</ele></trkpt>
    <trkpt lat="47.433298" lon="11.728826"><ele>929.5</ele></trkpt>
    <trkpt lat="47.43311" lon="11.729627"><ele>928.75</ele></trkpt>
    <trkpt lat="47.433062" lon="11.729861"><ele>929.5</ele></trkpt>
    <trkpt lat="47.43307" lon="11.730097"><ele>929.5</ele></trkpt>
    <trkpt lat="47.433159" lon="11.730468"><ele>929.25</ele></trkpt>
    <trkpt lat="47.433313" lon="11.730749"><ele>929.75</ele></trkpt>
    <trkpt lat="47.433385" lon="11.730912"><ele>930.0</ele></trkpt>
    <trkpt lat="47.433408" lon="11.73103"><ele>930.25</ele></trkpt>
    <trkpt lat="47.433423" lon="11.731175"><ele>930.5</ele></trkpt>
    <trkpt lat="47.433476" lon="11.731672"><ele>930.5</ele></trkpt>
    <trkpt lat="47.433328" lon="11.732022"><ele>930.75</ele></trkpt>
    <trkpt lat="47.433241" lon="11.732202"><ele>930.5</ele></trkpt>
    <trkpt lat="47.432952" lon="11.732619"><ele>929.75</ele></trkpt>
    <trkpt lat="47.432834" lon="11.732804"><ele>929.25</ele></trkpt>
    <trkpt lat="47.432811" lon="11.732856"><ele>929.25</ele></trkpt>
    <trkpt lat="47.432786" lon="11.732905"><ele>929.25</ele></trkpt>
    <trkpt lat="47.432657" lon="11.733146"><ele>929.75</ele></trkpt>
    <trkpt lat="47.432549" lon="11.733353"><ele>930.0</ele></trkpt>
    <trkpt lat="47.432485" lon="11.73352"><ele>929.75</ele></trkpt>
    <trkpt lat="47.43248" lon="11.733637"><ele>929.75</ele></trkpt>
    <trkpt lat="47.432527" lon="11.734059"><ele>929.75</ele></trkpt>
    <trkpt lat="47.432516" lon="11.734227"><ele>930.0</ele></trkpt>
    <trkpt lat="47.432488" lon="11.734364"><ele>929.75</ele></trkpt>
    <trkpt lat="47.432424" lon="11.734547"><ele>929.5</ele></trkpt>
    <trkpt lat="47.43225" lon="11.734922"><ele>929.5</ele></trkpt>
    <trkpt lat="47.432186" lon="11.735036"><ele>929.75</ele></trkpt>
    <trkpt lat="47.432114" lon="11.735107"><ele>929.75</ele></trkpt>
    <trkpt lat="47.431999" lon="11.735195"><ele>929.75</ele></trkpt>
    <trkpt lat="47.431874" lon="11.735245"><ele>929.75</ele></trkpt>
    <trkpt lat="47.431857" lon="11.73542"><ele>930.5</ele></trkpt>
    <trkpt lat="47.431503" lon="11.735808"><ele>930.75</ele></trkpt>
    <trkpt lat="47.431385" lon="11.735961"><ele>931.0</ele></trkpt>
    <trkpt lat="47.431361" lon="11.736011"><ele>930.75</ele></trkpt>
    <trkpt lat="47.431317" lon="11.736119"><ele>931.0</ele></trkpt>
    <trkpt lat="47.431246" lon="11.736204"><ele>931.0</ele></trkpt>
    <trkpt lat="47.431079" lon="11.73637"><ele>931.0</ele></trkpt>
    <trkpt lat="47.431025" lon="11.736454"><ele>931.0</ele></trkpt>
    <trkpt lat="47.431004" lon="11.736514"><ele>931.0</ele></trkpt>
    <trkpt lat="47.430994" lon="11.736706"><ele>931.25</ele></trkpt>
    <trkpt lat="47.430971" lon="11.736785"><ele>931.25</ele></trkpt>
    <trkpt lat="47.430925" lon="11.736828"><ele>931.25</ele></trkpt>
    <trkpt lat="47.430885" lon="11.736903"><ele>931.0</ele></trkpt>
    <trkpt lat="47.430877" lon="11.737032"><ele>931.0</ele></trkpt>
    <trkpt lat="47.430864" lon="11.737084"><ele>931.0</ele></trkpt>
    <trkpt lat="47.430837" lon="11.737129"><ele>931.0</ele></trkpt>
    <trkpt lat="47.430795" lon="11.737168"><ele>931.0</ele></trkpt>
    <trkpt lat="47.430755" lon="11.737184"><ele>931.0</ele></trkpt>
    <trkpt lat="47.430575" lon="11.737168"><ele>931.0</ele></trkpt>
    <trkpt lat="47.430525" lon="11.737172"><ele>931.0</ele></trkpt>
    <trkpt lat="47.430471" lon="11.73719"><ele>931.0</ele></trkpt>
    <trkpt lat="47.430447" lon="11.737206"><ele>931.0</ele></trkpt>
    <trkpt lat="47.430308" lon="11.737334"><ele>932.0</ele></trkpt>
    <trkpt lat="47.430279" lon="11.737333"><ele>932.0</ele></trkpt>
    <trkpt lat="47.430201" lon="11.737286"><ele>931.75</ele></trkpt>
    <trkpt lat="47.430091" lon="11.737244"><ele>931.5</ele></trkpt>
    <trkpt lat="47.42998" lon="11.737175"><ele>931.5</ele></trkpt>
    <trkpt lat="47.42993" lon="11.737124"><ele>931.0</ele></trkpt>
    <trkpt lat="47.429849" lon="11.736989"><ele>930.0</ele></trkpt>
    <trkpt lat="47.429776" lon="11.737103"><ele>929.75</ele></trkpt>
    <trkpt lat="47.429699" lon="11.7372"><ele>929.75</ele></trkpt>
    <trkpt lat="47.429576" lon="11.737279"><ele>929.75</ele></trkpt>
    <trkpt lat="47.429447" lon="11.737315"><ele>929.25</ele></trkpt>
    <trkpt lat="47.429325" lon="11.737323"><ele>929.0</ele></trkpt>
    <trkpt lat="47.42862" lon="11.737431"><ele>929.5</ele></trkpt>
    <trkpt lat="47.428406" lon="11.737398"><ele>928.5</ele></trkpt>
    <trkpt lat="47.428278" lon="11.737389"><ele>928.5</ele></trkpt>
    <trkpt lat="47.428099" lon="11.737361"><ele>928.75</ele></trkpt>
    <trkpt lat="47.428035" lon="11.737341"><ele>929.0</ele></trkpt>
    <trkpt lat="47.427851" lon="11.737282"><ele>929.5</ele></trkpt>
    <trkpt lat="47.427509" lon="11.737149"><ele>929.5</ele></trkpt>
    <trkpt lat="47.427318" lon="11.737043"><ele>929.5</ele></trkpt>
    <trkpt lat="47.426971" lon="11.736812"><ele>929.0</ele></trkpt>
    <trkpt lat="47.426696" lon="11.736566"><ele>928.75</ele></trkpt>
    <trkpt lat="47.42645" lon="11.736302"><ele>929.0</ele></trkpt>
    <trkpt lat="47.426179" lon="11.735955"><ele>928.75</ele></trkpt>
    <trkpt lat="47.425947" lon="11.735577"><ele>929.0</ele></trkpt>
    <trkpt lat="47.425868" lon="11.735395"><ele>929.75</ele></trkpt>
    <trkpt lat="47.425783" lon="11.73547"><ele>930.0</ele></trkpt>
    <trkpt lat="47.425674" lon="11.735526"><ele>929.75</ele></trkpt>
    <trkpt lat="47.425621" lon="11.735587"><ele>929.75</ele></trkpt>
    <trkpt lat="47.425558" lon="11.735693"><ele>930.0</ele></trkpt>
    <trkpt lat="47.425518" lon="11.73573"><ele>929.75</ele></trkpt>
    <trkpt lat="47.425462" lon="11.73573"><ele>929.5</ele></trkpt>
    <trkpt lat="47.425423" lon="11.735711"><ele>929.25</ele></trkpt>
    <trkpt lat="47.425378" lon="11.735655"><ele>929.5</ele></trkpt>
    <trkpt lat="47.425258" lon="11.735466"><ele>930.0</ele></trkpt>
    <trkpt lat="47.425172" lon="11.735406"><ele>930.0</ele></trkpt>
    <trkpt lat="47.425064" lon="11.735874"><ele>929.25</ele></trkpt>
    <trkpt lat="47.42503" lon="11.736051"><ele>929.0</ele></trkpt>
    <trkpt lat="47.425007" lon="11.736225"><ele>928.75</ele></trkpt>
    <trkpt lat="47.424898" lon="11.737292"><ele>928.75</ele></trkpt>
    <trkpt lat="47.424876" lon="11.737695"><ele>928.75</ele></trkpt>
    <trkpt lat="47.424882" lon="11.738062"><ele>929.75</ele></trkpt>
    <trkpt lat="47.424879" lon="11.738512"><ele>931.0</ele></trkpt>
    <trkpt lat="47.42491" lon="11.739573"><ele>935.0</ele></trkpt>
    <trkpt lat="47.424921" lon="11.740708"><ele>936.25</ele></trkpt>
    <trkpt lat="47.424918" lon="11.74097"><ele>936.5</ele></trkpt>
    <trkpt lat="47.424898" lon="11.741304"><ele>936.5</ele></trkpt>
    <trkpt lat="47.424839" lon="11.742059"><ele>937.75</ele></trkpt>
    <trkpt lat="47.424809" lon="11.742376"><ele>938.75</ele></trkpt>
    <trkpt lat="47.42475" lon="11.742585"><ele>939.75</ele></trkpt>
    <trkpt lat="47.424693" lon="11.742754"><ele>940.0</ele></trkpt>
    <trkpt lat="47.424604" lon="11.742977"><ele>940.25</ele></trkpt>
    <trkpt lat="47.424442" lon="11.743297"><ele>941.0</ele></trkpt>
    <trkpt lat="47.424326" lon="11.743572"><ele>941.25</ele></trkpt>
    <trkpt lat="47.424281" lon="11.743594"><ele>941.5</ele></trkpt>
    <trkpt lat="47.424233" lon="11.743634"><ele>941.75</ele></trkpt>
    <trkpt lat="47.424187" lon="11.743685"><ele>942.0</ele></trkpt>
    <trkpt lat="47.424002" lon="11.744126"><ele>943.0</ele></trkpt>
    <trkpt lat="47.423921" lon="11.744375"><ele>942.75</ele></trkpt>
    <trkpt lat="47.423845" lon="11.744639"><ele>943.0</ele></trkpt>
    <trkpt lat="47.42362" lon="11.745758"><ele>945.5</ele></trkpt>
    <trkpt lat="47.423611" lon="11.745815"><ele>945.75</ele></trkpt>
    <trkpt lat="47.423483" lon="11.746393"><ele>947.5</ele></trkpt>
    <trkpt lat="47.423399" lon="11.746712"><ele>948.25</ele></trkpt>
    <trkpt lat="47.423332" lon="11.746932"><ele>948.75</ele></trkpt>
    <trkpt lat="47.4229" lon="11.748048"><ele>950.25</ele></trkpt>
    <trkpt lat="47.422853" lon="11.748189"><ele>950.75</ele></trkpt>
    <trkpt lat="47.422644" lon="11.748721"><ele>951.5</ele></trkpt>
    <trkpt lat="47.422447" lon="11.749257"><ele>952.0</ele></trkpt>
    <trkpt lat="47.42222" lon="11.750159"><ele>953.5</ele></trkpt>
    <trkpt lat="47.422138" lon="11.750542"><ele>954.25</ele></trkpt>
    <trkpt lat="47.422056" lon="11.750815"><ele>954.5</ele></trkpt>
    <trkpt lat="47.421958" lon="11.751186"><ele>954.25</ele></trkpt>
    <trkpt lat="47.42191" lon="11.751802"><ele>954.5</ele></trkpt>
    <trkpt lat="47.421927" lon="11.752637"><ele>955.5</ele></trkpt>
    <trkpt lat="47.421923" lon="11.752998"><ele>955.5</ele></trkpt>
    <trkpt lat="47.421921" lon="11.753212"><ele>955.5</ele></trkpt>
    <trkpt lat="47.421867" lon="11.753476"><ele>955.75</ele></trkpt>
    <trkpt lat="47.421821" lon="11.753441"><ele>955.0</ele></trkpt>
    <trkpt lat="47.421607" lon="11.75328"><ele>952.25</ele></trkpt>
    <trkpt lat="47.421549" lon="11.753221"><ele>951.5</ele></trkpt>
    <trkpt lat="47.421505" lon="11.753158"><ele>950.75</ele></trkpt>
    <trkpt lat="47.421281" lon="11.752669"><ele>945.0</ele></trkpt>
    <trkpt lat="47.421164" lon="11.752458"><ele>941.5</ele></trkpt>
    <trkpt lat="47.421016" lon="11.752237"><ele>938.0</ele></trkpt>
    <trkpt lat="47.420872" lon="11.752053"><ele>936.5</ele></trkpt>
    <trkpt lat="47.420801" lon="11.751991"><ele>934.5</ele></trkpt>
    <trkpt lat="47.420637" lon="11.751894"><ele>933.0</ele></trkpt>
    <trkpt lat="47.42036" lon="11.751806"><ele>928.25</ele></trkpt>
    <trkpt lat="47.420285" lon="11.751757"><ele>925.75</ele></trkpt>
    <trkpt lat="47.420203" lon="11.751678"><ele>924.0</ele></trkpt>
    <trkpt lat="47.420154" lon="11.751596"><ele>924.0</ele></trkpt>
    <trkpt lat="47.419988" lon="11.751173"><ele>916.75</ele></trkpt>
    <trkpt lat="47.419916" lon="11.751023"><ele>917.25</ele></trkpt>
    <trkpt lat="47.419853" lon="11.750933"><ele>916.0</ele></trkpt>
    <trkpt lat="47.419804" lon="11.750886"><ele>913.75</ele></trkpt>
    <trkpt lat="47.41975" lon="11.750864"><ele>911.0</ele></trkpt>
    <trkpt lat="47.419661" lon="11.750858"><ele>908.75</ele></trkpt>
    <trkpt lat="47.419527" lon="11.750892"><ele>907.5</ele></trkpt>
    <trkpt lat="47.419229" lon="11.750979"><ele>902.0</ele></trkpt>
    <trkpt lat="47.419157" lon="11.75099"><ele>900.25</ele></trkpt>
    <trkpt lat="47.419078" lon="11.750987"><ele>898.25</ele></trkpt>
    <trkpt lat="47.41895" lon="11.750954"><ele>895.25</ele></trkpt>
    <trkpt lat="47.41882" lon="11.750907"><ele>893.5</ele></trkpt>
    <trkpt lat="47.418626" lon="11.750812"><ele>890.5</ele></trkpt>
    <trkpt lat="47.418495" lon="11.750737"><ele>890.25</ele></trkpt>
    <trkpt lat="47.418428" lon="11.750686"><ele>889.25</ele></trkpt>
    <trkpt lat="47.41837" lon="11.750628"><ele>887.5</ele></trkpt>
    <trkpt lat="47.418321" lon="11.750561"><ele>885.5</ele></trkpt>
    <trkpt lat="47.418252" lon="11.750443"><ele>886.0</ele></trkpt>
    <trkpt lat="47.41801" lon="11.749857"><ele>876.5</ele></trkpt>
    <trkpt lat="47.417926" lon="11.749709"><ele>873.75</ele></trkpt>
    <trkpt lat="47.41786" lon="11.749625"><ele>873.0</ele></trkpt>
    <trkpt lat="47.41776" lon="11.749533"><ele>870.5</ele></trkpt>
    <trkpt lat="47.417609" lon="11.749436"><ele>868.25</ele></trkpt>
    <trkpt lat="47.417528" lon="11.749405"><ele>867.75</ele></trkpt>
    <trkpt lat="47.417325" lon="11.749363"><ele>865.25</ele></trkpt>
    <trkpt lat="47.417213" lon="11.749358"><ele>864.0</ele></trkpt>
    <trkpt lat="47.417104" lon="11.74937"><ele>861.5</ele></trkpt>
    <trkpt lat="47.417052" lon="11.749384"><ele>860.25</ele></trkpt>
    <trkpt lat="47.416991" lon="11.749416"><ele>858.5</ele></trkpt>
    <trkpt lat="47.416713" lon="11.749625"><ele>855.5</ele></trkpt>
    <trkpt lat="47.416598" lon="11.749676"><ele>852.75</ele></trkpt>
    <trkpt lat="47.416506" lon="11.749696"><ele>850.75</ele></trkpt>
    <trkpt lat="47.416135" lon="11.749674"><ele>845.5</ele></trkpt>
    <trkpt lat="47.415801" lon="11.749684"><ele>841.25</ele></trkpt>
    <trkpt lat="47.415682" lon="11.749667"><ele>841.25</ele></trkpt>
    <trkpt lat="47.415586" lon="11.749626"><ele>840.75</ele></trkpt>
    <trkpt lat="47.415498" lon="11.74957"><ele>840.0</ele></trkpt>
    <trkpt lat="47.415303" lon="11.749403"><ele>835.75</ele></trkpt>
    <trkpt lat="47.415216" lon="11.749358"><ele>834.5</ele></trkpt>
    <trkpt lat="47.415158" lon="11.749342"><ele>833.75</ele></trkpt>
    <trkpt lat="47.4151" lon="11.749337"><ele>833.25</ele></trkpt>
    <trkpt lat="47.414873" lon="11.749354"><ele>831.25</ele></trkpt>
    <trkpt lat="47.414554" lon="11.749337"><ele>826.0</ele></trkpt>
    <trkpt lat="47.414312" lon="11.749352"><ele>822.25</ele></trkpt>
    <trkpt lat="47.413933" lon="11.749397"><ele>817.25</ele></trkpt>
    <trkpt lat="47.41372" lon="11.749404"><ele>814.5</ele></trkpt>
    <trkpt lat="47.413354" lon="11.749388"><ele>809.75</ele></trkpt>
    <trkpt lat="47.413277" lon="11.749389"><ele>808.75</ele></trkpt>
    <trkpt lat="47.413181" lon="11.749397"><ele>807.75</ele></trkpt>
    <trkpt lat="47.413129" lon="11.749411"><ele>807.25</ele></trkpt>
    <trkpt lat="47.413089" lon="11.749434"><ele>807.25</ele></trkpt>
    <trkpt lat="47.412995" lon="11.749513"><ele>806.25</ele></trkpt>
    <trkpt lat="47.412934" lon="11.749587"><ele>805.5</ele></trkpt>
    <trkpt lat="47.412799" lon="11.74978"><ele>802.5</ele></trkpt>
    <trkpt lat="47.412691" lon="11.749973"><ele>803.5</ele></trkpt>
    <trkpt lat="47.412635" lon="11.7501"><ele>802.0</ele></trkpt>
    <trkpt lat="47.412567" lon="11.75029"><ele>799.0</ele></trkpt>
    <trkpt lat="47.412474" lon="11.750585"><ele>796.75</ele></trkpt>
    <trkpt lat="47.412402" lon="11.75077"><ele>796.75</ele></trkpt>
    <trkpt lat="47.412153" lon="11.751305"><ele>793.5</ele></trkpt>
    <trkpt lat="47.411842" lon="11.752051"><ele>790.0</ele></trkpt>
    <trkpt lat="47.411768" lon="11.75219"><ele>789.0</ele></trkpt>
    <trkpt lat="47.411699" lon="11.752303"><ele>788.5</ele></trkpt>
    <trkpt lat="47.41159" lon="11.752417"><ele>787.0</ele></trkpt>
    <trkpt lat="47.41145" lon="11.752517"><ele>784.75</ele></trkpt>
    <trkpt lat="47.411277" lon="11.752677"><ele>782.5</ele></trkpt>
    <trkpt lat="47.410679" lon="11.753311"><ele>773.75</ele></trkpt>
    <trkpt lat="47.409407" lon="11.7547"><ele>759.25</ele></trkpt>
    <trkpt lat="47.409146" lon="11.75496"><ele>756.5</ele></trkpt>
    <trkpt lat="47.408954" lon="11.755131"><ele>755.25</ele></trkpt>
    <trkpt lat="47.408753" lon="11.7553"><ele>752.0</ele></trkpt>
    <trkpt lat="47.408491" lon="11.75549"><ele>750.0</ele></trkpt>
    <trkpt lat="47.4081" lon="11.755811"><ele>744.5</ele></trkpt>
    <trkpt lat="47.407961" lon="11.755955"><ele>744.5</ele></trkpt>
    <trkpt lat="47.407695" lon="11.756296"><ele>742.0</ele></trkpt>
    <trkpt lat="47.407346" lon="11.756726"><ele>737.25</ele></trkpt>
    <trkpt lat="47.407224" lon="11.756856"><ele>734.75</ele></trkpt>
    <trkpt lat="47.407068" lon="11.757053"><ele>733.75</ele></trkpt>
    <trkpt lat="47.406984" lon="11.757193"><ele>732.5</ele></trkpt>
    <trkpt lat="47.406569" lon="11.758096"><ele>724.75</ele></trkpt>
    <trkpt lat="47.406579" lon="11.758168"><ele>725.75</ele></trkpt>
    <trkpt lat="47.406494" lon="11.758383"><ele>724.0</ele></trkpt>
    <trkpt lat="47.406487" lon="11.758466"><ele>723.75</ele></trkpt>
    <trkpt lat="47.406497" lon="11.758639"><ele>724.25</ele></trkpt>
    <trkpt lat="47.406494" lon="11.758853"><ele>724.5</ele></trkpt>
    <trkpt lat="47.406404" lon="11.75942"><ele>726.5</ele></trkpt>
    <trkpt lat="47.406385" lon="11.760073"><ele>729.25</ele></trkpt>
    <trkpt lat="47.406358" lon="11.760233"><ele>729.75</ele></trkpt>
    <trkpt lat="47.406191" lon="11.760648"><ele>729.5</ele></trkpt>
    <trkpt lat="47.406111" lon="11.760786"><ele>729.25</ele></trkpt>
    <trkpt lat="47.405911" lon="11.761052"><ele>729.75</ele></trkpt>
    <trkpt lat="47.405833" lon="11.761207"><ele>729.5</ele></trkpt>
    <trkpt lat="47.405789" lon="11.76132"><ele>728.0</ele></trkpt>
    <trkpt lat="47.40576" lon="11.761541"><ele>727.5</ele></trkpt>
    <trkpt lat="47.405715" lon="11.761772"><ele>727.0</ele></trkpt>
    <trkpt lat="47.405669" lon="11.761948"><ele>726.5</ele></trkpt>
    <trkpt lat="47.405661" lon="11.762044"><ele>726.5</ele></trkpt>
    <trkpt lat="47.405617" lon="11.762539"><ele>724.25</ele></trkpt>
    <trkpt lat="47.405567" lon="11.762711"><ele>722.75</ele></trkpt>
    <trkpt lat="47.40537" lon="11.763292"><ele>718.25</ele></trkpt>
    <trkpt lat="47.405261" lon="11.763687"><ele>717.25</ele></trkpt>
    <trkpt lat="47.405133" lon="11.76425"><ele>711.75</ele></trkpt>
    <trkpt lat="47.405044" lon="11.764403"><ele>709.0</ele></trkpt>
    <trkpt lat="47.404916" lon="11.764575"><ele>703.5</ele></trkpt>
    <trkpt lat="47.404743" lon="11.764863"><ele>698.5</ele></trkpt>
    <trkpt lat="47.404587" lon="11.765093"><ele>693.5</ele></trkpt>
    <trkpt lat="47.404529" lon="11.765304"><ele>693.25</ele></trkpt>
    <trkpt lat="47.404483" lon="11.765629"><ele>690.75</ele></trkpt>
    <trkpt lat="47.40445" lon="11.765733"><ele>690.0</ele></trkpt>
    <trkpt lat="47.404397" lon="11.765703"><ele>689.0</ele></trkpt>
    <trkpt lat="47.403994" lon="11.765653"><ele>680.25</ele></trkpt>
    <trkpt lat="47.403851" lon="11.765662"><ele>676.5</ele></trkpt>
    <trkpt lat="47.403704" lon="11.765704"><ele>673.5</ele></trkpt>
    <trkpt lat="47.403684" lon="11.765702"><ele>673.25</ele></trkpt>
    <trkpt lat="47.403643" lon="11.765681"><ele>672.0</ele></trkpt>
    <trkpt lat="47.403608" lon="11.765647"><ele>671.25</ele></trkpt>
    <trkpt lat="47.403583" lon="11.765594"><ele>670.5</ele></trkpt>
    <trkpt lat="47.403418" lon="11.765715"><ele>667.75</ele></trkpt>
    <trkpt lat="47.403358" lon="11.765742"><ele>666.75</ele></trkpt>
    <trkpt lat="47.403309" lon="11.765754"><ele>666.5</ele></trkpt>
    <trkpt lat="47.403105" lon="11.765797"><ele>666.0</ele></trkpt>
    <trkpt lat="47.40309" lon="11.7658"><ele>666.0</ele></trkpt>
    <trkpt lat="47.403032" lon="11.765816"><ele>666.0</ele></trkpt>
    <trkpt lat="47.402967" lon="11.765851"><ele>667.25</ele></trkpt>
    <trkpt lat="47.402885" lon="11.765912"><ele>667.75</ele></trkpt>
    <trkpt lat="47.402831" lon="11.765963"><ele>667.25</ele></trkpt>
    <trkpt lat="47.402731" lon="11.766088"><ele>664.25</ele></trkpt>
    <trkpt lat="47.402607" lon="11.76627"><ele>664.25</ele></trkpt>
    <trkpt lat="47.402518" lon="11.766388"><ele>662.0</ele></trkpt>
    <trkpt lat="47.402485" lon="11.766425"><ele>661.5</ele></trkpt>
    <trkpt lat="47.402403" lon="11.766491"><ele>661.0</ele></trkpt>
    <trkpt lat="47.402297" lon="11.766546"><ele>660.25</ele></trkpt>
    <trkpt lat="47.402226" lon="11.766571"><ele>660.0</ele></trkpt>
    <trkpt lat="47.402131" lon="11.766604"><ele>660.0</ele></trkpt>
    <trkpt lat="47.402074" lon="11.766623"><ele>659.75</ele></trkpt>
    <trkpt lat="47.401976" lon="11.766661"><ele>659.0</ele></trkpt>
    <trkpt lat="47.401872" lon="11.766723"><ele>659.75</ele></trkpt>
    <trkpt lat="47.401546" lon="11.767009"><ele>658.0</ele></trkpt>
    <trkpt lat="47.401394" lon="11.76711"><ele>658.0</ele></trkpt>
    <trkpt lat="47.401268" lon="11.767181"><ele>656.25</ele></trkpt>
    <trkpt lat="47.401061" lon="11.767295"><ele>654.0</ele></trkpt>
    <trkpt lat="47.40093" lon="11.767405"><ele>653.75</ele></trkpt>
    <trkpt lat="47.400822" lon="11.767539"><ele>651.75</ele></trkpt>
    <trkpt lat="47.400672" lon="11.767756"><ele>649.0</ele></trkpt>
    <trkpt lat="47.400559" lon="11.76789"><ele>649.5</ele></trkpt>
    <trkpt lat="47.400189" lon="11.768175"><ele>649.25</ele></trkpt>
    <trkpt lat="47.400001" lon="11.768394"><ele>646.0</ele></trkpt>
    <trkpt lat="47.399684" lon="11.76878"><ele>642.0</ele></trkpt>
    <trkpt lat="47.399498" lon="11.769025"><ele>639.75</ele></trkpt>
    <trkpt lat="47.399323" lon="11.769274"><ele>637.25</ele></trkpt>
    <trkpt lat="47.399187" lon="11.769482"><ele>634.0</ele></trkpt>
    <trkpt lat="47.39905" lon="11.769657"><ele>631.25</ele></trkpt>
    <trkpt lat="47.398978" lon="11.769737"><ele>630.0</ele></trkpt>
    <trkpt lat="47.398708" lon="11.769989"><ele>628.5</ele></trkpt>
    <trkpt lat="47.398607" lon="11.770068"><ele>627.75</ele></trkpt>
    <trkpt lat="47.398416" lon="11.770189"><ele>627.0</ele></trkpt>
    <trkpt lat="47.398084" lon="11.77038"><ele>624.0</ele></trkpt>
    <trkpt lat="47.397814" lon="11.770508"><ele>621.25</ele></trkpt>
    <trkpt lat="47.397674" lon="11.770535"><ele>619.25</ele></trkpt>
    <trkpt lat="47.397548" lon="11.770552"><ele>617.5</ele></trkpt>
    <trkpt lat="47.397527" lon="11.770606"><ele>617.0</ele></trkpt>
    <trkpt lat="47.397492" lon="11.770729"><ele>616.75</ele></trkpt>
    <trkpt lat="47.397456" lon="11.77095"><ele>615.25</ele></trkpt>
    <trkpt lat="47.397434" lon="11.771156"><ele>613.75</ele></trkpt>
    <trkpt lat="47.397435" lon="11.771269"><ele>613.0</ele></trkpt>
    <trkpt lat="47.397449" lon="11.771366"><ele>612.5</ele></trkpt>
    <trkpt lat="47.397499" lon="11.771531"><ele>610.75</ele></trkpt>
    <trkpt lat="47.397572" lon="11.771693"><ele>608.5</ele></trkpt>
    <trkpt lat="47.397799" lon="11.772066"><ele>605.0</ele></trkpt>
    <trkpt lat="47.397834" lon="11.77216"><ele>604.5</ele></trkpt>
    <trkpt lat="47.397844" lon="11.772193"><ele>604.25</ele></trkpt>
    <trkpt lat="47.397821" lon="11.772294"><ele>604.5</ele></trkpt>
    <trkpt lat="47.397745" lon="11.772459"><ele>604.5</ele></trkpt>
    <trkpt lat="47.397553" lon="11.772525"><ele>602.75</ele></trkpt>
    <trkpt lat="47.39734" lon="11.772623"><ele>602.75</ele></trkpt>
    <trkpt lat="47.397003" lon="11.772832"><ele>601.5</ele></trkpt>
    <trkpt lat="47.396942" lon="11.772898"><ele>600.75</ele></trkpt>
    <trkpt lat="47.396884" lon="11.772991"><ele>600.25</ele></trkpt>
    <trkpt lat="47.396817" lon="11.773163"><ele>599.5</ele></trkpt>
    <trkpt lat="47.396762" lon="11.773375"><ele>599.0</ele></trkpt>
    <trkpt lat="47.396731" lon="11.773448"><ele>598.5</ele></trkpt>
    <trkpt lat="47.396683" lon="11.77351"><ele>598.0</ele></trkpt>
    <trkpt lat="47.396578" lon="11.773596"><ele>597.5</ele></trkpt>
    <trkpt lat="47.396439" lon="11.773677"><ele>597.0</ele></trkpt>
    <trkpt lat="47.396438" lon="11.773721"><ele>596.75</ele></trkpt>
    <trkpt lat="47.396423" lon="11.773762"><ele>596.75</ele></trkpt>
    <trkpt lat="47.395882" lon="11.774444"><ele>591.25</ele></trkpt>
    <trkpt lat="47.395817" lon="11.774527"><ele>590.75</ele></trkpt>
    <trkpt lat="47.395784" lon="11.774572"><ele>590.5</ele></trkpt>
    <trkpt lat="47.395604" lon="11.774808"><ele>589.0</ele></trkpt>
    <trkpt lat="47.395538" lon="11.774975"><ele>587.75</ele></trkpt>
    <trkpt lat="47.395301" lon="11.775265"><ele>586.0</ele></trkpt>
    <trkpt lat="47.395148" lon="11.775404"><ele>584.75</ele></trkpt>
    <trkpt lat="47.395105" lon="11.775424"><ele>584.5</ele></trkpt>
    <trkpt lat="47.395084" lon="11.775532"><ele>584.25</ele></trkpt>
    <trkpt lat="47.395065" lon="11.775593"><ele>584.0</ele></trkpt>
    <trkpt lat="47.394992" lon="11.775708"><ele>583.25</ele></trkpt>
    <trkpt lat="47.394913" lon="11.775801"><ele>582.25</ele></trkpt>
    <trkpt lat="47.394799" lon="11.775894"><ele>581.25</ele></trkpt>
    <trkpt lat="47.394681" lon="11.776019"><ele>580.0</ele></trkpt>
    <trkpt lat="47.394506" lon="11.776258"><ele>578.25</ele></trkpt>
    <trkpt lat="47.394472" lon="11.776327"><ele>578.0</ele></trkpt>
    <trkpt lat="47.394444" lon="11.776402"><ele>577.75</ele></trkpt>
    <trkpt lat="47.394421" lon="11.776517"><ele>577.25</ele></trkpt>
    <trkpt lat="47.394424" lon="11.776599"><ele>577.0</ele></trkpt>
    <trkpt lat="47.394473" lon="11.776794"><ele>577.0</ele></trkpt>
    <trkpt lat="47.394479" lon="11.776857"><ele>577.0</ele></trkpt>
    <trkpt lat="47.394476" lon="11.776913"><ele>577.0</ele></trkpt>
    <trkpt lat="47.394463" lon="11.777014"><ele>576.75</ele></trkpt>
    <trkpt lat="47.394444" lon="11.777053"><ele>576.5</ele></trkpt>
    <trkpt lat="47.394417" lon="11.777088"><ele>576.25</ele></trkpt>
    <trkpt lat="47.394316" lon="11.777184"><ele>575.0</ele></trkpt>
    <trkpt lat="47.39423" lon="11.777266"><ele>574.25</ele></trkpt>
    <trkpt lat="47.394019" lon="11.777467"><ele>572.5</ele></trkpt>
    <trkpt lat="47.393761" lon="11.777721"><ele>571.0</ele></trkpt>
    <trkpt lat="47.393675" lon="11.777833"><ele>570.25</ele></trkpt>
    <trkpt lat="47.393538" lon="11.778012"><ele>569.25</ele></trkpt>
    <trkpt lat="47.393225" lon="11.778415"><ele>565.75</ele></trkpt>
    <trkpt lat="47.392963" lon="11.777933"><ele>565.75</ele></trkpt>
    <trkpt lat="47.392788" lon="11.77761"><ele>565.5</ele></trkpt>
    <trkpt lat="47.392568" lon="11.777203"><ele>565.5</ele></trkpt>
    <trkpt lat="47.392465" lon="11.777182"><ele>564.75</ele></trkpt>
    <trkpt lat="47.392176" lon="11.776788"><ele>561.25</ele></trkpt>
    <trkpt lat="47.392112" lon="11.776822"><ele>560.5</ele></trkpt>
    <trkpt lat="47.392044" lon="11.77684"><ele>559.5</ele></trkpt>
    <trkpt lat="47.392028" lon="11.777005"><ele>559.75</ele></trkpt>
    <trkpt lat="47.392044" lon="11.77684"><ele>559.5</ele></trkpt>
    <trkpt lat="47.392043" lon="11.776658"><ele>560.0</ele></trkpt>
    <trkpt lat="47.392036" lon="11.776569"><ele>560.25</ele></trkpt>
    <trkpt lat="47.392009" lon="11.776444"><ele>560.75</ele></trkpt>
    <trkpt lat="47.391972" lon="11.776296"><ele>561.0</ele></trkpt>
    <trkpt lat="47.391851" lon="11.775927"><ele>560.5</ele></trkpt>
    <trkpt lat="47.391758" lon="11.775677"><ele>560.5</ele></trkpt>
    <trkpt lat="47.391727" lon="11.775578"><ele>560.25</ele></trkpt>
    <trkpt lat="47.391707" lon="11.775506"><ele>560.25</ele></trkpt>
    <trkpt lat="47.391664" lon="11.775325"><ele>560.75</ele></trkpt>
    <trkpt lat="47.391543" lon="11.774816"><ele>560.0</ele></trkpt>
    <trkpt lat="47.391536" lon="11.774786"><ele>560.0</ele></trkpt>
    <trkpt lat="47.391479" lon="11.774553"><ele>560.0</ele></trkpt>
    <trkpt lat="47.391469" lon="11.77451"><ele>560.0</ele></trkpt>
    <trkpt lat="47.391423" lon="11.774295"><ele>560.0</ele></trkpt>
    <trkpt lat="47.391417" lon="11.774271"><ele>560.0</ele></trkpt>
    <trkpt lat="47.39139" lon="11.774111"><ele>559.5</ele></trkpt>
    <trkpt lat="47.391372" lon="11.773968"><ele>558.5</ele></trkpt>
    <trkpt lat="47.391376" lon="11.773885"><ele>557.75</ele></trkpt>
    <trkpt lat="47.391386" lon="11.773828"><ele>557.0</ele></trkpt>
    <trkpt lat="47.391404" lon="11.773776"><ele>556.25</ele></trkpt>
    <trkpt lat="47.391427" lon="11.773743"><ele>555.75</ele></trkpt>
    <trkpt lat="47.39158" lon="11.773636"><ele>554.75</ele></trkpt>
    <trkpt lat="47.391627" lon="11.773585"><ele>554.75</ele></trkpt>
    <trkpt lat="47.391659" lon="11.77354"><ele>554.75</ele></trkpt>
    <trkpt lat="47.391686" lon="11.77348"><ele>555.0</ele></trkpt>
    <trkpt lat="47.391701" lon="11.77342"><ele>555.0</ele></trkpt>
    <trkpt lat="47.391603" lon="11.773443"><ele>554.5</ele></trkpt>
    <trkpt lat="47.391433" lon="11.773503"><ele>553.75</ele></trkpt>
    <trkpt lat="47.391212" lon="11.773552"><ele>552.0</ele></trkpt>
    <trkpt lat="47.391035" lon="11.773623"><ele>550.5</ele></trkpt>
    <trkpt lat="47.390903" lon="11.773708"><ele>550.75</ele></trkpt>
    <trkpt lat="47.390628" lon="11.773819"><ele>548.75</ele></trkpt>
    <trkpt lat="47.390378" lon="11.773909"><ele>547.0</ele></trkpt>
    <trkpt lat="47.390302" lon="11.773916"><ele>546.75</ele></trkpt>
    <trkpt lat="47.390185" lon="11.773822"><ele>545.5</ele></trkpt>
    <trkpt lat="47.390091" lon="11.773698"><ele>545.0</ele></trkpt>
    <trkpt lat="47.390034" lon="11.773596"><ele>545.0</ele></trkpt>
    <trkpt lat="47.390005" lon="11.773542"><ele>545.0</ele></trkpt>
    <trkpt lat="47.389933" lon="11.773604"><ele>544.5</ele></trkpt>
    <trkpt lat="47.389889" lon="11.773627"><ele>544.0</ele></trkpt>
    <trkpt lat="47.389845" lon="11.773638"><ele>543.75</ele></trkpt>
    <trkpt lat="47.389772" lon="11.773641"><ele>543.25</ele></trkpt>
    <trkpt lat="47.389604" lon="11.773632"><ele>542.5</ele></trkpt>
    <trkpt lat="47.389456" lon="11.773615"><ele>542.0</ele></trkpt>
    <trkpt lat="47.389374" lon="11.773574"><ele>541.5</ele></trkpt>
    <trkpt lat="47.389332" lon="11.77356"><ele>541.25</ele></trkpt>
    <trkpt lat="47.389274" lon="11.773566"><ele>540.75</ele></trkpt>
    <trkpt lat="47.389257" lon="11.7734"><ele>541.0</ele></trkpt>
    <trkpt lat="47.389231" lon="11.773326"><ele>541.0</ele></trkpt>
    <trkpt lat="47.38918" lon="11.773193"><ele>540.5</ele></trkpt>
    <trkpt lat="47.388921" lon="11.772836"><ele>538.25</ele></trkpt>
    <trkpt lat="47.38888" lon="11.772778"><ele>537.75</ele></trkpt>
    <trkpt lat="47.388738" lon="11.772581"><ele>537.0</ele></trkpt>
    <trkpt lat="47.388536" lon="11.772268"><ele>536.25</ele></trkpt>
    <trkpt lat="47.388417" lon="11.772052"><ele>534.5</ele></trkpt>
    <trkpt lat="47.388389" lon="11.771928"><ele>533.75</ele></trkpt>
    <trkpt lat="47.388383" lon="11.771815"><ele>533.25</ele></trkpt>
    <trkpt lat="47.388405" lon="11.771321"><ele>531.75</ele></trkpt>
    <trkpt lat="47.388417" lon="11.771175"><ele>531.0</ele></trkpt>
    <trkpt lat="47.388449" lon="11.770918"><ele>530.25</ele></trkpt>
    <trkpt lat="47.388595" lon="11.770272"><ele>529.0</ele></trkpt>
    <trkpt lat="47.388695" lon="11.769874"><ele>529.0</ele></trkpt>
    <trkpt lat="47.388879" lon="11.769141"><ele>529.0</ele></trkpt>
    <trkpt lat="47.388979" lon="11.76877"><ele>528.75</ele></trkpt>
    <trkpt lat="47.389049" lon="11.76854"><ele>528.75</ele></trkpt>
    <trkpt lat="47.389405" lon="11.767389"><ele>529.0</ele></trkpt>
    <trkpt lat="47.389436" lon="11.767238"><ele>529.0</ele></trkpt>
    <trkpt lat="47.389445" lon="11.767139"><ele>529.0</ele></trkpt>
    <trkpt lat="47.389454" lon="11.766868"><ele>529.0</ele></trkpt>
    <trkpt lat="47.389449" lon="11.766453"><ele>528.75</ele></trkpt>
    <trkpt lat="47.389451" lon="11.765894"><ele>529.0</ele></trkpt>
    <trkpt lat="47.389466" lon="11.76583"><ele>529.0</ele></trkpt>
    <trkpt lat="47.389487" lon="11.76578"><ele>529.0</ele></trkpt>
    <trkpt lat="47.389475" lon="11.765711"><ele>529.0</ele></trkpt>
    <trkpt lat="47.389448" lon="11.765556"><ele>529.0</ele></trkpt>
    <trkpt lat="47.389446" lon="11.765351"><ele>529.0</ele></trkpt>
    <trkpt lat="47.389432" lon="11.765186"><ele>529.0</ele></trkpt>
    <trkpt lat="47.389384" lon="11.764962"><ele>529.0</ele></trkpt>
    <trkpt lat="47.389323" lon="11.764677"><ele>529.25</ele></trkpt>
    <trkpt lat="47.389213" lon="11.764309"><ele>529.0</ele></trkpt>
    <trkpt lat="47.389116" lon="11.764014"><ele>529.0</ele></trkpt>
    <trkpt lat="47.388881" lon="11.763318"><ele>528.75</ele></trkpt>
    <trkpt lat="47.388729" lon="11.762897"><ele>528.5</ele></trkpt>
    <trkpt lat="47.388652" lon="11.762735"><ele>528.5</ele></trkpt>
    <trkpt lat="47.388312" lon="11.762126"><ele>529.0</ele></trkpt>
    <trkpt lat="47.388023" lon="11.761647"><ele>529.0</ele></trkpt>
    <trkpt lat="47.387208" lon="11.760116"><ele>530.0</ele></trkpt>
    <trkpt lat="47.386671" lon="11.75912"><ele>529.75</ele></trkpt>
    <trkpt lat="47.386621" lon="11.75907"><ele>529.75</ele></trkpt>
    <trkpt lat="47.386586" lon="11.759063"><ele>529.75</ele></trkpt>
    <trkpt lat="47.386555" lon="11.759073"><ele>529.5</ele></trkpt>
    <trkpt lat="47.386517" lon="11.759104"><ele>529.75</ele></trkpt>
    <trkpt lat="47.385625" lon="11.760147"><ele>529.5</ele></trkpt>
    <trkpt lat="47.385562" lon="11.76003"><ele>529.0</ele></trkpt>
    <trkpt lat="47.385559" lon="11.760025"><ele>529.0</ele></trkpt>
    <trkpt lat="47.385483" lon="11.759871"><ele>529.0</ele></trkpt>
    <trkpt lat="47.385461" lon="11.759811"><ele>529.0</ele></trkpt>
    <trkpt lat="47.384884" lon="11.760479"><ele>530.25</ele></trkpt>
    <trkpt lat="47.384433" lon="11.761078"><ele>529.75</ele></trkpt>
    <trkpt lat="47.384379" lon="11.761014"><ele>529.25</ele></trkpt>
    <trkpt lat="47.384333" lon="11.760933"><ele>528.75</ele></trkpt>
    <trkpt lat="47.384276" lon="11.760781"><ele>528.5</ele></trkpt>
    <trkpt lat="47.383922" lon="11.759611"><ele>530.0</ele></trkpt>
    <trkpt lat="47.383749" lon="11.759117"><ele>530.5</ele></trkpt>
    <trkpt lat="47.383478" lon="11.758439"><ele>531.5</ele></trkpt>
    <trkpt lat="47.382775" lon="11.756924"><ele>531.0</ele></trkpt>
    <trkpt lat="47.382544" lon="11.756492"><ele>531.0</ele></trkpt>
    <trkpt lat="47.382357" lon="11.756281"><ele>530.25</ele></trkpt>
    <trkpt lat="47.382145" lon="11.755879"><ele>530.0</ele></trkpt>
    <trkpt lat="47.381386" lon="11.754698"><ele>530.0</ele></trkpt>
    <trkpt lat="47.380729" lon="11.753726"><ele>530.75</ele></trkpt>
    <trkpt lat="47.379958" lon="11.752708"><ele>530.0</ele></trkpt>
    <trkpt lat="47.379099" lon="11.751618"><ele>530.5</ele></trkpt>
    <trkpt lat="47.378886" lon="11.751332"><ele>530.75</ele></trkpt>
    <trkpt lat="47.378727" lon="11.751162"><ele>530.25</ele></trkpt>
    <trkpt lat="47.378484" lon="11.750856"><ele>529.75</ele></trkpt>
    <trkpt lat="47.378287" lon="11.750525"><ele>530.5</ele></trkpt>
    <trkpt lat="47.378241" lon="11.750471"><ele>530.5</ele></trkpt>
    <trkpt lat="47.378197" lon="11.750435"><ele>530.25</ele></trkpt>
    <trkpt lat="47.378144" lon="11.750407"><ele>530.25</ele></trkpt>
    <trkpt lat="47.378067" lon="11.750391"><ele>530.0</ele></trkpt>
    <trkpt lat="47.37802" lon="11.750362"><ele>530.0</ele></trkpt>
    <trkpt lat="47.377689" lon="11.749909"><ele>531.0</ele></trkpt>
    <trkpt lat="47.37729" lon="11.749397"><ele>530.75</ele></trkpt>
    <trkpt lat="47.377039" lon="11.749027"><ele>531.5</ele></trkpt>
    <trkpt lat="47.37693" lon="11.748838"><ele>531.25</ele></trkpt>
    <trkpt lat="47.376835" lon="11.74864"><ele>531.75</ele></trkpt>
    <trkpt lat="47.376678" lon="11.748193"><ele>531.0</ele></trkpt>
    <trkpt lat="47.376537" lon="11.747686"><ele>532.0</ele></trkpt>
    <trkpt lat="47.376494" lon="11.747584"><ele>531.75</ele></trkpt>
    <trkpt lat="47.376371" lon="11.747365"><ele>531.75</ele></trkpt>
    <trkpt lat="47.376184" lon="11.747058"><ele>531.75</ele></trkpt>
    <trkpt lat="47.375854" lon="11.746567"><ele>531.75</ele></trkpt>
    <trkpt lat="47.375526" lon="11.74605"><ele>531.75</ele></trkpt>
    <trkpt lat="47.375014" lon="11.745297"><ele>531.75</ele></trkpt>
    <trkpt lat="47.374566" lon="11.744609"><ele>531.75</ele></trkpt>
    <trkpt lat="47.374355" lon="11.744259"><ele>531.75</ele></trkpt>
    <trkpt lat="47.374029" lon="11.743832"><ele>531.5</ele></trkpt>
    <trkpt lat="47.373508" lon="11.74301"><ele>531.5</ele></trkpt>
    <trkpt lat="47.37255" lon="11.741411"><ele>531.25</ele></trkpt>
    <trkpt lat="47.370527" lon="11.737985"><ele>532.0</ele></trkpt>
    <trkpt lat="47.370082" lon="11.73725"><ele>531.5</ele></trkpt>
    <trkpt lat="47.369908" lon="11.736943"><ele>531.5</ele></trkpt>
    <trkpt lat="47.369679" lon="11.736429"><ele>532.75</ele></trkpt>
    <trkpt lat="47.369579" lon="11.736231"><ele>532.5</ele></trkpt>
    <trkpt lat="47.369328" lon="11.73583"><ele>532.25</ele></trkpt>
    <trkpt lat="47.368531" lon="11.734465"><ele>532.75</ele></trkpt>
    <trkpt lat="47.368213" lon="11.733934"><ele>532.25</ele></trkpt>
    <trkpt lat="47.367279" lon="11.73233"><ele>533.25</ele></trkpt>
    <trkpt lat="47.366735" lon="11.731376"><ele>533.5</ele></trkpt>
    <trkpt lat="47.366605" lon="11.731068"><ele>533.5</ele></trkpt>
    <trkpt lat="47.366254" lon="11.730387"><ele>533.5</ele></trkpt>
    <trkpt lat="47.365963" lon="11.729753"><ele>534.25</ele></trkpt>
    <trkpt lat="47.365686" lon="11.72912"><ele>534.25</ele></trkpt>
    <trkpt lat="47.365357" lon="11.728392"><ele>533.75</ele></trkpt>
    <trkpt lat="47.365092" lon="11.727756"><ele>534.25</ele></trkpt>
    <trkpt lat="47.364897" lon="11.727169"><ele>533.75</ele></trkpt>
    <trkpt lat="47.364757" lon="11.726634"><ele>533.75</ele></trkpt>
    <trkpt lat="47.364615" lon="11.725817"><ele>536.0</ele></trkpt>
    <trkpt lat="47.364583" lon="11.725701"><ele>535.75</ele></trkpt>
    <trkpt lat="47.364523" lon="11.725531"><ele>534.75</ele></trkpt>
    <trkpt lat="47.364416" lon="11.725158"><ele>533.75</ele></trkpt>
    <trkpt lat="47.364212" lon="11.724152"><ele>535.25</ele></trkpt>
    <trkpt lat="47.36412" lon="11.723635"><ele>534.5</ele></trkpt>
    <trkpt lat="47.364045" lon="11.723373"><ele>533.75</ele></trkpt>
    <trkpt lat="47.364034" lon="11.723338"><ele>533.75</ele></trkpt>
    <trkpt lat="47.363854" lon="11.723538"><ele>533.25</ele></trkpt>
    <trkpt lat="47.363823" lon="11.723549"><ele>533.25</ele></trkpt>
    <trkpt lat="47.36379" lon="11.72354"><ele>533.25</ele></trkpt>
    <trkpt lat="47.363761" lon="11.723506"><ele>533.5</ele></trkpt>
    <trkpt lat="47.363368" lon="11.722304"><ele>533.5</ele></trkpt>
    <trkpt lat="47.363352" lon="11.7222"><ele>533.25</ele></trkpt>
    <trkpt lat="47.363302" lon="11.722116"><ele>533.75</ele></trkpt>
    <trkpt lat="47.362333" lon="11.720733"><ele>534.5</ele></trkpt>
    <trkpt lat="47.361669" lon="11.719818"><ele>534.5</ele></trkpt>
    <trkpt lat="47.361501" lon="11.719531"><ele>533.75</ele></trkpt>
    <trkpt lat="47.361332" lon="11.719204"><ele>534.0</ele></trkpt>
    <trkpt lat="47.360839" lon="11.718247"><ele>534.0</ele></trkpt>
    <trkpt lat="47.36049" lon="11.717511"><ele>533.25</ele></trkpt>
    <trkpt lat="47.359517" lon="11.715895"><ele>534.25</ele></trkpt>
    <trkpt lat="47.357943" lon="11.712349"><ele>535.0</ele></trkpt>
    <trkpt lat="47.357711" lon="11.711935"><ele>535.5</ele></trkpt>
    <trkpt lat="47.356685" lon="11.710286"><ele>535.75</ele></trkpt>
    <trkpt lat="47.356618" lon="11.710213"><ele>535.25</ele></trkpt>
    <trkpt lat="47.356543" lon="11.710131"><ele>534.5</ele></trkpt>
    <trkpt lat="47.355487" lon="11.708085"><ele>534.75</ele></trkpt>
    <trkpt lat="47.35503" lon="11.70722"><ele>536.0</ele></trkpt>
    <trkpt lat="47.354614" lon="11.706606"><ele>534.75</ele></trkpt>
    <trkpt lat="47.354279" lon="11.706149"><ele>535.5</ele></trkpt>
    <trkpt lat="47.353856" lon="11.705654"><ele>535.5</ele></trkpt>
    <trkpt lat="47.353799" lon="11.705528"><ele>535.75</ele></trkpt>
    <trkpt lat="47.353262" lon="11.70504"><ele>536.5</ele></trkpt>
    <trkpt lat="47.352984" lon="11.704838"><ele>536.25</ele></trkpt>
    <trkpt lat="47.352266" lon="11.704441"><ele>536.0</ele></trkpt>
    <trkpt lat="47.351806" lon="11.70416"><ele>536.0</ele></trkpt>
    <trkpt lat="47.351749" lon="11.704125"><ele>536.0</ele></trkpt>
    <trkpt lat="47.35168" lon="11.704095"><ele>536.0</ele></trkpt>
    <trkpt lat="47.351636" lon="11.704099"><ele>536.0</ele></trkpt>
    <trkpt lat="47.351551" lon="11.704132"><ele>536.0</ele></trkpt>
    <trkpt lat="47.351505" lon="11.70415"><ele>536.0</ele></trkpt>
    <trkpt lat="47.351415" lon="11.704161"><ele>536.0</ele></trkpt>
    <trkpt lat="47.351309" lon="11.704152"><ele>536.0</ele></trkpt>
    <trkpt lat="47.351292" lon="11.704151"><ele>536.0</ele></trkpt>
    <trkpt lat="47.350982" lon="11.704131"><ele>536.0</ele></trkpt>
    <trkpt lat="47.350779" lon="11.704119"><ele>536.0</ele></trkpt>
    <trkpt lat="47.350439" lon="11.70413"><ele>536.0</ele></trkpt>
    <trkpt lat="47.350093" lon="11.704185"><ele>535.75</ele></trkpt>
    <trkpt lat="47.34965" lon="11.70432"><ele>534.5</ele></trkpt>
    <trkpt lat="47.348395" lon="11.704688"><ele>537.25</ele></trkpt>
    <trkpt lat="47.34829" lon="11.704741"><ele>537.5</ele></trkpt>
    <trkpt lat="47.348281" lon="11.704809"><ele>537.5</ele></trkpt>
    <trkpt lat="47.348271" lon="11.7049"><ele>537.5</ele></trkpt>
    <trkpt lat="47.348189" lon="11.705609"><ele>537.5</ele></trkpt>
    <trkpt lat="47.348153" lon="11.706026"><ele>537.5</ele></trkpt>
    <trkpt lat="47.348149" lon="11.706137"><ele>537.5</ele></trkpt>
    <trkpt lat="47.348149" lon="11.706203"><ele>537.5</ele></trkpt>
    <trkpt lat="47.34817" lon="11.706382"><ele>538.75</ele></trkpt>
    <trkpt lat="47.348193" lon="11.706549"><ele>539.0</ele></trkpt>
    <trkpt lat="47.348244" lon="11.706844"><ele>540.0</ele></trkpt>
    <trkpt lat="47.348337" lon="11.70735"><ele>541.25</ele></trkpt>
    <trkpt lat="47.348402" lon="11.707708"><ele>541.5</ele></trkpt>
    <trkpt lat="47.348415" lon="11.707837"><ele>541.75</ele></trkpt>
    <trkpt lat="47.348416" lon="11.707896"><ele>541.75</ele></trkpt>
    <trkpt lat="47.348468" lon="11.707896"><ele>541.5</ele></trkpt>
    <trkpt lat="47.348483" lon="11.707896"><ele>541.25</ele></trkpt>
    <trkpt lat="47.348574" lon="11.707929"><ele>540.5</ele></trkpt>
    <trkpt lat="47.348599" lon="11.707977"><ele>540.25</ele></trkpt>
    <trkpt lat="47.348635" lon="11.708008"><ele>540.0</ele></trkpt>
    <trkpt lat="47.348925" lon="11.708256"><ele>539.75</ele></trkpt>
    <trkpt lat="47.348974" lon="11.708274"><ele>539.5</ele></trkpt>
    <trkpt lat="47.349016" lon="11.70829"><ele>539.25</ele></trkpt>
    <trkpt lat="47.349449" lon="11.708552"><ele>537.75</ele></trkpt>
    <trkpt lat="47.34982" lon="11.708777"><ele>537.75</ele></trkpt>
    <trkpt lat="47.350265" lon="11.709082"><ele>537.0</ele></trkpt>
    <trkpt lat="47.350875" lon="11.709481"><ele>537.25</ele></trkpt>
    <trkpt lat="47.350749" lon="11.709976"><ele>538.25</ele></trkpt>
    <trkpt lat="47.350946" lon="11.710113"><ele>538.0</ele></trkpt>
    <trkpt lat="47.350979" lon="11.709988"><ele>536.75</ele></trkpt>
    <trkpt lat="47.350946" lon="11.710113"><ele>538.0</ele></trkpt>
    <trkpt lat="47.350749" lon="11.709976"><ele>538.25</ele></trkpt>
    <trkpt lat="47.350875" lon="11.709481"><ele>537.25</ele></trkpt>
    <trkpt lat="47.350265" lon="11.709082"><ele>537.0</ele></trkpt>
    <trkpt lat="47.34982" lon="11.708777"><ele>537.75</ele></trkpt>
    <trkpt lat="47.349449" lon="11.708552"><ele>537.75</ele></trkpt>
    <trkpt lat="47.349016" lon="11.70829"><ele>539.25</ele></trkpt>
    <trkpt lat="47.348974" lon="11.708274"><ele>539.5</ele></trkpt>
    <trkpt lat="47.348925" lon="11.708256"><ele>539.75</ele></trkpt>
    <trkpt lat="47.348635" lon="11.708008"><ele>540.0</ele></trkpt>
    <trkpt lat="47.348599" lon="11.707977"><ele>540.25</ele></trkpt>
    <trkpt lat="47.348574" lon="11.707929"><ele>540.5</ele></trkpt>
    <trkpt lat="47.348483" lon="11.707896"><ele>541.25</ele></trkpt>
    <trkpt lat="47.348468" lon="11.707896"><ele>541.5</ele></trkpt>
    <trkpt lat="47.348416" lon="11.707896"><ele>541.75</ele></trkpt>
    <trkpt lat="47.348415" lon="11.707837"><ele>541.75</ele></trkpt>
    <trkpt lat="47.348402" lon="11.707708"><ele>541.5</ele></trkpt>
    <trkpt lat="47.348337" lon="11.70735"><ele>541.25</ele></trkpt>
    <trkpt lat="47.348244" lon="11.706844"><ele>540.0</ele></trkpt>
    <trkpt lat="47.348193" lon="11.706549"><ele>539.0</ele></trkpt>
    <trkpt lat="47.34817" lon="11.706382"><ele>538.75</ele></trkpt>
    <trkpt lat="47.348149" lon="11.706203"><ele>537.5</ele></trkpt>
    <trkpt lat="47.348149" lon="11.706137"><ele>537.5</ele></trkpt>
    <trkpt lat="47.348153" lon="11.706026"><ele>537.5</ele></trkpt>
    <trkpt lat="47.348189" lon="11.705609"><ele>537.5</ele></trkpt>
    <trkpt lat="47.348271" lon="11.7049"><ele>537.5</ele></trkpt>
    <trkpt lat="47.348281" lon="11.704809"><ele>537.5</ele></trkpt>
    <trkpt lat="47.34829" lon="11.704741"><ele>537.5</ele></trkpt>
    <trkpt lat="47.348341" lon="11.704499"><ele>537.75</ele></trkpt>
    <trkpt lat="47.348408" lon="11.704239"><ele>537.0</ele></trkpt>
    <trkpt lat="47.348523" lon="11.703905"><ele>537.0</ele></trkpt>
    <trkpt lat="47.348627" lon="11.703661"><ele>536.75</ele></trkpt>
    <trkpt lat="47.348733" lon="11.703441"><ele>536.75</ele></trkpt>
    <trkpt lat="47.348754" lon="11.703399"><ele>536.75</ele></trkpt>
    <trkpt lat="47.348862" lon="11.703175"><ele>537.0</ele></trkpt>
    <trkpt lat="47.349062" lon="11.702774"><ele>536.25</ele></trkpt>
    <trkpt lat="47.34914" lon="11.702618"><ele>536.5</ele></trkpt>
    <trkpt lat="47.349234" lon="11.702433"><ele>536.75</ele></trkpt>
    <trkpt lat="47.34926" lon="11.702384"><ele>536.75</ele></trkpt>
    <trkpt lat="47.349281" lon="11.702341"><ele>536.75</ele></trkpt>
    <trkpt lat="47.349312" lon="11.70228"><ele>536.75</ele></trkpt>
    <trkpt lat="47.34939" lon="11.702128"><ele>537.0</ele></trkpt>
    <trkpt lat="47.349419" lon="11.702017"><ele>537.0</ele></trkpt>
    <trkpt lat="47.349426" lon="11.701927"><ele>537.0</ele></trkpt>
    <trkpt lat="47.349413" lon="11.701838"><ele>537.25</ele></trkpt>
    <trkpt lat="47.349381" lon="11.701761"><ele>537.5</ele></trkpt>
    <trkpt lat="47.349277" lon="11.701657"><ele>538.0</ele></trkpt>
    <trkpt lat="47.349089" lon="11.701467"><ele>537.75</ele></trkpt>
    <trkpt lat="47.348883" lon="11.701269"><ele>537.75</ele></trkpt>
    <trkpt lat="47.348736" lon="11.701134"><ele>537.25</ele></trkpt>
    <trkpt lat="47.348691" lon="11.701092"><ele>537.25</ele></trkpt>
    <trkpt lat="47.348523" lon="11.700934"><ele>537.25</ele></trkpt>
    <trkpt lat="47.348188" lon="11.700621"><ele>537.75</ele></trkpt>
    <trkpt lat="47.347915" lon="11.700365"><ele>538.0</ele></trkpt>
    <trkpt lat="47.347692" lon="11.700157"><ele>537.75</ele></trkpt>
    <trkpt lat="47.347548" lon="11.700022"><ele>537.75</ele></trkpt>
    <trkpt lat="47.347313" lon="11.699801"><ele>538.0</ele></trkpt>
    <trkpt lat="47.347257" lon="11.699769"><ele>538.0</ele></trkpt>
    <trkpt lat="47.347192" lon="11.699773"><ele>537.75</ele></trkpt>
    <trkpt lat="47.347152" lon="11.699786"><ele>537.5</ele></trkpt>
    <trkpt lat="47.347105" lon="11.699831"><ele>537.5</ele></trkpt>
    <trkpt lat="47.347045" lon="11.699904"><ele>537.25</ele></trkpt>
    <trkpt lat="47.346841" lon="11.70034"><ele>537.0</ele></trkpt>
    <trkpt lat="47.346501" lon="11.701105"><ele>537.5</ele></trkpt>
    <trkpt lat="47.346156" lon="11.701873"><ele>538.0</ele></trkpt>
    <trkpt lat="47.346097" lon="11.702002"><ele>538.0</ele></trkpt>
    <trkpt lat="47.346022" lon="11.702148"><ele>538.0</ele></trkpt>
    <trkpt lat="47.346005" lon="11.702181"><ele>538.0</ele></trkpt>
    <trkpt lat="47.345933" lon="11.702115"><ele>538.0</ele></trkpt>
    <trkpt lat="47.345932" lon="11.702114"><ele>538.0</ele></trkpt>
    <trkpt lat="47.345714" lon="11.701912"><ele>538.0</ele></trkpt>
    <trkpt lat="47.345483" lon="11.70169"><ele>537.75</ele></trkpt>
    <trkpt lat="47.345366" lon="11.701606"><ele>538.0</ele></trkpt>
    <trkpt lat="47.345276" lon="11.701575"><ele>538.0</ele></trkpt>
    <trkpt lat="47.345172" lon="11.701577"><ele>538.0</ele></trkpt>
    <trkpt lat="47.345123" lon="11.70158"><ele>538.0</ele></trkpt>
    <trkpt lat="47.344712" lon="11.701609"><ele>538.0</ele></trkpt>
    <trkpt lat="47.344561" lon="11.701569"><ele>538.0</ele></trkpt>
    <trkpt lat="47.344378" lon="11.701456"><ele>538.0</ele></trkpt>
    <trkpt lat="47.344273" lon="11.701387"><ele>537.75</ele></trkpt>
    <trkpt lat="47.344114" lon="11.701284"><ele>538.0</ele></trkpt>
    <trkpt lat="47.343969" lon="11.701191"><ele>538.0</ele></trkpt>
    <trkpt lat="47.343921" lon="11.70116"><ele>538.0</ele></trkpt>
    <trkpt lat="47.343893" lon="11.701142"><ele>538.0</ele></trkpt>
    <trkpt lat="47.343714" lon="11.701025"><ele>538.0</ele></trkpt>
    <trkpt lat="47.343444" lon="11.700815"><ele>538.0</ele></trkpt>
    <trkpt lat="47.343077" lon="11.700547"><ele>538.75</ele></trkpt>
    <trkpt lat="47.342859" lon="11.700366"><ele>538.25</ele></trkpt>
    <trkpt lat="47.342695" lon="11.700223"><ele>538.0</ele></trkpt>
    <trkpt lat="47.342638" lon="11.700152"><ele>538.25</ele></trkpt>
    <trkpt lat="47.342598" lon="11.700092"><ele>538.0</ele></trkpt>
    <trkpt lat="47.342475" lon="11.699851"><ele>538.0</ele></trkpt>
    <trkpt lat="47.342382" lon="11.699553"><ele>538.0</ele></trkpt>
    <trkpt lat="47.342269" lon="11.699188"><ele>537.75</ele></trkpt>
    <trkpt lat="47.342202" lon="11.699054"><ele>538.0</ele></trkpt>
    <trkpt lat="47.341994" lon="11.698779"><ele>538.0</ele></trkpt>
    <trkpt lat="47.341809" lon="11.698584"><ele>538.0</ele></trkpt>
    <trkpt lat="47.341765" lon="11.698538"><ele>538.0</ele></trkpt>
    <trkpt lat="47.341578" lon="11.698353"><ele>538.0</ele></trkpt>
    <trkpt lat="47.341395" lon="11.698172"><ele>538.0</ele></trkpt>
    <trkpt lat="47.341281" lon="11.698061"><ele>538.0</ele></trkpt>
    <trkpt lat="47.341271" lon="11.69805"><ele>538.0</ele></trkpt>
    <trkpt lat="47.339032" lon="11.695864"><ele>540.0</ele></trkpt>
    <trkpt lat="47.336882" lon="11.693795"><ele>540.5</ele></trkpt>
    <trkpt lat="47.335287" lon="11.69226"><ele>540.0</ele></trkpt>
    <trkpt lat="47.335257" lon="11.6922"><ele>540.0</ele></trkpt>
    <trkpt lat="47.335167" lon="11.691932"><ele>540.25</ele></trkpt>
    <trkpt lat="47.33514" lon="11.691876"><ele>540.5</ele></trkpt>
    <trkpt lat="47.335049" lon="11.691976"><ele>540.5</ele></trkpt>
    <trkpt lat="47.333883" lon="11.690394"><ele>541.0</ele></trkpt>
    <trkpt lat="47.333111" lon="11.68938"><ele>541.0</ele></trkpt>
    <trkpt lat="47.332772" lon="11.689012"><ele>541.5</ele></trkpt>
    <trkpt lat="47.331162" lon="11.687577"><ele>541.5</ele></trkpt>
    <trkpt lat="47.32974" lon="11.686264"><ele>544.0</ele></trkpt>
    <trkpt lat="47.32928" lon="11.685762"><ele>544.0</ele></trkpt>
    <trkpt lat="47.328811" lon="11.685194"><ele>544.0</ele></trkpt>
    <trkpt lat="47.328501" lon="11.684743"><ele>544.0</ele></trkpt>
    <trkpt lat="47.328211" lon="11.684264"><ele>544.0</ele></trkpt>
    <trkpt lat="47.32813" lon="11.684118"><ele>544.0</ele></trkpt>
    <trkpt lat="47.327961" lon="11.683817"><ele>544.25</ele></trkpt>
    <trkpt lat="47.327864" lon="11.683611"><ele>545.0</ele></trkpt>
    <trkpt lat="47.327811" lon="11.683485"><ele>545.0</ele></trkpt>
    <trkpt lat="47.327775" lon="11.683381"><ele>545.0</ele></trkpt>
    <trkpt lat="47.327479" lon="11.682748"><ele>547.0</ele></trkpt>
    <trkpt lat="47.327378" lon="11.682488"><ele>547.0</ele></trkpt>
    <trkpt lat="47.327208" lon="11.682032"><ele>547.5</ele></trkpt>
    <trkpt lat="47.327148" lon="11.681849"><ele>547.25</ele></trkpt>
    <trkpt lat="47.326963" lon="11.681391"><ele>547.0</ele></trkpt>
    <trkpt lat="47.326888" lon="11.681209"><ele>547.0</ele></trkpt>
    <trkpt lat="47.326728" lon="11.680915"><ele>547.0</ele></trkpt>
    <trkpt lat="47.326515" lon="11.680576"><ele>547.0</ele></trkpt>
    <trkpt lat="47.326428" lon="11.68046"><ele>547.0</ele></trkpt>
    <trkpt lat="47.326287" lon="11.680297"><ele>547.0</ele></trkpt>
    <trkpt lat="47.326205" lon="11.680317"><ele>547.0</ele></trkpt>
    <trkpt lat="47.326031" lon="11.680377"><ele>547.0</ele></trkpt>
    <trkpt lat="47.325915" lon="11.68038"><ele>547.0</ele></trkpt>
    <trkpt lat="47.325663" lon="11.680191"><ele>547.0</ele></trkpt>
    <trkpt lat="47.325255" lon="11.679884"><ele>547.0</ele></trkpt>
    <trkpt lat="47.325186" lon="11.679833"><ele>546.5</ele></trkpt>
    <trkpt lat="47.325086" lon="11.67972"><ele>545.0</ele></trkpt>
    <trkpt lat="47.325058" lon="11.679628"><ele>545.0</ele></trkpt>
    <trkpt lat="47.325049" lon="11.679505"><ele>545.25</ele></trkpt>
    <trkpt lat="47.325051" lon="11.679368"><ele>545.5</ele></trkpt>
    <trkpt lat="47.325159" lon="11.678842"><ele>545.0</ele></trkpt>
    <trkpt lat="47.325172" lon="11.678765"><ele>545.0</ele></trkpt>
    <trkpt lat="47.325131" lon="11.678606"><ele>543.75</ele></trkpt>
    <trkpt lat="47.325081" lon="11.678489"><ele>543.5</ele></trkpt>
    <trkpt lat="47.325029" lon="11.678406"><ele>543.25</ele></trkpt>
    <trkpt lat="47.324731" lon="11.678133"><ele>542.75</ele></trkpt>
    <trkpt lat="47.324697" lon="11.678167"><ele>542.75</ele></trkpt>
    <trkpt lat="47.324655" lon="11.678157"><ele>542.5</ele></trkpt>
    <trkpt lat="47.32445" lon="11.677966"><ele>542.75</ele></trkpt>
    <trkpt lat="47.324359" lon="11.677882"><ele>543.0</ele></trkpt>
    <trkpt lat="47.324254" lon="11.677706"><ele>543.0</ele></trkpt>
    <trkpt lat="47.324226" lon="11.677672"><ele>543.0</ele></trkpt>
    <trkpt lat="47.324211" lon="11.677653"><ele>543.0</ele></trkpt>
    <trkpt lat="47.323733" lon="11.677086"><ele>545.0</ele></trkpt>
    <trkpt lat="47.323407" lon="11.676586"><ele>546.0</ele></trkpt>
    <trkpt lat="47.323205" lon="11.676238"><ele>546.0</ele></trkpt>
    <trkpt lat="47.322893" lon="11.675597"><ele>545.5</ele></trkpt>
    <trkpt lat="47.32252" lon="11.674678"><ele>544.5</ele></trkpt>
    <trkpt lat="47.32219" lon="11.673762"><ele>543.0</ele></trkpt>
    <trkpt lat="47.321979" lon="11.67296"><ele>542.5</ele></trkpt>
    <trkpt lat="47.321813" lon="11.672021"><ele>543.25</ele></trkpt>
    <trkpt lat="47.321699" lon="11.670892"><ele>545.0</ele></trkpt>
    <trkpt lat="47.32165" lon="11.669257"><ele>543.5</ele></trkpt>
    <trkpt lat="47.321731" lon="11.6677"><ele>544.25</ele></trkpt>
    <trkpt lat="47.321852" lon="11.666317"><ele>543.25</ele></trkpt>
    <trkpt lat="47.321927" lon="11.665464"><ele>543.75</ele></trkpt>
    <trkpt lat="47.32204" lon="11.664283"><ele>548.0</ele></trkpt>
    <trkpt lat="47.322051" lon="11.664121"><ele>547.25</ele></trkpt>
    <trkpt lat="47.322053" lon="11.663932"><ele>545.25</ele></trkpt>
    <trkpt lat="47.322164" lon="11.662466"><ele>543.5</ele></trkpt>
    <trkpt lat="47.322182" lon="11.661982"><ele>543.5</ele></trkpt>
    <trkpt lat="47.322143" lon="11.661825"><ele>543.5</ele></trkpt>
    <trkpt lat="47.322124" lon="11.661299"><ele>543.25</ele></trkpt>
    <trkpt lat="47.322003" lon="11.659975"><ele>542.5</ele></trkpt>
    <trkpt lat="47.321842" lon="11.658667"><ele>544.0</ele></trkpt>
    <trkpt lat="47.32173" lon="11.658063"><ele>543.0</ele></trkpt>
    <trkpt lat="47.321622" lon="11.657423"><ele>543.75</ele></trkpt>
    <trkpt lat="47.321503" lon="11.65702"><ele>543.75</ele></trkpt>
    <trkpt lat="47.32129" lon="11.655958"><ele>543.75</ele></trkpt>
    <trkpt lat="47.321091" lon="11.654883"><ele>543.25</ele></trkpt>
    <trkpt lat="47.32068" lon="11.652466"><ele>543.75</ele></trkpt>
    <trkpt lat="47.319468" lon="11.646074"><ele>544.0</ele></trkpt>
    <trkpt lat="47.319338" lon="11.645337"><ele>545.5</ele></trkpt>
    <trkpt lat="47.319154" lon="11.644515"><ele>545.5</ele></trkpt>
    <trkpt lat="47.319088" lon="11.643896"><ele>546.0</ele></trkpt>
    <trkpt lat="47.319069" lon="11.643829"><ele>545.75</ele></trkpt>
    <trkpt lat="47.319042" lon="11.643772"><ele>545.25</ele></trkpt>
    <trkpt lat="47.319" lon="11.643722"><ele>544.75</ele></trkpt>
    <trkpt lat="47.318957" lon="11.643698"><ele>544.5</ele></trkpt>
    <trkpt lat="47.318779" lon="11.643655"><ele>544.0</ele></trkpt>
    <trkpt lat="47.31873" lon="11.64362"><ele>544.0</ele></trkpt>
    <trkpt lat="47.318691" lon="11.643551"><ele>544.0</ele></trkpt>
    <trkpt lat="47.318667" lon="11.643473"><ele>544.25</ele></trkpt>
    <trkpt lat="47.31864" lon="11.643274"><ele>544.75</ele></trkpt>
    <trkpt lat="47.318621" lon="11.643237"><ele>544.75</ele></trkpt>
    <trkpt lat="47.318611" lon="11.643188"><ele>545.0</ele></trkpt>
    <trkpt lat="47.318609" lon="11.64313"><ele>545.0</ele></trkpt>
    <trkpt lat="47.318622" lon="11.643067"><ele>544.75</ele></trkpt>
    <trkpt lat="47.318716" lon="11.642834"><ele>545.0</ele></trkpt>
    <trkpt lat="47.31878" lon="11.642654"><ele>545.5</ele></trkpt>
    <trkpt lat="47.318787" lon="11.642529"><ele>545.5</ele></trkpt>
    <trkpt lat="47.318778" lon="11.642422"><ele>545.5</ele></trkpt>
    <trkpt lat="47.318616" lon="11.641631"><ele>545.0</ele></trkpt>
    <trkpt lat="47.318515" lon="11.641179"><ele>545.75</ele></trkpt>
    <trkpt lat="47.31827" lon="11.640241"><ele>545.5</ele></trkpt>
    <trkpt lat="47.31799" lon="11.639305"><ele>545.5</ele></trkpt>
    <trkpt lat="47.317764" lon="11.638645"><ele>545.75</ele></trkpt>
    <trkpt lat="47.317606" lon="11.63822"><ele>546.5</ele></trkpt>
    <trkpt lat="47.317598" lon="11.6382"><ele>546.5</ele></trkpt>
    <trkpt lat="47.317354" lon="11.637599"><ele>547.0</ele></trkpt>
    <trkpt lat="47.317088" lon="11.636978"><ele>546.75</ele></trkpt>
    <trkpt lat="47.317008" lon="11.636871"><ele>546.75</ele></trkpt>
    <trkpt lat="47.316756" lon="11.636559"><ele>546.25</ele></trkpt>
    <trkpt lat="47.316649" lon="11.63636"><ele>546.25</ele></trkpt>
    <trkpt lat="47.316544" lon="11.636161"><ele>547.25</ele></trkpt>
    <trkpt lat="47.316461" lon="11.635997"><ele>546.5</ele></trkpt>
    <trkpt lat="47.316378" lon="11.635833"><ele>545.75</ele></trkpt>
    <trkpt lat="47.316082" lon="11.635261"><ele>546.0</ele></trkpt>
    <trkpt lat="47.315865" lon="11.634837"><ele>546.5</ele></trkpt>
    <trkpt lat="47.315835" lon="11.634799"><ele>546.5</ele></trkpt>
    <trkpt lat="47.315695" lon="11.634617"><ele>546.25</ele></trkpt>
    <trkpt lat="47.315645" lon="11.634584"><ele>545.75</ele></trkpt>
    <trkpt lat="47.315043" lon="11.634181"><ele>545.0</ele></trkpt>
    <trkpt lat="47.314972" lon="11.634135"><ele>545.0</ele></trkpt>
    <trkpt lat="47.31489" lon="11.634002"><ele>545.75</ele></trkpt>
    <trkpt lat="47.314704" lon="11.633381"><ele>546.0</ele></trkpt>
    <trkpt lat="47.314457" lon="11.632717"><ele>546.0</ele></trkpt>
    <trkpt lat="47.314329" lon="11.632499"><ele>546.5</ele></trkpt>
    <trkpt lat="47.314234" lon="11.63242"><ele>547.5</ele></trkpt>
    <trkpt lat="47.314139" lon="11.632367"><ele>547.75</ele></trkpt>
    <trkpt lat="47.31389" lon="11.632294"><ele>548.5</ele></trkpt>
    <trkpt lat="47.313789" lon="11.632238"><ele>548.5</ele></trkpt>
    <trkpt lat="47.313757" lon="11.632208"><ele>548.5</ele></trkpt>
    <trkpt lat="47.313712" lon="11.632127"><ele>549.0</ele></trkpt>
    <trkpt lat="47.313696" lon="11.632072"><ele>549.5</ele></trkpt>
    <trkpt lat="47.313696" lon="11.632022"><ele>550.0</ele></trkpt>
    <trkpt lat="47.313697" lon="11.631841"><ele>550.25</ele></trkpt>
    <trkpt lat="47.313701" lon="11.631749"><ele>549.75</ele></trkpt>
    <trkpt lat="47.313714" lon="11.631419"><ele>547.25</ele></trkpt>
    <trkpt lat="47.313706" lon="11.631285"><ele>547.0</ele></trkpt>
    <trkpt lat="47.313671" lon="11.631159"><ele>546.75</ele></trkpt>
    <trkpt lat="47.313557" lon="11.630954"><ele>546.25</ele></trkpt>
    <trkpt lat="47.313464" lon="11.630829"><ele>546.0</ele></trkpt>
    <trkpt lat="47.313242" lon="11.630518"><ele>545.75</ele></trkpt>
    <trkpt lat="47.313216" lon="11.630358"><ele>545.5</ele></trkpt>
    <trkpt lat="47.313233" lon="11.630089"><ele>545.5</ele></trkpt>
    <trkpt lat="47.313273" lon="11.62978"><ele>545.75</ele></trkpt>
    <trkpt lat="47.313273" lon="11.629548"><ele>545.75</ele></trkpt>
    <trkpt lat="47.313221" lon="11.629368"><ele>545.75</ele></trkpt>
    <trkpt lat="47.312903" lon="11.628725"><ele>545.75</ele></trkpt>
    <trkpt lat="47.312789" lon="11.628536"><ele>545.25</ele></trkpt>
    <trkpt lat="47.312763" lon="11.628493"><ele>545.25</ele></trkpt>
    <trkpt lat="47.312669" lon="11.628241"><ele>545.75</ele></trkpt>
    <trkpt lat="47.312679" lon="11.628111"><ele>546.0</ele></trkpt>
    <trkpt lat="47.312773" lon="11.627837"><ele>544.5</ele></trkpt>
    <trkpt lat="47.312796" lon="11.627706"><ele>545.5</ele></trkpt>
    <trkpt lat="47.31275" lon="11.627541"><ele>545.75</ele></trkpt>
    <trkpt lat="47.312716" lon="11.627475"><ele>547.0</ele></trkpt>
    <trkpt lat="47.312294" lon="11.626632"><ele>552.25</ele></trkpt>
    <trkpt lat="47.312241" lon="11.626492"><ele>552.75</ele></trkpt>
    <trkpt lat="47.312228" lon="11.626447"><ele>553.25</ele></trkpt>
    <trkpt lat="47.312214" lon="11.626358"><ele>554.0</ele></trkpt>
    <trkpt lat="47.312213" lon="11.626307"><ele>554.25</ele></trkpt>
    <trkpt lat="47.312207" lon="11.626173"><ele>555.25</ele></trkpt>
    <trkpt lat="47.312178" lon="11.625943"><ele>555.25</ele></trkpt>
    <trkpt lat="47.312137" lon="11.625816"><ele>554.0</ele></trkpt>
    <trkpt lat="47.311942" lon="11.625416"><ele>554.25</ele></trkpt>
    <trkpt lat="47.311317" lon="11.624134"><ele>556.25</ele></trkpt>
    <trkpt lat="47.310689" lon="11.622748"><ele>554.0</ele></trkpt>
    <trkpt lat="47.310456" lon="11.622157"><ele>555.25</ele></trkpt>
    <trkpt lat="47.310417" lon="11.621939"><ele>556.0</ele></trkpt>
    <trkpt lat="47.31037" lon="11.621652"><ele>558.5</ele></trkpt>
    <trkpt lat="47.310329" lon="11.621485"><ele>557.5</ele></trkpt>
    <trkpt lat="47.310224" lon="11.621192"><ele>556.5</ele></trkpt>
    <trkpt lat="47.310106" lon="11.620889"><ele>559.75</ele></trkpt>
    <trkpt lat="47.30975" lon="11.619984"><ele>558.75</ele></trkpt>
    <trkpt lat="47.30961" lon="11.619629"><ele>559.0</ele></trkpt>
    <trkpt lat="47.309583" lon="11.619561"><ele>559.5</ele></trkpt>
    <trkpt lat="47.309514" lon="11.61944"><ele>559.5</ele></trkpt>
    <trkpt lat="47.30935" lon="11.619184"><ele>557.0</ele></trkpt>
    <trkpt lat="47.309292" lon="11.61904"><ele>557.25</ele></trkpt>
    <trkpt lat="47.30701" lon="11.612128"><ele>555.25</ele></trkpt>
    <trkpt lat="47.304675" lon="11.605001"><ele>550.0</ele></trkpt>
    <trkpt lat="47.304642" lon="11.604902"><ele>550.25</ele></trkpt>
    <trkpt lat="47.304591" lon="11.604746"><ele>550.75</ele></trkpt>
    <trkpt lat="47.304429" lon="11.60425"><ele>550.0</ele></trkpt>
    <trkpt lat="47.303471" lon="11.601299"><ele>549.75</ele></trkpt>
    <trkpt lat="47.303364" lon="11.600959"><ele>549.25</ele></trkpt>
    <trkpt lat="47.303276" lon="11.600595"><ele>550.25</ele></trkpt>
    <trkpt lat="47.303229" lon="11.599873"><ele>549.0</ele></trkpt>
    <trkpt lat="47.303255" lon="11.599355"><ele>549.0</ele></trkpt>
    <trkpt lat="47.303262" lon="11.599192"><ele>549.0</ele></trkpt>
    <trkpt lat="47.303281" lon="11.598751"><ele>549.0</ele></trkpt>
    <trkpt lat="47.303289" lon="11.59823"><ele>549.0</ele></trkpt>
    <trkpt lat="47.303319" lon="11.597711"><ele>549.0</ele></trkpt>
    <trkpt lat="47.303309" lon="11.597328"><ele>549.0</ele></trkpt>
    <trkpt lat="47.303191" lon="11.597243"><ele>549.0</ele></trkpt>
    <trkpt lat="47.302795" lon="11.597441"><ele>548.75</ele></trkpt>
    <trkpt lat="47.302773" lon="11.5973"><ele>548.75</ele></trkpt>
    <trkpt lat="47.30274" lon="11.597251"><ele>548.75</ele></trkpt>
    <trkpt lat="47.302691" lon="11.597228"><ele>548.75</ele></trkpt>
    <trkpt lat="47.302568" lon="11.597274"><ele>548.75</ele></trkpt>
    <trkpt lat="47.302519" lon="11.59726"><ele>548.75</ele></trkpt>
    <trkpt lat="47.302489" lon="11.597211"><ele>549.0</ele></trkpt>
    <trkpt lat="47.302272" lon="11.595807"><ele>550.5</ele></trkpt>
    <trkpt lat="47.302173" lon="11.594451"><ele>549.75</ele></trkpt>
    <trkpt lat="47.30215" lon="11.593489"><ele>551.0</ele></trkpt>
    <trkpt lat="47.302221" lon="11.591737"><ele>551.0</ele></trkpt>
    <trkpt lat="47.302243" lon="11.591208"><ele>550.5</ele></trkpt>
    <trkpt lat="47.302251" lon="11.590658"><ele>552.75</ele></trkpt>
    <trkpt lat="47.302242" lon="11.59022"><ele>554.0</ele></trkpt>
    <trkpt lat="47.302258" lon="11.589935"><ele>554.5</ele></trkpt>
    <trkpt lat="47.302356" lon="11.588811"><ele>556.5</ele></trkpt>
    <trkpt lat="47.30237" lon="11.588652"><ele>556.0</ele></trkpt>
    <trkpt lat="47.302373" lon="11.588416"><ele>555.25</ele></trkpt>
    <trkpt lat="47.302375" lon="11.588277"><ele>555.0</ele></trkpt>
    <trkpt lat="47.302378" lon="11.588083"><ele>555.5</ele></trkpt>
    <trkpt lat="47.302368" lon="11.587827"><ele>555.75</ele></trkpt>
    <trkpt lat="47.302379" lon="11.587112"><ele>555.75</ele></trkpt>
    <trkpt lat="47.302389" lon="11.587039"><ele>555.75</ele></trkpt>
    <trkpt lat="47.302447" lon="11.586948"><ele>555.75</ele></trkpt>
    <trkpt lat="47.302466" lon="11.586918"><ele>555.75</ele></trkpt>
    <trkpt lat="47.302504" lon="11.586848"><ele>556.0</ele></trkpt>
    <trkpt lat="47.302514" lon="11.58673"><ele>556.0</ele></trkpt>
    <trkpt lat="47.302462" lon="11.586547"><ele>555.25</ele></trkpt>
    <trkpt lat="47.302401" lon="11.586334"><ele>554.75</ele></trkpt>
    <trkpt lat="47.302387" lon="11.586257"><ele>554.5</ele></trkpt>
    <trkpt lat="47.302381" lon="11.586161"><ele>554.0</ele></trkpt>
    <trkpt lat="47.302472" lon="11.584777"><ele>552.0</ele></trkpt>
    <trkpt lat="47.302495" lon="11.584088"><ele>551.25</ele></trkpt>
    <trkpt lat="47.302495" lon="11.583331"><ele>551.75</ele></trkpt>
    <trkpt lat="47.302477" lon="11.582596"><ele>551.75</ele></trkpt>
    <trkpt lat="47.302446" lon="11.581918"><ele>552.0</ele></trkpt>
    <trkpt lat="47.302354" lon="11.580935"><ele>551.0</ele></trkpt>
    <trkpt lat="47.302319" lon="11.580606"><ele>552.25</ele></trkpt>
    <trkpt lat="47.302295" lon="11.580316"><ele>552.5</ele></trkpt>
    <trkpt lat="47.302301" lon="11.580223"><ele>552.25</ele></trkpt>
    <trkpt lat="47.302318" lon="11.580154"><ele>552.0</ele></trkpt>
    <trkpt lat="47.302349" lon="11.58009"><ele>551.5</ele></trkpt>
    <trkpt lat="47.302398" lon="11.580034"><ele>551.25</ele></trkpt>
    <trkpt lat="47.302542" lon="11.579905"><ele>551.0</ele></trkpt>
    <trkpt lat="47.302572" lon="11.580027"><ele>551.0</ele></trkpt>
    <trkpt lat="47.302576" lon="11.580084"><ele>551.0</ele></trkpt>
    <trkpt lat="47.302582" lon="11.580175"><ele>551.0</ele></trkpt>
    <trkpt lat="47.302579" lon="11.580283"><ele>551.25</ele></trkpt>
    <trkpt lat="47.302564" lon="11.580422"><ele>551.0</ele></trkpt>
    <trkpt lat="47.302497" lon="11.580586"><ele>551.0</ele></trkpt>
    <trkpt lat="47.302419" lon="11.580719"><ele>551.0</ele></trkpt>
    <trkpt lat="47.302374" lon="11.580769"><ele>550.75</ele></trkpt>
    <trkpt lat="47.302092" lon="11.581016"><ele>551.75</ele></trkpt>
    <trkpt lat="47.302038" lon="11.581074"><ele>551.75</ele></trkpt>
    <trkpt lat="47.302004" lon="11.581116"><ele>551.5</ele></trkpt>
    <trkpt lat="47.301952" lon="11.581226"><ele>551.0</ele></trkpt>
    <trkpt lat="47.301925" lon="11.5813"><ele>551.0</ele></trkpt>
    <trkpt lat="47.301834" lon="11.581277"><ele>551.0</ele></trkpt>
    <trkpt lat="47.301723" lon="11.581256"><ele>551.0</ele></trkpt>
    <trkpt lat="47.301668" lon="11.581241"><ele>551.0</ele></trkpt>
    <trkpt lat="47.301638" lon="11.58122"><ele>550.5</ele></trkpt>
    <trkpt lat="47.3016" lon="11.581164"><ele>550.0</ele></trkpt>
    <trkpt lat="47.301571" lon="11.581081"><ele>549.5</ele></trkpt>
    <trkpt lat="47.301561" lon="11.581033"><ele>549.5</ele></trkpt>
    <trkpt lat="47.301536" lon="11.580855"><ele>549.5</ele></trkpt>
    <trkpt lat="47.301478" lon="11.580076"><ele>550.75</ele></trkpt>
    <trkpt lat="47.301413" lon="11.579557"><ele>551.75</ele></trkpt>
    <trkpt lat="47.301416" lon="11.579476"><ele>551.75</ele></trkpt>
    <trkpt lat="47.301437" lon="11.579401"><ele>551.75</ele></trkpt>
    <trkpt lat="47.301454" lon="11.579367"><ele>551.75</ele></trkpt>
    <trkpt lat="47.301484" lon="11.579339"><ele>551.5</ele></trkpt>
    <trkpt lat="47.301524" lon="11.579317"><ele>551.5</ele></trkpt>
    <trkpt lat="47.301749" lon="11.57924"><ele>551.75</ele></trkpt>
    <trkpt lat="47.301789" lon="11.579201"><ele>552.25</ele></trkpt>
    <trkpt lat="47.301817" lon="11.579123"><ele>552.5</ele></trkpt>
    <trkpt lat="47.301654" lon="11.578099"><ele>551.75</ele></trkpt>
    <trkpt lat="47.301552" lon="11.577532"><ele>552.5</ele></trkpt>
    <trkpt lat="47.301505" lon="11.577333"><ele>552.5</ele></trkpt>
    <trkpt lat="47.301434" lon="11.577145"><ele>552.0</ele></trkpt>
    <trkpt lat="47.301395" lon="11.576902"><ele>551.75</ele></trkpt>
    <trkpt lat="47.30131" lon="11.576478"><ele>553.5</ele></trkpt>
    <trkpt lat="47.301226" lon="11.576109"><ele>553.0</ele></trkpt>
    <trkpt lat="47.301057" lon="11.57558"><ele>552.0</ele></trkpt>
    <trkpt lat="47.300997" lon="11.575362"><ele>553.0</ele></trkpt>
    <trkpt lat="47.300942" lon="11.575114"><ele>553.5</ele></trkpt>
    <trkpt lat="47.300907" lon="11.574955"><ele>553.25</ele></trkpt>
    <trkpt lat="47.300769" lon="11.574486"><ele>552.75</ele></trkpt>
    <trkpt lat="47.300545" lon="11.57361"><ele>552.0</ele></trkpt>
    <trkpt lat="47.300498" lon="11.573405"><ele>553.0</ele></trkpt>
    <trkpt lat="47.300393" lon="11.573034"><ele>552.75</ele></trkpt>
    <trkpt lat="47.300234" lon="11.572541"><ele>552.5</ele></trkpt>
    <trkpt lat="47.300007" lon="11.571943"><ele>551.0</ele></trkpt>
    <trkpt lat="47.299941" lon="11.571782"><ele>551.75</ele></trkpt>
    <trkpt lat="47.299799" lon="11.571335"><ele>552.5</ele></trkpt>
    <trkpt lat="47.299347" lon="11.570194"><ele>552.25</ele></trkpt>
    <trkpt lat="47.299108" lon="11.569647"><ele>552.75</ele></trkpt>
    <trkpt lat="47.298839" lon="11.569083"><ele>553.5</ele></trkpt>
    <trkpt lat="47.298597" lon="11.568605"><ele>553.75</ele></trkpt>
    <trkpt lat="47.298372" lon="11.568183"><ele>553.75</ele></trkpt>
    <trkpt lat="47.297963" lon="11.567441"><ele>553.0</ele></trkpt>
    <trkpt lat="47.297482" lon="11.566632"><ele>553.75</ele></trkpt>
    <trkpt lat="47.29715" lon="11.566081"><ele>552.75</ele></trkpt>
    <trkpt lat="47.297087" lon="11.565983"><ele>552.5</ele></trkpt>
    <trkpt lat="47.296909" lon="11.565736"><ele>553.0</ele></trkpt>
    <trkpt lat="47.29641" lon="11.564935"><ele>553.5</ele></trkpt>
    <trkpt lat="47.296299" lon="11.564755"><ele>552.75</ele></trkpt>
    <trkpt lat="47.296374" lon="11.564751"><ele>554.25</ele></trkpt>
    <trkpt lat="47.296651" lon="11.565216"><ele>553.75</ele></trkpt>
    <trkpt lat="47.296727" lon="11.565122"><ele>554.25</ele></trkpt>
    <trkpt lat="47.296797" lon="11.565031"><ele>554.0</ele></trkpt>
    <trkpt lat="47.296825" lon="11.564997"><ele>553.75</ele></trkpt>
    <trkpt lat="47.296826" lon="11.564952"><ele>553.5</ele></trkpt>
    <trkpt lat="47.296765" lon="11.564846"><ele>553.5</ele></trkpt>
    <trkpt lat="47.296819" lon="11.56477"><ele>553.0</ele></trkpt>
    <trkpt lat="47.296858" lon="11.564767"><ele>553.0</ele></trkpt>
    <trkpt lat="47.296837" lon="11.564381"><ele>552.0</ele></trkpt>
    <trkpt lat="47.296554" lon="11.564411"><ele>553.25</ele></trkpt>
    <trkpt lat="47.296526" lon="11.564397"><ele>553.5</ele></trkpt>
    <trkpt lat="47.296502" lon="11.564373"><ele>553.75</ele></trkpt>
    <trkpt lat="47.296032" lon="11.563539"><ele>552.75</ele></trkpt>
    <trkpt lat="47.295207" lon="11.562096"><ele>552.0</ele></trkpt>
    <trkpt lat="47.294778" lon="11.561411"><ele>553.25</ele></trkpt>
    <trkpt lat="47.294759" lon="11.561364"><ele>553.75</ele></trkpt>
    <trkpt lat="47.294706" lon="11.561178"><ele>554.0</ele></trkpt>
    <trkpt lat="47.294661" lon="11.56107"><ele>554.0</ele></trkpt>
    <trkpt lat="47.294337" lon="11.56053"><ele>553.25</ele></trkpt>
    <trkpt lat="47.294271" lon="11.560468"><ele>553.25</ele></trkpt>
    <trkpt lat="47.294126" lon="11.560332"><ele>552.75</ele></trkpt>
    <trkpt lat="47.292282" lon="11.557279"><ele>553.5</ele></trkpt>
    <trkpt lat="47.292021" lon="11.556819"><ele>553.25</ele></trkpt>
    <trkpt lat="47.291987" lon="11.556802"><ele>553.25</ele></trkpt>
    <trkpt lat="47.291727" lon="11.556398"><ele>553.5</ele></trkpt>
    <trkpt lat="47.290302" lon="11.553995"><ele>554.0</ele></trkpt>
    <trkpt lat="47.290223" lon="11.553857"><ele>553.5</ele></trkpt>
    <trkpt lat="47.289776" lon="11.553102"><ele>555.5</ele></trkpt>
    <trkpt lat="47.289679" lon="11.552877"><ele>555.5</ele></trkpt>
    <trkpt lat="47.289616" lon="11.552773"><ele>555.5</ele></trkpt>
    <trkpt lat="47.289492" lon="11.552634"><ele>555.5</ele></trkpt>
    <trkpt lat="47.288808" lon="11.551481"><ele>556.0</ele></trkpt>
    <trkpt lat="47.288691" lon="11.551322"><ele>556.5</ele></trkpt>
    <trkpt lat="47.288007" lon="11.550176"><ele>556.0</ele></trkpt>
    <trkpt lat="47.28773" lon="11.549695"><ele>556.25</ele></trkpt>
    <trkpt lat="47.287603" lon="11.549429"><ele>557.0</ele></trkpt>
    <trkpt lat="47.287124" lon="11.548774"><ele>557.0</ele></trkpt>
    <trkpt lat="47.286904" lon="11.54833"><ele>556.5</ele></trkpt>
    <trkpt lat="47.286901" lon="11.548152"><ele>556.25</ele></trkpt>
    <trkpt lat="47.287199" lon="11.547305"><ele>556.75</ele></trkpt>
    <trkpt lat="47.287207" lon="11.547242"><ele>556.75</ele></trkpt>
    <trkpt lat="47.287193" lon="11.547188"><ele>558.25</ele></trkpt>
    <trkpt lat="47.287156" lon="11.547157"><ele>559.25</ele></trkpt>
    <trkpt lat="47.286919" lon="11.547032"><ele>560.5</ele></trkpt>
    <trkpt lat="47.286817" lon="11.546937"><ele>561.5</ele></trkpt>
    <trkpt lat="47.286598" lon="11.54665"><ele>564.25</ele></trkpt>
    <trkpt lat="47.286224" lon="11.546027"><ele>568.0</ele></trkpt>
    <trkpt lat="47.286114" lon="11.545862"><ele>568.75</ele></trkpt>
    <trkpt lat="47.28598" lon="11.545677"><ele>569.0</ele></trkpt>
    <trkpt lat="47.28578" lon="11.545527"><ele>568.75</ele></trkpt>
    <trkpt lat="47.28563" lon="11.545466"><ele>568.25</ele></trkpt>
    <trkpt lat="47.285415" lon="11.545444"><ele>567.0</ele></trkpt>
    <trkpt lat="47.285257" lon="11.545351"><ele>566.5</ele></trkpt>
    <trkpt lat="47.285114" lon="11.545179"><ele>565.0</ele></trkpt>
    <trkpt lat="47.284287" lon="11.543788"><ele>564.5</ele></trkpt>
    <trkpt lat="47.284148" lon="11.543497"><ele>566.25</ele></trkpt>
    <trkpt lat="47.286333" lon="11.541473"><ele>579.5</ele></trkpt>
    <trkpt lat="47.28785" lon="11.540028"><ele>589.0</ele></trkpt>
    <trkpt lat="47.288326" lon="11.539602"><ele>591.75</ele></trkpt>
    <trkpt lat="47.288101" lon="11.539281"><ele>591.0</ele></trkpt>
    <trkpt lat="47.287826" lon="11.538901"><ele>591.0</ele></trkpt>
    <trkpt lat="47.287801" lon="11.538855"><ele>591.0</ele></trkpt>
    <trkpt lat="47.28769" lon="11.5386"><ele>590.5</ele></trkpt>
    <trkpt lat="47.287667" lon="11.538544"><ele>590.5</ele></trkpt>
    <trkpt lat="47.287474" lon="11.538055"><ele>590.75</ele></trkpt>
    <trkpt lat="47.287333" lon="11.537658"><ele>590.25</ele></trkpt>
    <trkpt lat="47.287295" lon="11.537475"><ele>590.25</ele></trkpt>
    <trkpt lat="47.287169" lon="11.537079"><ele>590.25</ele></trkpt>
    <trkpt lat="47.287039" lon="11.536761"><ele>591.0</ele></trkpt>
    <trkpt lat="47.287017" lon="11.536704"><ele>591.0</ele></trkpt>
    <trkpt lat="47.286689" lon="11.53563"><ele>590.75</ele></trkpt>
    <trkpt lat="47.286679" lon="11.535539"><ele>591.0</ele></trkpt>
    <trkpt lat="47.28667" lon="11.535308"><ele>591.75</ele></trkpt>
    <trkpt lat="47.286663" lon="11.535119"><ele>592.5</ele></trkpt>
    <trkpt lat="47.286663" lon="11.534953"><ele>593.0</ele></trkpt>
    <trkpt lat="47.286676" lon="11.534759"><ele>593.75</ele></trkpt>
    <trkpt lat="47.286704" lon="11.534653"><ele>594.25</ele></trkpt>
    <trkpt lat="47.286755" lon="11.534521"><ele>594.75</ele></trkpt>
    <trkpt lat="47.286824" lon="11.534389"><ele>595.75</ele></trkpt>
    <trkpt lat="47.286972" lon="11.534161"><ele>597.0</ele></trkpt>
    <trkpt lat="47.287053" lon="11.534034"><ele>597.0</ele></trkpt>
    <trkpt lat="47.286932" lon="11.533472"><ele>596.75</ele></trkpt>
    <trkpt lat="47.286916" lon="11.53338"><ele>596.75</ele></trkpt>
    <trkpt lat="47.286888" lon="11.533159"><ele>597.0</ele></trkpt>
    <trkpt lat="47.286883" lon="11.533053"><ele>597.5</ele></trkpt>
    <trkpt lat="47.286885" lon="11.532908"><ele>597.5</ele></trkpt>
    <trkpt lat="47.2869" lon="11.532601"><ele>597.75</ele></trkpt>
    <trkpt lat="47.286928" lon="11.532282"><ele>597.75</ele></trkpt>
    <trkpt lat="47.286949" lon="11.532086"><ele>598.5</ele></trkpt>
    <trkpt lat="47.286971" lon="11.531842"><ele>599.0</ele></trkpt>
    <trkpt lat="47.286972" lon="11.531608"><ele>599.25</ele></trkpt>
    <trkpt lat="47.286973" lon="11.531582"><ele>599.25</ele></trkpt>
    <trkpt lat="47.286965" lon="11.531464"><ele>599.5</ele></trkpt>
    <trkpt lat="47.28693" lon="11.53129"><ele>599.75</ele></trkpt>
    <trkpt lat="47.286866" lon="11.530983"><ele>599.5</ele></trkpt>
    <trkpt lat="47.28684" lon="11.530823"><ele>599.5</ele></trkpt>
    <trkpt lat="47.286802" lon="11.530439"><ele>599.5</ele></trkpt>
    <trkpt lat="47.286777" lon="11.530172"><ele>600.0</ele></trkpt>
    <trkpt lat="47.286773" lon="11.530102"><ele>600.0</ele></trkpt>
    <trkpt lat="47.286752" lon="11.529663"><ele>600.5</ele></trkpt>
    <trkpt lat="47.286751" lon="11.529626"><ele>600.5</ele></trkpt>
    <trkpt lat="47.28682" lon="11.529584"><ele>601.0</ele></trkpt>
    <trkpt lat="47.286878" lon="11.529549"><ele>601.5</ele></trkpt>
    <trkpt lat="47.287086" lon="11.529422"><ele>602.0</ele></trkpt>
    <trkpt lat="47.287058" lon="11.529346"><ele>602.0</ele></trkpt>
    <trkpt lat="47.287054" lon="11.529333"><ele>602.0</ele></trkpt>
    <trkpt lat="47.286944" lon="11.528934"><ele>601.75</ele></trkpt>
    <trkpt lat="47.286854" lon="11.528587"><ele>601.5</ele></trkpt>
    <trkpt lat="47.286752" lon="11.528239"><ele>601.5</ele></trkpt>
    <trkpt lat="47.286717" lon="11.528158"><ele>601.5</ele></trkpt>
    <trkpt lat="47.286687" lon="11.528097"><ele>601.75</ele></trkpt>
    <trkpt lat="47.286668" lon="11.528057"><ele>601.75</ele></trkpt>
    <trkpt lat="47.286683" lon="11.528026"><ele>602.0</ele></trkpt>
    <trkpt lat="47.286691" lon="11.527991"><ele>602.0</ele></trkpt>
    <trkpt lat="47.286691" lon="11.527953"><ele>602.0</ele></trkpt>
    <trkpt lat="47.286683" lon="11.527917"><ele>602.0</ele></trkpt>
    <trkpt lat="47.28665" lon="11.527864"><ele>601.75</ele></trkpt>
    <trkpt lat="47.286601" lon="11.527848"><ele>601.5</ele></trkpt>
    <trkpt lat="47.286594" lon="11.527787"><ele>601.25</ele></trkpt>
    <trkpt lat="47.286587" lon="11.527726"><ele>601.25</ele></trkpt>
    <trkpt lat="47.286326" lon="11.526694"><ele>600.5</ele></trkpt>
    <trkpt lat="47.286209" lon="11.526227"><ele>599.0</ele></trkpt>
    <trkpt lat="47.286175" lon="11.52602"><ele>597.75</ele></trkpt>
    <trkpt lat="47.286161" lon="11.525929"><ele>596.75</ele></trkpt>
    <trkpt lat="47.286142" lon="11.525813"><ele>596.5</ele></trkpt>
    <trkpt lat="47.286081" lon="11.525371"><ele>596.25</ele></trkpt>
    <trkpt lat="47.286076" lon="11.525333"><ele>596.25</ele></trkpt>
    <trkpt lat="47.286043" lon="11.52516"><ele>596.25</ele></trkpt>
    <trkpt lat="47.286021" lon="11.525074"><ele>597.0</ele></trkpt>
    <trkpt lat="47.285981" lon="11.524963"><ele>597.5</ele></trkpt>
    <trkpt lat="47.285889" lon="11.524789"><ele>597.75</ele></trkpt>
    <trkpt lat="47.285363" lon="11.523679"><ele>597.75</ele></trkpt>
    <trkpt lat="47.285283" lon="11.523509"><ele>597.0</ele></trkpt>
    <trkpt lat="47.285152" lon="11.52323"><ele>596.25</ele></trkpt>
    <trkpt lat="47.285053" lon="11.52302"><ele>596.0</ele></trkpt>
    <trkpt lat="47.284874" lon="11.522635"><ele>596.0</ele></trkpt>
    <trkpt lat="47.28491" lon="11.522584"><ele>596.25</ele></trkpt>
    <trkpt lat="47.284924" lon="11.522521"><ele>596.5</ele></trkpt>
    <trkpt lat="47.284957" lon="11.522372"><ele>596.75</ele></trkpt>
    <trkpt lat="47.284963" lon="11.522275"><ele>596.75</ele></trkpt>
    <trkpt lat="47.284982" lon="11.521982"><ele>596.75</ele></trkpt>
    <trkpt lat="47.285027" lon="11.521271"><ele>596.0</ele></trkpt>
    <trkpt lat="47.28506" lon="11.520455"><ele>596.25</ele></trkpt>
    <trkpt lat="47.285109" lon="11.519944"><ele>596.25</ele></trkpt>
    <trkpt lat="47.285128" lon="11.519748"><ele>596.25</ele></trkpt>
    <trkpt lat="47.285188" lon="11.519399"><ele>596.5</ele></trkpt>
    <trkpt lat="47.285218" lon="11.519228"><ele>596.0</ele></trkpt>
    <trkpt lat="47.285318" lon="11.518632"><ele>596.0</ele></trkpt>
    <trkpt lat="47.285423" lon="11.51793"><ele>596.0</ele></trkpt>
    <trkpt lat="47.285444" lon="11.517782"><ele>596.0</ele></trkpt>
    <trkpt lat="47.285496" lon="11.517548"><ele>596.5</ele></trkpt>
    <trkpt lat="47.285656" lon="11.516659"><ele>596.25</ele></trkpt>
    <trkpt lat="47.285718" lon="11.516279"><ele>596.75</ele></trkpt>
    <trkpt lat="47.285743" lon="11.516065"><ele>597.75</ele></trkpt>
    <trkpt lat="47.285801" lon="11.515555"><ele>597.75</ele></trkpt>
    <trkpt lat="47.285868" lon="11.515062"><ele>599.0</ele></trkpt>
    <trkpt lat="47.285894" lon="11.514922"><ele>599.0</ele></trkpt>
    <trkpt lat="47.285942" lon="11.514749"><ele>599.25</ele></trkpt>
    <trkpt lat="47.28617" lon="11.513821"><ele>599.75</ele></trkpt>
    <trkpt lat="47.286187" lon="11.513721"><ele>599.5</ele></trkpt>
    <trkpt lat="47.28626" lon="11.513135"><ele>599.5</ele></trkpt>
    <trkpt lat="47.286309" lon="11.512575"><ele>599.0</ele></trkpt>
    <trkpt lat="47.286337" lon="11.512337"><ele>599.25</ele></trkpt>
    <trkpt lat="47.286353" lon="11.512228"><ele>599.5</ele></trkpt>
    <trkpt lat="47.28638" lon="11.512061"><ele>599.75</ele></trkpt>
    <trkpt lat="47.286441" lon="11.511796"><ele>599.5</ele></trkpt>
    <trkpt lat="47.286762" lon="11.510421"><ele>599.0</ele></trkpt>
    <trkpt lat="47.286798" lon="11.510196"><ele>598.75</ele></trkpt>
    <trkpt lat="47.286856" lon="11.509343"><ele>597.5</ele></trkpt>
    <trkpt lat="47.286862" lon="11.509237"><ele>597.5</ele></trkpt>
    <trkpt lat="47.286866" lon="11.509186"><ele>597.5</ele></trkpt>
    <trkpt lat="47.286896" lon="11.509197"><ele>597.75</ele></trkpt>
    <trkpt lat="47.286927" lon="11.509193"><ele>597.75</ele></trkpt>
    <trkpt lat="47.286956" lon="11.509176"><ele>598.0</ele></trkpt>
    <trkpt lat="47.28698" lon="11.509146"><ele>598.0</ele></trkpt>
    <trkpt lat="47.286997" lon="11.509108"><ele>598.0</ele></trkpt>
    <trkpt lat="47.287005" lon="11.509064"><ele>598.0</ele></trkpt>
    <trkpt lat="47.287004" lon="11.509019"><ele>598.0</ele></trkpt>
    <trkpt lat="47.286994" lon="11.508977"><ele>598.0</ele></trkpt>
    <trkpt lat="47.286962" lon="11.508924"><ele>598.0</ele></trkpt>
    <trkpt lat="47.286918" lon="11.508898"><ele>597.75</ele></trkpt>
    <trkpt lat="47.286922" lon="11.508854"><ele>597.5</ele></trkpt>
    <trkpt lat="47.286928" lon="11.50878"><ele>597.5</ele></trkpt>
    <trkpt lat="47.286987" lon="11.508082"><ele>597.0</ele></trkpt>
    <trkpt lat="47.287009" lon="11.507865"><ele>596.25</ele></trkpt>
    <trkpt lat="47.286959" lon="11.507879"><ele>596.25</ele></trkpt>
    <trkpt lat="47.286414" lon="11.507546"><ele>593.0</ele></trkpt>
    <trkpt lat="47.286214" lon="11.507438"><ele>591.5</ele></trkpt>
    <trkpt lat="47.285971" lon="11.507295"><ele>590.25</ele></trkpt>
    <trkpt lat="47.28548" lon="11.507005"><ele>587.75</ele></trkpt>
    <trkpt lat="47.285338" lon="11.506926"><ele>587.0</ele></trkpt>
    <trkpt lat="47.285155" lon="11.506821"><ele>586.0</ele></trkpt>
    <trkpt lat="47.285119" lon="11.5068"><ele>585.75</ele></trkpt>
    <trkpt lat="47.28488" lon="11.506645"><ele>584.5</ele></trkpt>
    <trkpt lat="47.284631" lon="11.506484"><ele>584.0</ele></trkpt>
    <trkpt lat="47.284605" lon="11.506467"><ele>584.0</ele></trkpt>
    <trkpt lat="47.28454" lon="11.506431"><ele>584.0</ele></trkpt>
    <trkpt lat="47.284214" lon="11.506257"><ele>583.0</ele></trkpt>
    <trkpt lat="47.283298" lon="11.506239"><ele>580.0</ele></trkpt>
    <trkpt lat="47.283278" lon="11.505899"><ele>579.25</ele></trkpt>
    <trkpt lat="47.283232" lon="11.505759"><ele>578.5</ele></trkpt>
    <trkpt lat="47.283175" lon="11.505636"><ele>578.0</ele></trkpt>
    <trkpt lat="47.283094" lon="11.505529"><ele>577.25</ele></trkpt>
    <trkpt lat="47.282967" lon="11.505544"><ele>576.25</ele></trkpt>
    <trkpt lat="47.282917" lon="11.505622"><ele>576.0</ele></trkpt>
    <trkpt lat="47.282865" lon="11.505716"><ele>575.75</ele></trkpt>
    <trkpt lat="47.282904" lon="11.505793"><ele>575.75</ele></trkpt>
    <trkpt lat="47.283011" lon="11.505932"><ele>576.25</ele></trkpt>
    <trkpt lat="47.283031" lon="11.50597"><ele>576.25</ele></trkpt>
    <trkpt lat="47.283031" lon="11.50597"><ele>576.25</ele></trkpt>
    <trkpt lat="47.283011" lon="11.505932"><ele>576.25</ele></trkpt>
    <trkpt lat="47.282904" lon="11.505793"><ele>575.75</ele></trkpt>
    <trkpt lat="47.282865" lon="11.505716"><ele>575.75</ele></trkpt>
    <trkpt lat="47.282917" lon="11.505622"><ele>576.0</ele></trkpt>
    <trkpt lat="47.282849" lon="11.505543"><ele>575.5</ele></trkpt>
    <trkpt lat="47.282665" lon="11.505355"><ele>575.5</ele></trkpt>
    <trkpt lat="47.281921" lon="11.504559"><ele>570.75</ele></trkpt>
    <trkpt lat="47.281788" lon="11.504426"><ele>568.5</ele></trkpt>
    <trkpt lat="47.281746" lon="11.504363"><ele>567.5</ele></trkpt>
    <trkpt lat="47.281702" lon="11.504306"><ele>566.5</ele></trkpt>
    <trkpt lat="47.281666" lon="11.504265"><ele>565.5</ele></trkpt>
    <trkpt lat="47.281629" lon="11.504233"><ele>565.25</ele></trkpt>
    <trkpt lat="47.281619" lon="11.50419"><ele>564.75</ele></trkpt>
    <trkpt lat="47.281592" lon="11.504146"><ele>564.5</ele></trkpt>
    <trkpt lat="47.281573" lon="11.504132"><ele>564.5</ele></trkpt>
    <trkpt lat="47.281553" lon="11.504125"><ele>564.5</ele></trkpt>
    <trkpt lat="47.281513" lon="11.504132"><ele>564.25</ele></trkpt>
    <trkpt lat="47.281485" lon="11.504157"><ele>564.25</ele></trkpt>
    <trkpt lat="47.281466" lon="11.504195"><ele>564.25</ele></trkpt>
    <trkpt lat="47.281374" lon="11.504226"><ele>563.75</ele></trkpt>
    <trkpt lat="47.281308" lon="11.504247"><ele>563.5</ele></trkpt>
    <trkpt lat="47.281237" lon="11.504274"><ele>563.0</ele></trkpt>
    <trkpt lat="47.281095" lon="11.504301"><ele>562.25</ele></trkpt>
    <trkpt lat="47.28096" lon="11.504351"><ele>562.0</ele></trkpt>
    <trkpt lat="47.280907" lon="11.504385"><ele>562.0</ele></trkpt>
    <trkpt lat="47.28086" lon="11.504424"><ele>562.0</ele></trkpt>
    <trkpt lat="47.280778" lon="11.50452"><ele>561.5</ele></trkpt>
    <trkpt lat="47.280693" lon="11.504639"><ele>561.0</ele></trkpt>
    <trkpt lat="47.280578" lon="11.504782"><ele>560.75</ele></trkpt>
    <trkpt lat="47.280528" lon="11.504834"><ele>561.0</ele></trkpt>
    <trkpt lat="47.280475" lon="11.504883"><ele>561.0</ele></trkpt>
    <trkpt lat="47.28035" lon="11.504885"><ele>561.0</ele></trkpt>
    <trkpt lat="47.280262" lon="11.504874"><ele>561.0</ele></trkpt>
    <trkpt lat="47.280176" lon="11.504843"><ele>561.0</ele></trkpt>
    <trkpt lat="47.28015" lon="11.504922"><ele>561.0</ele></trkpt>
    <trkpt lat="47.280102" lon="11.504885"><ele>561.0</ele></trkpt>
    <trkpt lat="47.280049" lon="11.504877"><ele>561.0</ele></trkpt>
    <trkpt lat="47.279991" lon="11.504913"><ele>561.0</ele></trkpt>
    <trkpt lat="47.279881" lon="11.504988"><ele>561.0</ele></trkpt>
    <trkpt lat="47.279945" lon="11.505135"><ele>561.0</ele></trkpt>
    <trkpt lat="47.27996" lon="11.505088"><ele>561.0</ele></trkpt>
    <trkpt lat="47.279595" lon="11.503971"><ele>561.0</ele></trkpt>
    <trkpt lat="47.27923" lon="11.502788"><ele>560.75</ele></trkpt>
    <trkpt lat="47.27887" lon="11.501005"><ele>560.5</ele></trkpt>
    <trkpt lat="47.278849" lon="11.500855"><ele>560.0</ele></trkpt>
    <trkpt lat="47.278702" lon="11.499715"><ele>560.0</ele></trkpt>
    <trkpt lat="47.278568" lon="11.498729"><ele>560.75</ele></trkpt>
    <trkpt lat="47.278338" lon="11.497011"><ele>560.75</ele></trkpt>
    <trkpt lat="47.278241" lon="11.496309"><ele>561.0</ele></trkpt>
    <trkpt lat="47.278227" lon="11.496202"><ele>561.0</ele></trkpt>
    <trkpt lat="47.278145" lon="11.495576"><ele>561.0</ele></trkpt>
    <trkpt lat="47.278025" lon="11.494731"><ele>561.0</ele></trkpt>
    <trkpt lat="47.277967" lon="11.49432"><ele>561.0</ele></trkpt>
    <trkpt lat="47.277919" lon="11.493966"><ele>561.0</ele></trkpt>
    <trkpt lat="47.277722" lon="11.492498"><ele>561.0</ele></trkpt>
    <trkpt lat="47.277236" lon="11.488898"><ele>561.0</ele></trkpt>
    <trkpt lat="47.277055" lon="11.487558"><ele>561.25</ele></trkpt>
    <trkpt lat="47.277007" lon="11.487016"><ele>561.5</ele></trkpt>
    <trkpt lat="47.276992" lon="11.486858"><ele>561.75</ele></trkpt>
    <trkpt lat="47.276967" lon="11.486697"><ele>561.75</ele></trkpt>
    <trkpt lat="47.276921" lon="11.48656"><ele>561.75</ele></trkpt>
    <trkpt lat="47.276908" lon="11.486479"><ele>561.75</ele></trkpt>
    <trkpt lat="47.276897" lon="11.486333"><ele>561.75</ele></trkpt>
    <trkpt lat="47.276867" lon="11.486166"><ele>561.5</ele></trkpt>
    <trkpt lat="47.276831" lon="11.485885"><ele>562.0</ele></trkpt>
    <trkpt lat="47.276831" lon="11.485742"><ele>562.25</ele></trkpt>
    <trkpt lat="47.27684" lon="11.485603"><ele>562.5</ele></trkpt>
    <trkpt lat="47.276883" lon="11.485503"><ele>562.75</ele></trkpt>
    <trkpt lat="47.276911" lon="11.485381"><ele>563.25</ele></trkpt>
    <trkpt lat="47.276927" lon="11.485209"><ele>563.75</ele></trkpt>
    <trkpt lat="47.276918" lon="11.484811"><ele>564.25</ele></trkpt>
    <trkpt lat="47.276899" lon="11.484448"><ele>565.25</ele></trkpt>
    <trkpt lat="47.276869" lon="11.484113"><ele>565.5</ele></trkpt>
    <trkpt lat="47.276829" lon="11.483762"><ele>564.75</ele></trkpt>
    <trkpt lat="47.276735" lon="11.483241"><ele>563.0</ele></trkpt>
    <trkpt lat="47.276511" lon="11.482067"><ele>563.0</ele></trkpt>
    <trkpt lat="47.276463" lon="11.48182"><ele>563.75</ele></trkpt>
    <trkpt lat="47.27639" lon="11.481353"><ele>566.75</ele></trkpt>
    <trkpt lat="47.276344" lon="11.480922"><ele>565.75</ele></trkpt>
    <trkpt lat="47.276309" lon="11.480404"><ele>564.25</ele></trkpt>
    <trkpt lat="47.276294" lon="11.479853"><ele>563.0</ele></trkpt>
    <trkpt lat="47.276296" lon="11.479631"><ele>562.75</ele></trkpt>
    <trkpt lat="47.276301" lon="11.479344"><ele>563.0</ele></trkpt>
    <trkpt lat="47.276393" lon="11.477829"><ele>562.75</ele></trkpt>
    <trkpt lat="47.276464" lon="11.476753"><ele>562.25</ele></trkpt>
    <trkpt lat="47.276516" lon="11.475979"><ele>563.0</ele></trkpt>
    <trkpt lat="47.276532" lon="11.475793"><ele>563.0</ele></trkpt>
    <trkpt lat="47.276502" lon="11.475543"><ele>563.5</ele></trkpt>
    <trkpt lat="47.276558" lon="11.474691"><ele>563.25</ele></trkpt>
    <trkpt lat="47.276584" lon="11.47445"><ele>563.0</ele></trkpt>
    <trkpt lat="47.276677" lon="11.472887"><ele>563.75</ele></trkpt>
    <trkpt lat="47.276841" lon="11.471271"><ele>563.25</ele></trkpt>
    <trkpt lat="47.276895" lon="11.470614"><ele>563.0</ele></trkpt>
    <trkpt lat="47.276912" lon="11.470228"><ele>563.0</ele></trkpt>
    <trkpt lat="47.276971" lon="11.468862"><ele>563.0</ele></trkpt>
    <trkpt lat="47.277026" lon="11.467998"><ele>562.75</ele></trkpt>
    <trkpt lat="47.277075" lon="11.467604"><ele>563.75</ele></trkpt>
    <trkpt lat="47.277288" lon="11.463723"><ele>564.0</ele></trkpt>
    <trkpt lat="47.27747" lon="11.460165"><ele>564.75</ele></trkpt>
    <trkpt lat="47.277449" lon="11.459619"><ele>564.5</ele></trkpt>
    <trkpt lat="47.277443" lon="11.458505"><ele>564.25</ele></trkpt>
    <trkpt lat="47.277446" lon="11.458423"><ele>564.5</ele></trkpt>
    <trkpt lat="47.277457" lon="11.458368"><ele>564.75</ele></trkpt>
    <trkpt lat="47.277467" lon="11.458325"><ele>565.0</ele></trkpt>
    <trkpt lat="47.277477" lon="11.458281"><ele>565.0</ele></trkpt>
    <trkpt lat="47.277488" lon="11.45799"><ele>565.0</ele></trkpt>
    <trkpt lat="47.277509" lon="11.457604"><ele>565.0</ele></trkpt>
    <trkpt lat="47.277524" lon="11.45729"><ele>565.0</ele></trkpt>
    <trkpt lat="47.277549" lon="11.457154"><ele>565.0</ele></trkpt>
    <trkpt lat="47.277557" lon="11.457103"><ele>565.0</ele></trkpt>
    <trkpt lat="47.277565" lon="11.456946"><ele>565.0</ele></trkpt>
    <trkpt lat="47.277566" lon="11.456882"><ele>565.0</ele></trkpt>
    <trkpt lat="47.277571" lon="11.456807"><ele>565.0</ele></trkpt>
    <trkpt lat="47.277575" lon="11.456742"><ele>565.0</ele></trkpt>
    <trkpt lat="47.277577" lon="11.456717"><ele>565.0</ele></trkpt>
    <trkpt lat="47.277579" lon="11.45669"><ele>565.0</ele></trkpt>
    <trkpt lat="47.277268" lon="11.456652"><ele>565.0</ele></trkpt>
    <trkpt lat="47.276952" lon="11.4566"><ele>565.0</ele></trkpt>
    <trkpt lat="47.276916" lon="11.456593"><ele>565.0</ele></trkpt>
    <trkpt lat="47.276895" lon="11.456541"><ele>565.0</ele></trkpt>
    <trkpt lat="47.27685" lon="11.456508"><ele>565.0</ele></trkpt>
    <trkpt lat="47.276807" lon="11.456514"><ele>565.0</ele></trkpt>
    <trkpt lat="47.276774" lon="11.456546"><ele>565.0</ele></trkpt>
    <trkpt lat="47.27667" lon="11.456566"><ele>565.0</ele></trkpt>
    <trkpt lat="47.276536" lon="11.456592"><ele>565.0</ele></trkpt>
    <trkpt lat="47.275986" lon="11.456511"><ele>565.0</ele></trkpt>
    <trkpt lat="47.27549" lon="11.456438"><ele>564.75</ele></trkpt>
    <trkpt lat="47.275443" lon="11.456434"><ele>564.75</ele></trkpt>
    <trkpt lat="47.275329" lon="11.456413"><ele>564.75</ele></trkpt>
    <trkpt lat="47.27523" lon="11.456342"><ele>564.75</ele></trkpt>
    <trkpt lat="47.27517" lon="11.456242"><ele>564.5</ele></trkpt>
    <trkpt lat="47.275111" lon="11.456108"><ele>564.25</ele></trkpt>
    <trkpt lat="47.275071" lon="11.456016"><ele>564.5</ele></trkpt>
    <trkpt lat="47.274875" lon="11.455568"><ele>564.5</ele></trkpt>
    <trkpt lat="47.274894" lon="11.455471"><ele>564.5</ele></trkpt>
    <trkpt lat="47.274745" lon="11.455141"><ele>565.0</ele></trkpt>
    <trkpt lat="47.274429" lon="11.454395"><ele>565.0</ele></trkpt>
    <trkpt lat="47.274394" lon="11.454313"><ele>565.0</ele></trkpt>
    <trkpt lat="47.274376" lon="11.454214"><ele>565.0</ele></trkpt>
    <trkpt lat="47.274357" lon="11.454164"><ele>565.25</ele></trkpt>
    <trkpt lat="47.274342" lon="11.454129"><ele>565.25</ele></trkpt>
    <trkpt lat="47.274312" lon="11.454062"><ele>565.25</ele></trkpt>
    <trkpt lat="47.274282" lon="11.454006"><ele>565.0</ele></trkpt>
    <trkpt lat="47.274211" lon="11.453926"><ele>565.0</ele></trkpt>
    <trkpt lat="47.274139" lon="11.453758"><ele>565.0</ele></trkpt>
    <trkpt lat="47.274044" lon="11.45353"><ele>565.0</ele></trkpt>
    <trkpt lat="47.274026" lon="11.453486"><ele>565.0</ele></trkpt>
    <trkpt lat="47.273808" lon="11.452883"><ele>565.0</ele></trkpt>
    <trkpt lat="47.273616" lon="11.452243"><ele>565.75</ele></trkpt>
    <trkpt lat="47.273551" lon="11.452004"><ele>565.75</ele></trkpt>
    <trkpt lat="47.273458" lon="11.45164"><ele>565.25</ele></trkpt>
    <trkpt lat="47.273337" lon="11.450993"><ele>565.5</ele></trkpt>
    <trkpt lat="47.273314" lon="11.451"><ele>565.5</ele></trkpt>
    <trkpt lat="47.273284" lon="11.451011"><ele>565.5</ele></trkpt>
    <trkpt lat="47.273256" lon="11.451019"><ele>565.5</ele></trkpt>
    <trkpt lat="47.273249" lon="11.451019"><ele>565.5</ele></trkpt>
    <trkpt lat="47.271262" lon="11.451056"><ele>565.0</ele></trkpt>
    <trkpt lat="47.271201" lon="11.450995"><ele>565.0</ele></trkpt>
    <trkpt lat="47.271123" lon="11.450667"><ele>565.0</ele></trkpt>
    <trkpt lat="47.270972" lon="11.45004"><ele>565.0</ele></trkpt>
    <trkpt lat="47.270956" lon="11.449979"><ele>565.0</ele></trkpt>
    <trkpt lat="47.270914" lon="11.449819"><ele>565.0</ele></trkpt>
    <trkpt lat="47.270801" lon="11.449332"><ele>565.25</ele></trkpt>
    <trkpt lat="47.270788" lon="11.449275"><ele>565.5</ele></trkpt>
    <trkpt lat="47.270762" lon="11.449175"><ele>565.75</ele></trkpt>
    <trkpt lat="47.270642" lon="11.448713"><ele>565.25</ele></trkpt>
    <trkpt lat="47.270598" lon="11.448563"><ele>565.0</ele></trkpt>
    <trkpt lat="47.270532" lon="11.44834"><ele>565.0</ele></trkpt>
    <trkpt lat="47.270481" lon="11.448159"><ele>565.5</ele></trkpt>
    <trkpt lat="47.270452" lon="11.448035"><ele>566.0</ele></trkpt>
    <trkpt lat="47.270429" lon="11.447747"><ele>566.0</ele></trkpt>
    <trkpt lat="47.270427" lon="11.447723"><ele>566.0</ele></trkpt>
    <trkpt lat="47.270404" lon="11.44746"><ele>566.5</ele></trkpt>
    <trkpt lat="47.270398" lon="11.447392"><ele>566.5</ele></trkpt>
    <trkpt lat="47.270371" lon="11.447221"><ele>567.0</ele></trkpt>
    <trkpt lat="47.269802" lon="11.447462"><ele>566.25</ele></trkpt>
    <trkpt lat="47.269517" lon="11.447582"><ele>566.25</ele></trkpt>
    <trkpt lat="47.269336" lon="11.447659"><ele>566.0</ele></trkpt>
    <trkpt lat="47.2693" lon="11.447675"><ele>566.0</ele></trkpt>
    <trkpt lat="47.269021" lon="11.447798"><ele>565.75</ele></trkpt>
    <trkpt lat="47.268948" lon="11.447823"><ele>565.75</ele></trkpt>
    <trkpt lat="47.268904" lon="11.447825"><ele>565.75</ele></trkpt>
    <trkpt lat="47.268854" lon="11.447808"><ele>565.75</ele></trkpt>
    <trkpt lat="47.268764" lon="11.44776"><ele>566.0</ele></trkpt>
    <trkpt lat="47.268637" lon="11.447663"><ele>566.25</ele></trkpt>
    <trkpt lat="47.268515" lon="11.447566"><ele>566.0</ele></trkpt>
    <trkpt lat="47.268496" lon="11.447609"><ele>566.0</ele></trkpt>
    <trkpt lat="47.268423" lon="11.447549"><ele>565.5</ele></trkpt>
    <trkpt lat="47.268369" lon="11.447509"><ele>565.25</ele></trkpt>
    <trkpt lat="47.267583" lon="11.446956"><ele>565.0</ele></trkpt>
    <trkpt lat="47.267521" lon="11.446912"><ele>566.5</ele></trkpt>
    <trkpt lat="47.267499" lon="11.446896"><ele>567.0</ele></trkpt>
    <trkpt lat="47.267418" lon="11.447192"><ele>565.0</ele></trkpt>
    <trkpt lat="47.267204" lon="11.447911"><ele>565.5</ele></trkpt>
    <trkpt lat="47.267167" lon="11.448034"><ele>565.25</ele></trkpt>
    <trkpt lat="47.266987" lon="11.448694"><ele>565.0</ele></trkpt>
    <trkpt lat="47.266903" lon="11.449034"><ele>566.0</ele></trkpt>
    <trkpt lat="47.266851" lon="11.449292"><ele>565.25</ele></trkpt>
    <trkpt lat="47.266792" lon="11.449706"><ele>564.5</ele></trkpt>
    <trkpt lat="47.266731" lon="11.450046"><ele>565.0</ele></trkpt>
    <trkpt lat="47.266703" lon="11.450145"><ele>565.25</ele></trkpt>
    <trkpt lat="47.266648" lon="11.45007"><ele>566.0</ele></trkpt>
    <trkpt lat="47.266611" lon="11.450036"><ele>566.25</ele></trkpt>
    <trkpt lat="47.266367" lon="11.449815"><ele>566.5</ele></trkpt>
    <trkpt lat="47.264909" lon="11.448518"><ele>565.75</ele></trkpt>
    <trkpt lat="47.264669" lon="11.448471"><ele>566.0</ele></trkpt>
    <trkpt lat="47.264593" lon="11.44857"><ele>566.0</ele></trkpt>
    <trkpt lat="47.263638" lon="11.449869"><ele>567.5</ele></trkpt>
    <trkpt lat="47.263604" lon="11.44989"><ele>567.25</ele></trkpt>
    <trkpt lat="47.263568" lon="11.449883"><ele>568.5</ele></trkpt>
    <trkpt lat="47.26351" lon="11.449832"><ele>569.5</ele></trkpt>
    <trkpt lat="47.262929" lon="11.448653"><ele>568.75</ele></trkpt>
    <trkpt lat="47.262834" lon="11.448406"><ele>566.75</ele></trkpt>
    <trkpt lat="47.262344" lon="11.447144"><ele>570.5</ele></trkpt>
    <trkpt lat="47.262232" lon="11.44612"><ele>566.75</ele></trkpt>
    <trkpt lat="47.262193" lon="11.445629"><ele>566.25</ele></trkpt>
    <trkpt lat="47.262272" lon="11.445256"><ele>565.0</ele></trkpt>
    <trkpt lat="47.262148" lon="11.444012"><ele>565.75</ele></trkpt>
    <trkpt lat="47.261991" lon="11.442688"><ele>565.25</ele></trkpt>
    <trkpt lat="47.261872" lon="11.441308"><ele>567.0</ele></trkpt>
    <trkpt lat="47.261852" lon="11.440789"><ele>566.75</ele></trkpt>
    <trkpt lat="47.26186" lon="11.440159"><ele>567.0</ele></trkpt>
    <trkpt lat="47.261921" lon="11.439509"><ele>566.5</ele></trkpt>
    <trkpt lat="47.262033" lon="11.438812"><ele>566.5</ele></trkpt>
    <trkpt lat="47.26222" lon="11.438119"><ele>566.0</ele></trkpt>
    <trkpt lat="47.262686" lon="11.437207"><ele>567.25</ele></trkpt>
    <trkpt lat="47.263007" lon="11.43661"><ele>567.0</ele></trkpt>
    <trkpt lat="47.263161" lon="11.436357"><ele>568.25</ele></trkpt>
    <trkpt lat="47.263196" lon="11.436267"><ele>568.0</ele></trkpt>
    <trkpt lat="47.263161" lon="11.436123"><ele>569.0</ele></trkpt>
    <trkpt lat="47.263134" lon="11.435966"><ele>569.75</ele></trkpt>
    <trkpt lat="47.263112" lon="11.435657"><ele>568.25</ele></trkpt>
    <trkpt lat="47.263069" lon="11.435666"><ele>567.75</ele></trkpt>
    <trkpt lat="47.263039" lon="11.435683"><ele>567.5</ele></trkpt>
    <trkpt lat="47.262962" lon="11.435787"><ele>568.0</ele></trkpt>
    <trkpt lat="47.262823" lon="11.436054"><ele>567.25</ele></trkpt>
    <trkpt lat="47.26263" lon="11.436477"><ele>567.5</ele></trkpt>
    <trkpt lat="47.262441" lon="11.436844"><ele>567.5</ele></trkpt>
    <trkpt lat="47.262343" lon="11.437002"><ele>568.0</ele></trkpt>
    <trkpt lat="47.262288" lon="11.437082"><ele>567.75</ele></trkpt>
    <trkpt lat="47.262228" lon="11.437152"><ele>567.75</ele></trkpt>
    <trkpt lat="47.262166" lon="11.437218"><ele>567.75</ele></trkpt>
    <trkpt lat="47.26211" lon="11.437265"><ele>567.75</ele></trkpt>
    <trkpt lat="47.262002" lon="11.437328"><ele>567.75</ele></trkpt>
    <trkpt lat="47.261946" lon="11.437342"><ele>567.75</ele></trkpt>
    <trkpt lat="47.261845" lon="11.437344"><ele>567.75</ele></trkpt>
    <trkpt lat="47.261716" lon="11.437315"><ele>567.5</ele></trkpt>
    <trkpt lat="47.261647" lon="11.437291"><ele>567.5</ele></trkpt>
    <trkpt lat="47.26151" lon="11.437216"><ele>567.0</ele></trkpt>
    <trkpt lat="47.261411" lon="11.437142"><ele>567.0</ele></trkpt>
    <trkpt lat="47.261222" lon="11.43696"><ele>567.0</ele></trkpt>
    <trkpt lat="47.261062" lon="11.436751"><ele>567.5</ele></trkpt>
    <trkpt lat="47.260958" lon="11.436595"><ele>568.0</ele></trkpt>
    <trkpt lat="47.260759" lon="11.436242"><ele>568.25</ele></trkpt>
    <trkpt lat="47.260133" lon="11.435038"><ele>569.5</ele></trkpt>
    <trkpt lat="47.260035" lon="11.434867"><ele>570.25</ele></trkpt>
    <trkpt lat="47.259951" lon="11.434744"><ele>571.0</ele></trkpt>
    <trkpt lat="47.259906" lon="11.434647"><ele>571.0</ele></trkpt>
    <trkpt lat="47.259865" lon="11.434678"><ele>571.25</ele></trkpt>
    <trkpt lat="47.25972" lon="11.434782"><ele>572.5</ele></trkpt>
    <trkpt lat="47.259392" lon="11.434996"><ele>573.0</ele></trkpt>
    <trkpt lat="47.259357" lon="11.435022"><ele>573.25</ele></trkpt>
    <trkpt lat="47.259306" lon="11.435056"><ele>573.5</ele></trkpt>
    <trkpt lat="47.259241" lon="11.435083"><ele>574.0</ele></trkpt>
    <trkpt lat="47.259146" lon="11.435105"><ele>574.25</ele></trkpt>
    <trkpt lat="47.258923" lon="11.435114"><ele>575.75</ele></trkpt>
    <trkpt lat="47.258913" lon="11.435056"><ele>575.75</ele></trkpt>
    <trkpt lat="47.258901" lon="11.434976"><ele>576.0</ele></trkpt>
    <trkpt lat="47.258902" lon="11.434944"><ele>576.25</ele></trkpt>
    <trkpt lat="47.258904" lon="11.434917"><ele>576.25</ele></trkpt>
    <trkpt lat="47.258914" lon="11.434872"><ele>576.5</ele></trkpt>
    <trkpt lat="47.258928" lon="11.434834"><ele>576.75</ele></trkpt>
    <trkpt lat="47.258981" lon="11.43473"><ele>576.75</ele></trkpt>
    <trkpt lat="47.259204" lon="11.434418"><ele>573.75</ele></trkpt>
    <trkpt lat="47.259251" lon="11.434331"><ele>573.25</ele></trkpt>
    <trkpt lat="47.259293" lon="11.434187"><ele>572.75</ele></trkpt>
    <trkpt lat="47.259314" lon="11.434023"><ele>572.25</ele></trkpt>
    <trkpt lat="47.259311" lon="11.433929"><ele>572.25</ele></trkpt>
    <trkpt lat="47.259269" lon="11.43375"><ele>573.0</ele></trkpt>
    <trkpt lat="47.259178" lon="11.433558"><ele>574.0</ele></trkpt>
    <trkpt lat="47.258984" lon="11.433214"><ele>579.25</ele></trkpt>
    <trkpt lat="47.258916" lon="11.433066"><ele>577.0</ele></trkpt>
    <trkpt lat="47.258851" lon="11.432881"><ele>577.5</ele></trkpt>
    <trkpt lat="47.258777" lon="11.432604"><ele>578.0</ele></trkpt>
    <trkpt lat="47.258736" lon="11.432448"><ele>576.75</ele></trkpt>
    <trkpt lat="47.258638" lon="11.432162"><ele>576.0</ele></trkpt>
    <trkpt lat="47.258615" lon="11.432057"><ele>575.0</ele></trkpt>
    <trkpt lat="47.258583" lon="11.431857"><ele>575.0</ele></trkpt>
    <trkpt lat="47.258579" lon="11.431581"><ele>574.5</ele></trkpt>
    <trkpt lat="47.2586" lon="11.431311"><ele>574.0</ele></trkpt>
    <trkpt lat="47.258491" lon="11.430986"><ele>575.0</ele></trkpt>
    <trkpt lat="47.258325" lon="11.430516"><ele>577.25</ele></trkpt>
    <trkpt lat="47.258282" lon="11.430344"><ele>578.75</ele></trkpt>
    <trkpt lat="47.258249" lon="11.430319"><ele>579.25</ele></trkpt>
    <trkpt lat="47.258212" lon="11.430325"><ele>579.5</ele></trkpt>
    <trkpt lat="47.258096" lon="11.430395"><ele>580.0</ele></trkpt>
    <trkpt lat="47.257796" lon="11.430514"><ele>586.75</ele></trkpt>
    <trkpt lat="47.257747" lon="11.430517"><ele>588.0</ele></trkpt>
    <trkpt lat="47.257413" lon="11.430445"><ele>596.25</ele></trkpt>
    <trkpt lat="47.257383" lon="11.430416"><ele>596.75</ele></trkpt>
    <trkpt lat="47.257363" lon="11.430373"><ele>597.25</ele></trkpt>
    <trkpt lat="47.257174" lon="11.429777"><ele>597.75</ele></trkpt>
    <trkpt lat="47.257146" lon="11.429726"><ele>598.25</ele></trkpt>
    <trkpt lat="47.257106" lon="11.429682"><ele>598.5</ele></trkpt>
    <trkpt lat="47.256838" lon="11.429474"><ele>600.0</ele></trkpt>
    <trkpt lat="47.256797" lon="11.42942"><ele>600.5</ele></trkpt>
    <trkpt lat="47.256764" lon="11.429362"><ele>601.25</ele></trkpt>
    <trkpt lat="47.256671" lon="11.429032"><ele>601.75</ele></trkpt>
    <trkpt lat="47.256608" lon="11.428924"><ele>603.75</ele></trkpt>
    <trkpt lat="47.256541" lon="11.428833"><ele>605.0</ele></trkpt>
    <trkpt lat="47.256441" lon="11.428724"><ele>606.75</ele></trkpt>
    <trkpt lat="47.256301" lon="11.428597"><ele>608.75</ele></trkpt>
    <trkpt lat="47.255798" lon="11.427765"><ele>621.0</ele></trkpt>
    <trkpt lat="47.255767" lon="11.427953"><ele>623.25</ele></trkpt>
    <trkpt lat="47.25578" lon="11.428596"><ele>627.75</ele></trkpt>
    <trkpt lat="47.255752" lon="11.428899"><ele>630.5</ele></trkpt>
    <trkpt lat="47.255679" lon="11.429346"><ele>634.5</ele></trkpt>
    <trkpt lat="47.255637" lon="11.429438"><ele>635.5</ele></trkpt>
    <trkpt lat="47.255628" lon="11.429593"><ele>636.25</ele></trkpt>
    <trkpt lat="47.255618" lon="11.429944"><ele>638.75</ele></trkpt>
    <trkpt lat="47.255579" lon="11.430481"><ele>638.25</ele></trkpt>
    <trkpt lat="47.255541" lon="11.430782"><ele>641.5</ele></trkpt>
    <trkpt lat="47.2555" lon="11.430936"><ele>644.0</ele></trkpt>
    <trkpt lat="47.255416" lon="11.431125"><ele>647.25</ele></trkpt>
    <trkpt lat="47.255323" lon="11.431314"><ele>646.25</ele></trkpt>
    <trkpt lat="47.255202" lon="11.431522"><ele>645.25</ele></trkpt>
    <trkpt lat="47.255186" lon="11.431549"><ele>645.25</ele></trkpt>
    <trkpt lat="47.255003" lon="11.43188"><ele>647.75</ele></trkpt>
    <trkpt lat="47.254935" lon="11.432068"><ele>649.5</ele></trkpt>
    <trkpt lat="47.254899" lon="11.432188"><ele>649.75</ele></trkpt>
    <trkpt lat="47.254871" lon="11.432312"><ele>651.25</ele></trkpt>
    <trkpt lat="47.254849" lon="11.432424"><ele>653.0</ele></trkpt>
    <trkpt lat="47.254837" lon="11.432546"><ele>654.75</ele></trkpt>
    <trkpt lat="47.254832" lon="11.432835"><ele>658.5</ele></trkpt>
    <trkpt lat="47.254954" lon="11.434177"><ele>661.25</ele></trkpt>
    <trkpt lat="47.254944" lon="11.434297"><ele>661.5</ele></trkpt>
    <trkpt lat="47.254918" lon="11.434387"><ele>661.5</ele></trkpt>
    <trkpt lat="47.254879" lon="11.434444"><ele>661.75</ele></trkpt>
    <trkpt lat="47.254829" lon="11.434497"><ele>662.5</ele></trkpt>
    <trkpt lat="47.254765" lon="11.434508"><ele>663.0</ele></trkpt>
    <trkpt lat="47.254711" lon="11.434494"><ele>663.5</ele></trkpt>
    <trkpt lat="47.254649" lon="11.434429"><ele>665.0</ele></trkpt>
    <trkpt lat="47.254609" lon="11.434339"><ele>666.25</ele></trkpt>
    <trkpt lat="47.254587" lon="11.434227"><ele>667.25</ele></trkpt>
    <trkpt lat="47.25457" lon="11.43395"><ele>667.25</ele></trkpt>
    <trkpt lat="47.254556" lon="11.433813"><ele>667.25</ele></trkpt>
    <trkpt lat="47.254535" lon="11.433677"><ele>667.5</ele></trkpt>
    <trkpt lat="47.254491" lon="11.433503"><ele>668.0</ele></trkpt>
    <trkpt lat="47.25444" lon="11.433342"><ele>669.0</ele></trkpt>
    <trkpt lat="47.254131" lon="11.432628"><ele>674.0</ele></trkpt>
    <trkpt lat="47.254031" lon="11.432275"><ele>676.75</ele></trkpt>
    <trkpt lat="47.253959" lon="11.43193"><ele>677.75</ele></trkpt>
    <trkpt lat="47.253885" lon="11.431745"><ele>679.0</ele></trkpt>
    <trkpt lat="47.253796" lon="11.431662"><ele>679.25</ele></trkpt>
    <trkpt lat="47.253701" lon="11.431634"><ele>679.5</ele></trkpt>
    <trkpt lat="47.253602" lon="11.431652"><ele>680.25</ele></trkpt>
    <trkpt lat="47.253522" lon="11.43172"><ele>681.25</ele></trkpt>
    <trkpt lat="47.253467" lon="11.431817"><ele>682.0</ele></trkpt>
    <trkpt lat="47.25343" lon="11.431955"><ele>682.25</ele></trkpt>
    <trkpt lat="47.25343" lon="11.432121"><ele>682.75</ele></trkpt>
    <trkpt lat="47.253455" lon="11.432268"><ele>683.25</ele></trkpt>
    <trkpt lat="47.253545" lon="11.432671"><ele>684.75</ele></trkpt>
    <trkpt lat="47.253574" lon="11.432895"><ele>686.25</ele></trkpt>
    <trkpt lat="47.253587" lon="11.43314"><ele>688.0</ele></trkpt>
    <trkpt lat="47.253568" lon="11.433999"><ele>694.5</ele></trkpt>
    <trkpt lat="47.253517" lon="11.434414"><ele>697.25</ele></trkpt>
    <trkpt lat="47.253412" lon="11.434844"><ele>699.75</ele></trkpt>
    <trkpt lat="47.253275" lon="11.43531"><ele>703.0</ele></trkpt>
    <trkpt lat="47.253112" lon="11.435756"><ele>705.75</ele></trkpt>
    <trkpt lat="47.252949" lon="11.436197"><ele>708.75</ele></trkpt>
    <trkpt lat="47.25288" lon="11.436387"><ele>710.5</ele></trkpt>
    <trkpt lat="47.252787" lon="11.436614"><ele>712.5</ele></trkpt>
    <trkpt lat="47.252727" lon="11.436738"><ele>712.75</ele></trkpt>
    <trkpt lat="47.252677" lon="11.43681"><ele>713.0</ele></trkpt>
    <trkpt lat="47.252612" lon="11.436878"><ele>713.75</ele></trkpt>
    <trkpt lat="47.252548" lon="11.436919"><ele>715.0</ele></trkpt>
    <trkpt lat="47.252466" lon="11.436954"><ele>716.0</ele></trkpt>
    <trkpt lat="47.252275" lon="11.437008"><ele>717.25</ele></trkpt>
    <trkpt lat="47.252142" lon="11.437092"><ele>719.0</ele></trkpt>
    <trkpt lat="47.252073" lon="11.437201"><ele>719.5</ele></trkpt>
    <trkpt lat="47.252002" lon="11.437347"><ele>721.0</ele></trkpt>
    <trkpt lat="47.251926" lon="11.437565"><ele>722.0</ele></trkpt>
    <trkpt lat="47.251902" lon="11.437771"><ele>724.75</ele></trkpt>
    <trkpt lat="47.251899" lon="11.437878"><ele>724.75</ele></trkpt>
    <trkpt lat="47.251908" lon="11.43802"><ele>725.0</ele></trkpt>
    <trkpt lat="47.251929" lon="11.438153"><ele>725.75</ele></trkpt>
    <trkpt lat="47.251953" lon="11.438262"><ele>726.25</ele></trkpt>
    <trkpt lat="47.25202" lon="11.438576"><ele>727.75</ele></trkpt>
    <trkpt lat="47.252051" lon="11.438829"><ele>729.5</ele></trkpt>
    <trkpt lat="47.252053" lon="11.438962"><ele>730.25</ele></trkpt>
    <trkpt lat="47.252056" lon="11.439229"><ele>731.0</ele></trkpt>
    <trkpt lat="47.252065" lon="11.44029"><ele>734.0</ele></trkpt>
    <trkpt lat="47.252073" lon="11.440762"><ele>734.0</ele></trkpt>
    <trkpt lat="47.252084" lon="11.440992"><ele>734.25</ele></trkpt>
    <trkpt lat="47.252088" lon="11.441032"><ele>734.25</ele></trkpt>
    <trkpt lat="47.25211" lon="11.441249"><ele>734.75</ele></trkpt>
    <trkpt lat="47.252126" lon="11.441336"><ele>735.0</ele></trkpt>
    <trkpt lat="47.252145" lon="11.441436"><ele>735.25</ele></trkpt>
    <trkpt lat="47.252299" lon="11.441979"><ele>735.5</ele></trkpt>
    <trkpt lat="47.25233" lon="11.442085"><ele>735.75</ele></trkpt>
    <trkpt lat="47.252486" lon="11.442593"><ele>736.75</ele></trkpt>
    <trkpt lat="47.252498" lon="11.442632"><ele>736.75</ele></trkpt>
    <trkpt lat="47.252532" lon="11.442748"><ele>737.0</ele></trkpt>
    <trkpt lat="47.252588" lon="11.442938"><ele>737.25</ele></trkpt>
    <trkpt lat="47.252629" lon="11.443128"><ele>738.0</ele></trkpt>
    <trkpt lat="47.252666" lon="11.443357"><ele>740.0</ele></trkpt>
    <trkpt lat="47.252692" lon="11.443633"><ele>741.75</ele></trkpt>
    <trkpt lat="47.252695" lon="11.443853"><ele>743.25</ele></trkpt>
    <trkpt lat="47.252682" lon="11.444011"><ele>744.0</ele></trkpt>
    <trkpt lat="47.25264" lon="11.444234"><ele>745.75</ele></trkpt>
    <trkpt lat="47.25262" lon="11.444299"><ele>746.5</ele></trkpt>
    <trkpt lat="47.252592" lon="11.444393"><ele>747.5</ele></trkpt>
    <trkpt lat="47.252459" lon="11.444716"><ele>748.5</ele></trkpt>
    <trkpt lat="47.252309" lon="11.444985"><ele>750.75</ele></trkpt>
    <trkpt lat="47.252255" lon="11.445081"><ele>751.5</ele></trkpt>
    <trkpt lat="47.252094" lon="11.445323"><ele>753.0</ele></trkpt>
    <trkpt lat="47.251824" lon="11.445694"><ele>754.5</ele></trkpt>
    <trkpt lat="47.251767" lon="11.445761"><ele>754.75</ele></trkpt>
    <trkpt lat="47.251644" lon="11.445868"><ele>755.0</ele></trkpt>
    <trkpt lat="47.251604" lon="11.4459"><ele>755.25</ele></trkpt>
    <trkpt lat="47.251533" lon="11.445961"><ele>755.5</ele></trkpt>
    <trkpt lat="47.25156" lon="11.446006"><ele>755.75</ele></trkpt>
    <trkpt lat="47.251672" lon="11.446199"><ele>755.75</ele></trkpt>
    <trkpt lat="47.251846" lon="11.446426"><ele>756.0</ele></trkpt>
    <trkpt lat="47.251822" lon="11.446507"><ele>756.25</ele></trkpt>
    <trkpt lat="47.251787" lon="11.446674"><ele>757.0</ele></trkpt>
    <trkpt lat="47.251684" lon="11.446978"><ele>758.0</ele></trkpt>
    <trkpt lat="47.251648" lon="11.447062"><ele>758.25</ele></trkpt>
    <trkpt lat="47.251521" lon="11.447353"><ele>759.75</ele></trkpt>
    <trkpt lat="47.251488" lon="11.447417"><ele>760.0</ele></trkpt>
    <trkpt lat="47.251476" lon="11.447447"><ele>760.0</ele></trkpt>
    <trkpt lat="47.251449" lon="11.447511"><ele>760.5</ele></trkpt>
    <trkpt lat="47.251399" lon="11.447632"><ele>761.75</ele></trkpt>
    <trkpt lat="47.251379" lon="11.447694"><ele>762.25</ele></trkpt>
    <trkpt lat="47.251367" lon="11.44773"><ele>762.75</ele></trkpt>
    <trkpt lat="47.251339" lon="11.447815"><ele>763.5</ele></trkpt>
    <trkpt lat="47.251311" lon="11.447899"><ele>764.0</ele></trkpt>
    <trkpt lat="47.251237" lon="11.44822"><ele>766.75</ele></trkpt>
    <trkpt lat="47.251213" lon="11.448366"><ele>768.25</ele></trkpt>
    <trkpt lat="47.251101" lon="11.449162"><ele>776.0</ele></trkpt>
    <trkpt lat="47.251075" lon="11.449287"><ele>777.25</ele></trkpt>
    <trkpt lat="47.251056" lon="11.449367"><ele>777.75</ele></trkpt>
    <trkpt lat="47.250992" lon="11.449573"><ele>779.5</ele></trkpt>
    <trkpt lat="47.250916" lon="11.449719"><ele>780.5</ele></trkpt>
    <trkpt lat="47.250861" lon="11.449817"><ele>781.0</ele></trkpt>
    <trkpt lat="47.250813" lon="11.449884"><ele>781.75</ele></trkpt>
    <trkpt lat="47.250722" lon="11.449991"><ele>783.0</ele></trkpt>
    <trkpt lat="47.250637" lon="11.450068"><ele>783.75</ele></trkpt>
    <trkpt lat="47.250533" lon="11.450136"><ele>784.75</ele></trkpt>
    <trkpt lat="47.250483" lon="11.450159"><ele>785.5</ele></trkpt>
    <trkpt lat="47.250162" lon="11.450254"><ele>789.75</ele></trkpt>
    <trkpt lat="47.250118" lon="11.450276"><ele>790.0</ele></trkpt>
    <trkpt lat="47.250045" lon="11.45033"><ele>791.0</ele></trkpt>
    <trkpt lat="47.250032" lon="11.45024"><ele>790.75</ele></trkpt>
    <trkpt lat="47.250031" lon="11.450085"><ele>790.75</ele></trkpt>
    <trkpt lat="47.250043" lon="11.45003"><ele>790.5</ele></trkpt>
    <trkpt lat="47.250061" lon="11.449985"><ele>790.5</ele></trkpt>
    <trkpt lat="47.250148" lon="11.44987"><ele>789.5</ele></trkpt>
    <trkpt lat="47.250208" lon="11.449771"><ele>788.25</ele></trkpt>
    <trkpt lat="47.250232" lon="11.449712"><ele>787.75</ele></trkpt>
    <trkpt lat="47.250252" lon="11.449641"><ele>787.0</ele></trkpt>
    <trkpt lat="47.2503" lon="11.449316"><ele>785.0</ele></trkpt>
    <trkpt lat="47.250316" lon="11.44925"><ele>784.5</ele></trkpt>
    <trkpt lat="47.2503" lon="11.449316"><ele>785.0</ele></trkpt>
    <trkpt lat="47.250252" lon="11.449641"><ele>787.0</ele></trkpt>
    <trkpt lat="47.250232" lon="11.449712"><ele>787.75</ele></trkpt>
    <trkpt lat="47.250208" lon="11.449771"><ele>788.25</ele></trkpt>
    <trkpt lat="47.250148" lon="11.44987"><ele>789.5</ele></trkpt>
    <trkpt lat="47.250061" lon="11.449985"><ele>790.5</ele></trkpt>
    <trkpt lat="47.250043" lon="11.45003"><ele>790.5</ele></trkpt>
    <trkpt lat="47.250031" lon="11.450085"><ele>790.75</ele></trkpt>
    <trkpt lat="47.250032" lon="11.45024"><ele>790.75</ele></trkpt>
    <trkpt lat="47.250045" lon="11.45033"><ele>791.0</ele></trkpt>
    <trkpt lat="47.250001" lon="11.450377"><ele>792.0</ele></trkpt>
    <trkpt lat="47.249929" lon="11.450468"><ele>794.75</ele></trkpt>
    <trkpt lat="47.249849" lon="11.450592"><ele>796.75</ele></trkpt>
    <trkpt lat="47.249671" lon="11.450927"><ele>795.75</ele></trkpt>
    <trkpt lat="47.249532" lon="11.451186"><ele>797.25</ele></trkpt>
    <trkpt lat="47.249319" lon="11.451592"><ele>803.25</ele></trkpt>
    <trkpt lat="47.249214" lon="11.451747"><ele>804.75</ele></trkpt>
    <trkpt lat="47.24911" lon="11.451868"><ele>806.25</ele></trkpt>
    <trkpt lat="47.249073" lon="11.451903"><ele>806.75</ele></trkpt>
    <trkpt lat="47.248981" lon="11.451968"><ele>808.0</ele></trkpt>
    <trkpt lat="47.248908" lon="11.452004"><ele>809.0</ele></trkpt>
    <trkpt lat="47.24878" lon="11.45206"><ele>810.5</ele></trkpt>
    <trkpt lat="47.248667" lon="11.452098"><ele>811.75</ele></trkpt>
    <trkpt lat="47.248367" lon="11.45218"><ele>815.0</ele></trkpt>
    <trkpt lat="47.248287" lon="11.452186"><ele>815.75</ele></trkpt>
    <trkpt lat="47.248216" lon="11.45218"><ele>816.25</ele></trkpt>
    <trkpt lat="47.248153" lon="11.452169"><ele>816.75</ele></trkpt>
    <trkpt lat="47.248107" lon="11.452147"><ele>816.75</ele></trkpt>
    <trkpt lat="47.248017" lon="11.452081"><ele>817.5</ele></trkpt>
    <trkpt lat="47.247929" lon="11.451992"><ele>818.5</ele></trkpt>
    <trkpt lat="47.247869" lon="11.451899"><ele>819.25</ele></trkpt>
    <trkpt lat="47.247808" lon="11.451778"><ele>820.25</ele></trkpt>
    <trkpt lat="47.247667" lon="11.451444"><ele>820.75</ele></trkpt>
    <trkpt lat="47.24765" lon="11.451418"><ele>820.75</ele></trkpt>
    <trkpt lat="47.247635" lon="11.451394"><ele>821.0</ele></trkpt>
    <trkpt lat="47.247683" lon="11.451094"><ele>820.5</ele></trkpt>
    <trkpt lat="47.247683" lon="11.450944"><ele>820.25</ele></trkpt>
    <trkpt lat="47.247667" lon="11.450801"><ele>820.0</ele></trkpt>
    <trkpt lat="47.247644" lon="11.450671"><ele>819.25</ele></trkpt>
    <trkpt lat="47.247586" lon="11.450521"><ele>818.5</ele></trkpt>
    <trkpt lat="47.24752" lon="11.450378"><ele>817.25</ele></trkpt>
    <trkpt lat="47.24727" lon="11.449944"><ele>815.5</ele></trkpt>
    <trkpt lat="47.247153" lon="11.449731"><ele>814.25</ele></trkpt>
    <trkpt lat="47.247054" lon="11.449577"><ele>814.0</ele></trkpt>
    <trkpt lat="47.24689" lon="11.449351"><ele>813.75</ele></trkpt>
    <trkpt lat="47.246833" lon="11.449227"><ele>813.25</ele></trkpt>
    <trkpt lat="47.246827" lon="11.449178"><ele>813.0</ele></trkpt>
    <trkpt lat="47.246788" lon="11.449034"><ele>812.5</ele></trkpt>
    <trkpt lat="47.246733" lon="11.44872"><ele>811.75</ele></trkpt>
    <trkpt lat="47.246686" lon="11.448404"><ele>811.0</ele></trkpt>
    <trkpt lat="47.246619" lon="11.448223"><ele>811.25</ele></trkpt>
    <trkpt lat="47.246453" lon="11.447933"><ele>812.5</ele></trkpt>
    <trkpt lat="47.246361" lon="11.447803"><ele>814.0</ele></trkpt>
    <trkpt lat="47.24627" lon="11.44764"><ele>816.5</ele></trkpt>
    <trkpt lat="47.246236" lon="11.447539"><ele>817.0</ele></trkpt>
    <trkpt lat="47.24621" lon="11.44741"><ele>817.5</ele></trkpt>
    <trkpt lat="47.246232" lon="11.447223"><ele>816.75</ele></trkpt>
    <trkpt lat="47.246226" lon="11.446606"><ele>818.0</ele></trkpt>
    <trkpt lat="47.246142" lon="11.446324"><ele>820.0</ele></trkpt>
    <trkpt lat="47.246127" lon="11.44628"><ele>820.0</ele></trkpt>
    <trkpt lat="47.246109" lon="11.44621"><ele>820.25</ele></trkpt>
    <trkpt lat="47.246104" lon="11.445927"><ele>818.75</ele></trkpt>
    <trkpt lat="47.246077" lon="11.445596"><ele>818.5</ele></trkpt>
    <trkpt lat="47.246055" lon="11.445472"><ele>819.25</ele></trkpt>
    <trkpt lat="47.246008" lon="11.445252"><ele>820.25</ele></trkpt>
    <trkpt lat="47.245984" lon="11.445148"><ele>820.5</ele></trkpt>
    <trkpt lat="47.245833" lon="11.444697"><ele>820.75</ele></trkpt>
    <trkpt lat="47.245597" lon="11.444029"><ele>819.0</ele></trkpt>
    <trkpt lat="47.245559" lon="11.443939"><ele>818.75</ele></trkpt>
    <trkpt lat="47.245434" lon="11.443692"><ele>819.25</ele></trkpt>
    <trkpt lat="47.245353" lon="11.443562"><ele>819.75</ele></trkpt>
    <trkpt lat="47.245311" lon="11.443524"><ele>820.5</ele></trkpt>
    <trkpt lat="47.245026" lon="11.443394"><ele>823.5</ele></trkpt>
    <trkpt lat="47.244725" lon="11.443347"><ele>825.5</ele></trkpt>
    <trkpt lat="47.244595" lon="11.443341"><ele>826.5</ele></trkpt>
    <trkpt lat="47.244523" lon="11.443347"><ele>827.5</ele></trkpt>
    <trkpt lat="47.244493" lon="11.443349"><ele>827.75</ele></trkpt>
    <trkpt lat="47.244219" lon="11.443385"><ele>831.25</ele></trkpt>
    <trkpt lat="47.244046" lon="11.44345"><ele>834.25</ele></trkpt>
    <trkpt lat="47.244007" lon="11.443386"><ele>834.25</ele></trkpt>
    <trkpt lat="47.24399" lon="11.443337"><ele>834.0</ele></trkpt>
    <trkpt lat="47.243985" lon="11.44328"><ele>834.75</ele></trkpt>
    <trkpt lat="47.243985" lon="11.443152"><ele>836.0</ele></trkpt>
    <trkpt lat="47.244017" lon="11.442745"><ele>836.75</ele></trkpt>
    <trkpt lat="47.244022" lon="11.442607"><ele>838.0</ele></trkpt>
    <trkpt lat="47.244014" lon="11.442419"><ele>839.0</ele></trkpt>
    <trkpt lat="47.244017" lon="11.442141"><ele>839.25</ele></trkpt>
    <trkpt lat="47.244013" lon="11.442042"><ele>839.75</ele></trkpt>
    <trkpt lat="47.243999" lon="11.441918"><ele>840.25</ele></trkpt>
    <trkpt lat="47.243972" lon="11.441793"><ele>840.25</ele></trkpt>
    <trkpt lat="47.243947" lon="11.441735"><ele>840.5</ele></trkpt>
    <trkpt lat="47.243902" lon="11.441671"><ele>840.75</ele></trkpt>
    <trkpt lat="47.243848" lon="11.44162"><ele>841.5</ele></trkpt>
    <trkpt lat="47.243781" lon="11.441568"><ele>842.25</ele></trkpt>
    <trkpt lat="47.243708" lon="11.441534"><ele>843.25</ele></trkpt>
    <trkpt lat="47.243622" lon="11.441469"><ele>844.0</ele></trkpt>
    <trkpt lat="47.243405" lon="11.441203"><ele>845.75</ele></trkpt>
    <trkpt lat="47.243373" lon="11.441161"><ele>845.75</ele></trkpt>
    <trkpt lat="47.243144" lon="11.440862"><ele>848.5</ele></trkpt>
    <trkpt lat="47.243056" lon="11.440744"><ele>848.75</ele></trkpt>
    <trkpt lat="47.242918" lon="11.44052"><ele>849.75</ele></trkpt>
    <trkpt lat="47.242858" lon="11.440406"><ele>850.0</ele></trkpt>
    <trkpt lat="47.242738" lon="11.440107"><ele>851.0</ele></trkpt>
    <trkpt lat="47.242455" lon="11.439346"><ele>854.25</ele></trkpt>
    <trkpt lat="47.242212" lon="11.438765"><ele>857.0</ele></trkpt>
    <trkpt lat="47.242085" lon="11.438494"><ele>857.5</ele></trkpt>
    <trkpt lat="47.241899" lon="11.438243"><ele>858.5</ele></trkpt>
    <trkpt lat="47.241293" lon="11.43757"><ele>859.5</ele></trkpt>
    <trkpt lat="47.241084" lon="11.43737"><ele>858.5</ele></trkpt>
    <trkpt lat="47.240827" lon="11.437031"><ele>858.25</ele></trkpt>
    <trkpt lat="47.24067" lon="11.436642"><ele>859.0</ele></trkpt>
    <trkpt lat="47.24066" lon="11.436616"><ele>859.0</ele></trkpt>
    <trkpt lat="47.240608" lon="11.436489"><ele>859.5</ele></trkpt>
    <trkpt lat="47.240502" lon="11.43605"><ele>860.5</ele></trkpt>
    <trkpt lat="47.240397" lon="11.435558"><ele>860.0</ele></trkpt>
    <trkpt lat="47.240405" lon="11.435387"><ele>859.75</ele></trkpt>
    <trkpt lat="47.240322" lon="11.435299"><ele>859.75</ele></trkpt>
    <trkpt lat="47.240268" lon="11.435235"><ele>859.75</ele></trkpt>
    <trkpt lat="47.240216" lon="11.435176"><ele>859.75</ele></trkpt>
    <trkpt lat="47.240098" lon="11.435066"><ele>860.0</ele></trkpt>
    <trkpt lat="47.240025" lon="11.435006"><ele>859.75</ele></trkpt>
    <trkpt lat="47.239909" lon="11.434927"><ele>860.25</ele></trkpt>
    <trkpt lat="47.239554" lon="11.434703"><ele>861.0</ele></trkpt>
    <trkpt lat="47.239437" lon="11.434612"><ele>862.0</ele></trkpt>
    <trkpt lat="47.239381" lon="11.434571"><ele>862.25</ele></trkpt>
    <trkpt lat="47.239333" lon="11.434527"><ele>862.25</ele></trkpt>
    <trkpt lat="47.239186" lon="11.43439"><ele>862.0</ele></trkpt>
    <trkpt lat="47.239159" lon="11.434364"><ele>862.25</ele></trkpt>
    <trkpt lat="47.238932" lon="11.434153"><ele>863.0</ele></trkpt>
    <trkpt lat="47.238428" lon="11.433683"><ele>868.0</ele></trkpt>
    <trkpt lat="47.238472" lon="11.433543"><ele>867.75</ele></trkpt>
    <trkpt lat="47.238491" lon="11.433424"><ele>867.5</ele></trkpt>
    <trkpt lat="47.2385" lon="11.433258"><ele>867.25</ele></trkpt>
    <trkpt lat="47.2385" lon="11.433162"><ele>867.25</ele></trkpt>
    <trkpt lat="47.238473" lon="11.432909"><ele>867.25</ele></trkpt>
    <trkpt lat="47.238462" lon="11.4328"><ele>867.5</ele></trkpt>
    <trkpt lat="47.23843" lon="11.432813"><ele>867.5</ele></trkpt>
    <trkpt lat="47.238274" lon="11.432896"><ele>868.25</ele></trkpt>
    <trkpt lat="47.238231" lon="11.432927"><ele>868.5</ele></trkpt>
    <trkpt lat="47.237825" lon="11.43322"><ele>872.5</ele></trkpt>
    <trkpt lat="47.237605" lon="11.43337"><ele>875.0</ele></trkpt>
    <trkpt lat="47.237562" lon="11.433395"><ele>875.5</ele></trkpt>
    <trkpt lat="47.237488" lon="11.433416"><ele>876.25</ele></trkpt>
    <trkpt lat="47.237382" lon="11.433423"><ele>877.5</ele></trkpt>
    <trkpt lat="47.237259" lon="11.433418"><ele>878.75</ele></trkpt>
    <trkpt lat="47.237216" lon="11.433409"><ele>879.25</ele></trkpt>
    <trkpt lat="47.237154" lon="11.433377"><ele>879.75</ele></trkpt>
    <trkpt lat="47.237036" lon="11.433272"><ele>881.5</ele></trkpt>
    <trkpt lat="47.236891" lon="11.43312"><ele>884.25</ele></trkpt>
    <trkpt lat="47.236697" lon="11.432933"><ele>886.75</ele></trkpt>
    <trkpt lat="47.236599" lon="11.432869"><ele>887.75</ele></trkpt>
    <trkpt lat="47.236515" lon="11.43283"><ele>888.5</ele></trkpt>
    <trkpt lat="47.23643" lon="11.432803"><ele>889.0</ele></trkpt>
    <trkpt lat="47.235917" lon="11.432684"><ele>894.0</ele></trkpt>
    <trkpt lat="47.235717" lon="11.43263"><ele>895.5</ele></trkpt>
    <trkpt lat="47.235507" lon="11.432566"><ele>896.75</ele></trkpt>
    <trkpt lat="47.23521" lon="11.432467"><ele>899.5</ele></trkpt>
    <trkpt lat="47.235013" lon="11.432391"><ele>901.25</ele></trkpt>
    <trkpt lat="47.23476" lon="11.432293"><ele>903.75</ele></trkpt>
    <trkpt lat="47.233717" lon="11.431783"><ele>913.25</ele></trkpt>
    <trkpt lat="47.233398" lon="11.431656"><ele>915.5</ele></trkpt>
    <trkpt lat="47.23323" lon="11.431608"><ele>916.75</ele></trkpt>
    <trkpt lat="47.233003" lon="11.431545"><ele>918.75</ele></trkpt>
    <trkpt lat="47.232825" lon="11.431491"><ele>920.0</ele></trkpt>
    <trkpt lat="47.232567" lon="11.431384"><ele>921.5</ele></trkpt>
    <trkpt lat="47.232448" lon="11.431316"><ele>924.25</ele></trkpt>
    <trkpt lat="47.232348" lon="11.431246"><ele>925.75</ele></trkpt>
    <trkpt lat="47.232157" lon="11.431075"><ele>925.5</ele></trkpt>
    <trkpt lat="47.231903" lon="11.430814"><ele>926.5</ele></trkpt>
    <trkpt lat="47.231645" lon="11.430566"><ele>927.0</ele></trkpt>
    <trkpt lat="47.231475" lon="11.430447"><ele>927.5</ele></trkpt>
    <trkpt lat="47.231283" lon="11.430347"><ele>927.5</ele></trkpt>
    <trkpt lat="47.230971" lon="11.430231"><ele>928.25</ele></trkpt>
    <trkpt lat="47.230472" lon="11.430073"><ele>930.25</ele></trkpt>
    <trkpt lat="47.23" lon="11.42993"><ele>932.0</ele></trkpt>
    <trkpt lat="47.229407" lon="11.429779"><ele>936.5</ele></trkpt>
    <trkpt lat="47.229372" lon="11.42977"><ele>937.0</ele></trkpt>
    <trkpt lat="47.229085" lon="11.429709"><ele>941.0</ele></trkpt>
    <trkpt lat="47.228879" lon="11.429695"><ele>943.75</ele></trkpt>
    <trkpt lat="47.22877" lon="11.429698"><ele>944.5</ele></trkpt>
    <trkpt lat="47.228658" lon="11.429716"><ele>945.5</ele></trkpt>
    <trkpt lat="47.228486" lon="11.429765"><ele>948.0</ele></trkpt>
    <trkpt lat="47.228331" lon="11.429824"><ele>949.75</ele></trkpt>
    <trkpt lat="47.227827" lon="11.430053"><ele>952.75</ele></trkpt>
    <trkpt lat="47.227745" lon="11.430084"><ele>953.5</ele></trkpt>
    <trkpt lat="47.227543" lon="11.430154"><ele>955.0</ele></trkpt>
    <trkpt lat="47.227285" lon="11.430209"><ele>956.75</ele></trkpt>
    <trkpt lat="47.227103" lon="11.430227"><ele>958.0</ele></trkpt>
    <trkpt lat="47.22699" lon="11.430224"><ele>959.0</ele></trkpt>
    <trkpt lat="47.226723" lon="11.430193"><ele>961.25</ele></trkpt>
    <trkpt lat="47.226464" lon="11.430132"><ele>962.75</ele></trkpt>
    <trkpt lat="47.226415" lon="11.430116"><ele>963.0</ele></trkpt>
    <trkpt lat="47.226202" lon="11.430047"><ele>964.5</ele></trkpt>
    <trkpt lat="47.225837" lon="11.429901"><ele>967.5</ele></trkpt>
    <trkpt lat="47.225568" lon="11.42977"><ele>968.0</ele></trkpt>
    <trkpt lat="47.225366" lon="11.429656"><ele>969.0</ele></trkpt>
    <trkpt lat="47.225226" lon="11.429572"><ele>969.5</ele></trkpt>
    <trkpt lat="47.225082" lon="11.429473"><ele>969.75</ele></trkpt>
    <trkpt lat="47.224973" lon="11.429403"><ele>970.0</ele></trkpt>
    <trkpt lat="47.224901" lon="11.429345"><ele>970.5</ele></trkpt>
    <trkpt lat="47.224677" lon="11.429165"><ele>972.0</ele></trkpt>
    <trkpt lat="47.22432" lon="11.428849"><ele>975.0</ele></trkpt>
    <trkpt lat="47.224049" lon="11.428575"><ele>978.25</ele></trkpt>
    <trkpt lat="47.223791" lon="11.428271"><ele>981.75</ele></trkpt>
    <trkpt lat="47.223577" lon="11.428"><ele>984.0</ele></trkpt>
    <trkpt lat="47.223329" lon="11.427641"><ele>987.0</ele></trkpt>
    <trkpt lat="47.22305" lon="11.42719"><ele>990.0</ele></trkpt>
    <trkpt lat="47.222986" lon="11.427086"><ele>991.5</ele></trkpt>
    <trkpt lat="47.222822" lon="11.426793"><ele>993.75</ele></trkpt>
    <trkpt lat="47.22269" lon="11.426522"><ele>994.75</ele></trkpt>
    <trkpt lat="47.222465" lon="11.425992"><ele>997.5</ele></trkpt>
    <trkpt lat="47.222269" lon="11.425387"><ele>999.0</ele></trkpt>
    <trkpt lat="47.222113" lon="11.424896"><ele>1000.75</ele></trkpt>
    <trkpt lat="47.222089" lon="11.42482"><ele>1001.25</ele></trkpt>
    <trkpt lat="47.222051" lon="11.4247"><ele>1001.75</ele></trkpt>
    <trkpt lat="47.221789" lon="11.423923"><ele>1003.5</ele></trkpt>
    <trkpt lat="47.221483" lon="11.42324"><ele>1006.0</ele></trkpt>
    <trkpt lat="47.221156" lon="11.422743"><ele>1007.5</ele></trkpt>
    <trkpt lat="47.22068" lon="11.422157"><ele>1010.25</ele></trkpt>
    <trkpt lat="47.21982" lon="11.421573"><ele>1013.75</ele></trkpt>
    <trkpt lat="47.218773" lon="11.421121"><ele>1018.25</ele></trkpt>
    <trkpt lat="47.217638" lon="11.420917"><ele>1023.0</ele></trkpt>
    <trkpt lat="47.217409" lon="11.420867"><ele>1023.5</ele></trkpt>
    <trkpt lat="47.217088" lon="11.420748"><ele>1024.5</ele></trkpt>
    <trkpt lat="47.216625" lon="11.420518"><ele>1024.5</ele></trkpt>
    <trkpt lat="47.215899" lon="11.420337"><ele>1023.75</ele></trkpt>
    <trkpt lat="47.215575" lon="11.420141"><ele>1022.75</ele></trkpt>
    <trkpt lat="47.215287" lon="11.419858"><ele>1021.25</ele></trkpt>
    <trkpt lat="47.215122" lon="11.419639"><ele>1021.25</ele></trkpt>
    <trkpt lat="47.21494" lon="11.419395"><ele>1020.25</ele></trkpt>
    <trkpt lat="47.214506" lon="11.418889"><ele>1018.5</ele></trkpt>
    <trkpt lat="47.213383" lon="11.418187"><ele>1019.0</ele></trkpt>
    <trkpt lat="47.213057" lon="11.417894"><ele>1019.0</ele></trkpt>
    <trkpt lat="47.212882" lon="11.417704"><ele>1018.0</ele></trkpt>
    <trkpt lat="47.212412" lon="11.417065"><ele>1016.5</ele></trkpt>
    <trkpt lat="47.21228" lon="11.416903"><ele>1015.5</ele></trkpt>
    <trkpt lat="47.212031" lon="11.416642"><ele>1014.75</ele></trkpt>
    <trkpt lat="47.211589" lon="11.416408"><ele>1013.5</ele></trkpt>
    <trkpt lat="47.211271" lon="11.416325"><ele>1012.25</ele></trkpt>
    <trkpt lat="47.210951" lon="11.416258"><ele>1012.75</ele></trkpt>
    <trkpt lat="47.21072" lon="11.416172"><ele>1011.75</ele></trkpt>
    <trkpt lat="47.21048" lon="11.416023"><ele>1010.5</ele></trkpt>
    <trkpt lat="47.210373" lon="11.415944"><ele>1010.25</ele></trkpt>
    <trkpt lat="47.210152" lon="11.415883"><ele>1010.5</ele></trkpt>
    <trkpt lat="47.21008" lon="11.415881"><ele>1010.5</ele></trkpt>
    <trkpt lat="47.209891" lon="11.4159"><ele>1010.75</ele></trkpt>
    <trkpt lat="47.209762" lon="11.415901"><ele>1010.5</ele></trkpt>
    <trkpt lat="47.209665" lon="11.415875"><ele>1010.5</ele></trkpt>
    <trkpt lat="47.209545" lon="11.415814"><ele>1010.25</ele></trkpt>
    <trkpt lat="47.209371" lon="11.41566"><ele>1010.25</ele></trkpt>
    <trkpt lat="47.209214" lon="11.415482"><ele>1010.0</ele></trkpt>
    <trkpt lat="47.209072" lon="11.41536"><ele>1010.0</ele></trkpt>
    <trkpt lat="47.208852" lon="11.41525"><ele>1010.0</ele></trkpt>
    <trkpt lat="47.208617" lon="11.415164"><ele>1010.25</ele></trkpt>
    <trkpt lat="47.208463" lon="11.415133"><ele>1009.75</ele></trkpt>
    <trkpt lat="47.208417" lon="11.415126"><ele>1009.75</ele></trkpt>
    <trkpt lat="47.208232" lon="11.415125"><ele>1009.75</ele></trkpt>
    <trkpt lat="47.207933" lon="11.415166"><ele>1010.25</ele></trkpt>
    <trkpt lat="47.207843" lon="11.415194"><ele>1010.75</ele></trkpt>
    <trkpt lat="47.207505" lon="11.4153"><ele>1011.25</ele></trkpt>
    <trkpt lat="47.206812" lon="11.41561"><ele>1011.25</ele></trkpt>
    <trkpt lat="47.206563" lon="11.415662"><ele>1011.5</ele></trkpt>
    <trkpt lat="47.206259" lon="11.41563"><ele>1011.25</ele></trkpt>
    <trkpt lat="47.20605" lon="11.415659"><ele>1012.0</ele></trkpt>
    <trkpt lat="47.205931" lon="11.415698"><ele>1012.75</ele></trkpt>
    <trkpt lat="47.205867" lon="11.415719"><ele>1013.25</ele></trkpt>
    <trkpt lat="47.205855" lon="11.415684"><ele>1012.75</ele></trkpt>
    <trkpt lat="47.205847" lon="11.415671"><ele>1012.5</ele></trkpt>
    <trkpt lat="47.205825" lon="11.415659"><ele>1012.25</ele></trkpt>
    <trkpt lat="47.205691" lon="11.415638"><ele>1011.0</ele></trkpt>
    <trkpt lat="47.20562" lon="11.415587"><ele>1009.75</ele></trkpt>
    <trkpt lat="47.205577" lon="11.415551"><ele>1009.0</ele></trkpt>
    <trkpt lat="47.20547" lon="11.41542"><ele>1007.5</ele></trkpt>
    <trkpt lat="47.205439" lon="11.415383"><ele>1007.0</ele></trkpt>
    <trkpt lat="47.205409" lon="11.41536"><ele>1006.75</ele></trkpt>
    <trkpt lat="47.205332" lon="11.415318"><ele>1005.75</ele></trkpt>
    <trkpt lat="47.2051" lon="11.415202"><ele>1004.0</ele></trkpt>
    <trkpt lat="47.205044" lon="11.415102"><ele>1002.5</ele></trkpt>
    <trkpt lat="47.205019" lon="11.415034"><ele>1001.5</ele></trkpt>
    <trkpt lat="47.205009" lon="11.414994"><ele>1000.5</ele></trkpt>
    <trkpt lat="47.205019" lon="11.415034"><ele>1001.5</ele></trkpt>
    <trkpt lat="47.205044" lon="11.415102"><ele>1002.5</ele></trkpt>
    <trkpt lat="47.2051" lon="11.415202"><ele>1004.0</ele></trkpt>
    <trkpt lat="47.205332" lon="11.415318"><ele>1005.75</ele></trkpt>
    <trkpt lat="47.205409" lon="11.41536"><ele>1006.75</ele></trkpt>
    <trkpt lat="47.205439" lon="11.415383"><ele>1007.0</ele></trkpt>
    <trkpt lat="47.20547" lon="11.41542"><ele>1007.5</ele></trkpt>
    <trkpt lat="47.205577" lon="11.415551"><ele>1009.0</ele></trkpt>
    <trkpt lat="47.20562" lon="11.415587"><ele>1009.75</ele></trkpt>
    <trkpt lat="47.205691" lon="11.415638"><ele>1011.0</ele></trkpt>
    <trkpt lat="47.205825" lon="11.415659"><ele>1012.25</ele></trkpt>
    <trkpt lat="47.205847" lon="11.415671"><ele>1012.5</ele></trkpt>
    <trkpt lat="47.205855" lon="11.415684"><ele>1012.75</ele></trkpt>
    <trkpt lat="47.205867" lon="11.415719"><ele>1013.25</ele></trkpt>
    <trkpt lat="47.205502" lon="11.415895"><ele>1013.5</ele></trkpt>
    <trkpt lat="47.205253" lon="11.416081"><ele>1014.5</ele></trkpt>
    <trkpt lat="47.204942" lon="11.416368"><ele>1016.75</ele></trkpt>
    <trkpt lat="47.204624" lon="11.416648"><ele>1017.0</ele></trkpt>
    <trkpt lat="47.204423" lon="11.416896"><ele>1017.5</ele></trkpt>
    <trkpt lat="47.204237" lon="11.417115"><ele>1018.25</ele></trkpt>
    <trkpt lat="47.204204" lon="11.417141"><ele>1018.0</ele></trkpt>
    <trkpt lat="47.204191" lon="11.41715"><ele>1018.0</ele></trkpt>
    <trkpt lat="47.20401" lon="11.41728"><ele>1018.75</ele></trkpt>
    <trkpt lat="47.203859" lon="11.417359"><ele>1019.25</ele></trkpt>
    <trkpt lat="47.203112" lon="11.417737"><ele>1021.0</ele></trkpt>
    <trkpt lat="47.202678" lon="11.417973"><ele>1023.25</ele></trkpt>
    <trkpt lat="47.202469" lon="11.418086"><ele>1023.5</ele></trkpt>
    <trkpt lat="47.202028" lon="11.418353"><ele>1026.0</ele></trkpt>
    <trkpt lat="47.201718" lon="11.418545"><ele>1027.5</ele></trkpt>
    <trkpt lat="47.201427" lon="11.418762"><ele>1030.0</ele></trkpt>
    <trkpt lat="47.201265" lon="11.418887"><ele>1031.25</ele></trkpt>
    <trkpt lat="47.201104" lon="11.419012"><ele>1032.75</ele></trkpt>
    <trkpt lat="47.200721" lon="11.419369"><ele>1037.0</ele></trkpt>
    <trkpt lat="47.200018" lon="11.420096"><ele>1044.75</ele></trkpt>
    <trkpt lat="47.199632" lon="11.420498"><ele>1049.75</ele></trkpt>
    <trkpt lat="47.199561" lon="11.420583"><ele>1050.75</ele></trkpt>
    <trkpt lat="47.199267" lon="11.421003"><ele>1054.5</ele></trkpt>
    <trkpt lat="47.19912" lon="11.421231"><ele>1056.25</ele></trkpt>
    <trkpt lat="47.198967" lon="11.421486"><ele>1057.5</ele></trkpt>
    <trkpt lat="47.198894" lon="11.421657"><ele>1056.0</ele></trkpt>
    <trkpt lat="47.198885" lon="11.421684"><ele>1056.0</ele></trkpt>
    <trkpt lat="47.198841" lon="11.421845"><ele>1056.0</ele></trkpt>
    <trkpt lat="47.198817" lon="11.422031"><ele>1056.25</ele></trkpt>
    <trkpt lat="47.198798" lon="11.422274"><ele>1057.5</ele></trkpt>
    <trkpt lat="47.198771" lon="11.422447"><ele>1058.0</ele></trkpt>
    <trkpt lat="47.198518" lon="11.423476"><ele>1062.0</ele></trkpt>
    <trkpt lat="47.198369" lon="11.424056"><ele>1065.5</ele></trkpt>
    <trkpt lat="47.198305" lon="11.424233"><ele>1064.5</ele></trkpt>
    <trkpt lat="47.198259" lon="11.424374"><ele>1065.25</ele></trkpt>
    <trkpt lat="47.198234" lon="11.424485"><ele>1066.25</ele></trkpt>
    <trkpt lat="47.198226" lon="11.424567"><ele>1066.75</ele></trkpt>
    <trkpt lat="47.198227" lon="11.424683"><ele>1067.75</ele></trkpt>
    <trkpt lat="47.198242" lon="11.424789"><ele>1067.25</ele></trkpt>
    <trkpt lat="47.198264" lon="11.424874"><ele>1066.5</ele></trkpt>
    <trkpt lat="47.198297" lon="11.424974"><ele>1066.25</ele></trkpt>
    <trkpt lat="47.19839" lon="11.425182"><ele>1067.5</ele></trkpt>
    <trkpt lat="47.198404" lon="11.425267"><ele>1066.0</ele></trkpt>
    <trkpt lat="47.198402" lon="11.425303"><ele>1066.0</ele></trkpt>
    <trkpt lat="47.19839" lon="11.42535"><ele>1066.25</ele></trkpt>
    <trkpt lat="47.198374" lon="11.425375"><ele>1066.25</ele></trkpt>
    <trkpt lat="47.198338" lon="11.425402"><ele>1066.0</ele></trkpt>
    <trkpt lat="47.198309" lon="11.425409"><ele>1066.25</ele></trkpt>
    <trkpt lat="47.198276" lon="11.425402"><ele>1066.25</ele></trkpt>
    <trkpt lat="47.198213" lon="11.425374"><ele>1065.5</ele></trkpt>
    <trkpt lat="47.198061" lon="11.425283"><ele>1061.25</ele></trkpt>
    <trkpt lat="47.197981" lon="11.425253"><ele>1060.5</ele></trkpt>
    <trkpt lat="47.19779" lon="11.425212"><ele>1058.75</ele></trkpt>
    <trkpt lat="47.197499" lon="11.425168"><ele>1057.75</ele></trkpt>
    <trkpt lat="47.197323" lon="11.425108"><ele>1059.25</ele></trkpt>
    <trkpt lat="47.197252" lon="11.425065"><ele>1059.0</ele></trkpt>
    <trkpt lat="47.197184" lon="11.425004"><ele>1060.0</ele></trkpt>
    <trkpt lat="47.197097" lon="11.424896"><ele>1061.5</ele></trkpt>
    <trkpt lat="47.197061" lon="11.424828"><ele>1060.75</ele></trkpt>
    <trkpt lat="47.196987" lon="11.424655"><ele>1058.75</ele></trkpt>
    <trkpt lat="47.196926" lon="11.424433"><ele>1057.75</ele></trkpt>
    <trkpt lat="47.196827" lon="11.423991"><ele>1056.5</ele></trkpt>
    <trkpt lat="47.196788" lon="11.423879"><ele>1056.0</ele></trkpt>
    <trkpt lat="47.196745" lon="11.423796"><ele>1055.25</ele></trkpt>
    <trkpt lat="47.196515" lon="11.423564"><ele>1053.0</ele></trkpt>
    <trkpt lat="47.19642" lon="11.423485"><ele>1051.75</ele></trkpt>
    <trkpt lat="47.196249" lon="11.42342"><ele>1051.75</ele></trkpt>
    <trkpt lat="47.195971" lon="11.423356"><ele>1051.5</ele></trkpt>
    <trkpt lat="47.195891" lon="11.423359"><ele>1051.75</ele></trkpt>
    <trkpt lat="47.195811" lon="11.423384"><ele>1052.0</ele></trkpt>
    <trkpt lat="47.195432" lon="11.423619"><ele>1047.25</ele></trkpt>
    <trkpt lat="47.195372" lon="11.423664"><ele>1047.0</ele></trkpt>
    <trkpt lat="47.19516" lon="11.423868"><ele>1046.5</ele></trkpt>
    <trkpt lat="47.195062" lon="11.423979"><ele>1046.25</ele></trkpt>
    <trkpt lat="47.194988" lon="11.424086"><ele>1046.0</ele></trkpt>
    <trkpt lat="47.194956" lon="11.424144"><ele>1046.25</ele></trkpt>
    <trkpt lat="47.194895" lon="11.42429"><ele>1047.25</ele></trkpt>
    <trkpt lat="47.194869" lon="11.424372"><ele>1047.5</ele></trkpt>
    <trkpt lat="47.19484" lon="11.4245"><ele>1047.5</ele></trkpt>
    <trkpt lat="47.194782" lon="11.424865"><ele>1047.25</ele></trkpt>
    <trkpt lat="47.194765" lon="11.424928"><ele>1047.25</ele></trkpt>
    <trkpt lat="47.194726" lon="11.425014"><ele>1046.5</ele></trkpt>
    <trkpt lat="47.194675" lon="11.425077"><ele>1047.0</ele></trkpt>
    <trkpt lat="47.194626" lon="11.425121"><ele>1047.75</ele></trkpt>
    <trkpt lat="47.194537" lon="11.425155"><ele>1048.0</ele></trkpt>
    <trkpt lat="47.194504" lon="11.425158"><ele>1048.0</ele></trkpt>
    <trkpt lat="47.19438" lon="11.425142"><ele>1048.0</ele></trkpt>
    <trkpt lat="47.194144" lon="11.425083"><ele>1049.25</ele></trkpt>
    <trkpt lat="47.194088" lon="11.425091"><ele>1049.0</ele></trkpt>
    <trkpt lat="47.194043" lon="11.425116"><ele>1049.25</ele></trkpt>
    <trkpt lat="47.194012" lon="11.425154"><ele>1049.75</ele></trkpt>
    <trkpt lat="47.193985" lon="11.425203"><ele>1050.5</ele></trkpt>
    <trkpt lat="47.193937" lon="11.425335"><ele>1051.0</ele></trkpt>
    <trkpt lat="47.19385" lon="11.425769"><ele>1047.5</ele></trkpt>
    <trkpt lat="47.193812" lon="11.425921"><ele>1047.25</ele></trkpt>
    <trkpt lat="47.193784" lon="11.425996"><ele>1047.25</ele></trkpt>
    <trkpt lat="47.193732" lon="11.426082"><ele>1046.75</ele></trkpt>
    <trkpt lat="47.193659" lon="11.426153"><ele>1046.75</ele></trkpt>
    <trkpt lat="47.193582" lon="11.426203"><ele>1047.0</ele></trkpt>
    <trkpt lat="47.19352" lon="11.426232"><ele>1047.5</ele></trkpt>
    <trkpt lat="47.193476" lon="11.426249"><ele>1047.75</ele></trkpt>
    <trkpt lat="47.193397" lon="11.426264"><ele>1047.75</ele></trkpt>
    <trkpt lat="47.193246" lon="11.426267"><ele>1048.25</ele></trkpt>
    <trkpt lat="47.193106" lon="11.426286"><ele>1050.0</ele></trkpt>
    <trkpt lat="47.193065" lon="11.426301"><ele>1051.0</ele></trkpt>
    <trkpt lat="47.192884" lon="11.426413"><ele>1052.0</ele></trkpt>
    <trkpt lat="47.19272" lon="11.426563"><ele>1053.25</ele></trkpt>
    <trkpt lat="47.192436" lon="11.426952"><ele>1049.0</ele></trkpt>
    <trkpt lat="47.192322" lon="11.427063"><ele>1049.0</ele></trkpt>
    <trkpt lat="47.19227" lon="11.427098"><ele>1048.25</ele></trkpt>
    <trkpt lat="47.192179" lon="11.427143"><ele>1047.0</ele></trkpt>
    <trkpt lat="47.191586" lon="11.427323"><ele>1045.0</ele></trkpt>
    <trkpt lat="47.191286" lon="11.427384"><ele>1044.5</ele></trkpt>
    <trkpt lat="47.190994" lon="11.427473"><ele>1044.0</ele></trkpt>
    <trkpt lat="47.190688" lon="11.427599"><ele>1043.75</ele></trkpt>
    <trkpt lat="47.190258" lon="11.427713"><ele>1041.75</ele></trkpt>
    <trkpt lat="47.190128" lon="11.427775"><ele>1039.5</ele></trkpt>
    <trkpt lat="47.190019" lon="11.427845"><ele>1038.5</ele></trkpt>
    <trkpt lat="47.189918" lon="11.427919"><ele>1038.25</ele></trkpt>
    <trkpt lat="47.189764" lon="11.428051"><ele>1038.5</ele></trkpt>
    <trkpt lat="47.189689" lon="11.428122"><ele>1038.0</ele></trkpt>
    <trkpt lat="47.18962" lon="11.428181"><ele>1037.5</ele></trkpt>
    <trkpt lat="47.189499" lon="11.428262"><ele>1037.75</ele></trkpt>
    <trkpt lat="47.189218" lon="11.428402"><ele>1039.75</ele></trkpt>
    <trkpt lat="47.188961" lon="11.428566"><ele>1041.5</ele></trkpt>
    <trkpt lat="47.188625" lon="11.428746"><ele>1047.25</ele></trkpt>
    <trkpt lat="47.188346" lon="11.428911"><ele>1048.75</ele></trkpt>
    <trkpt lat="47.188275" lon="11.428938"><ele>1050.25</ele></trkpt>
    <trkpt lat="47.188157" lon="11.428964"><ele>1051.75</ele></trkpt>
    <trkpt lat="47.187959" lon="11.428957"><ele>1054.0</ele></trkpt>
    <trkpt lat="47.187891" lon="11.428943"><ele>1054.75</ele></trkpt>
    <trkpt lat="47.187635" lon="11.428861"><ele>1056.5</ele></trkpt>
    <trkpt lat="47.187463" lon="11.428837"><ele>1059.5</ele></trkpt>
    <trkpt lat="47.187333" lon="11.428852"><ele>1062.5</ele></trkpt>
    <trkpt lat="47.187208" lon="11.428884"><ele>1065.0</ele></trkpt>
    <trkpt lat="47.187091" lon="11.428933"><ele>1067.25</ele></trkpt>
    <trkpt lat="47.186879" lon="11.429047"><ele>1069.25</ele></trkpt>
    <trkpt lat="47.186639" lon="11.42922"><ele>1068.75</ele></trkpt>
    <trkpt lat="47.18647" lon="11.429341"><ele>1070.0</ele></trkpt>
    <trkpt lat="47.186289" lon="11.429473"><ele>1069.75</ele></trkpt>
    <trkpt lat="47.186138" lon="11.429602"><ele>1070.25</ele></trkpt>
    <trkpt lat="47.186068" lon="11.429684"><ele>1070.25</ele></trkpt>
    <trkpt lat="47.185902" lon="11.429945"><ele>1071.0</ele></trkpt>
    <trkpt lat="47.185874" lon="11.429998"><ele>1071.25</ele></trkpt>
    <trkpt lat="47.185743" lon="11.430338"><ele>1070.5</ele></trkpt>
    <trkpt lat="47.185656" lon="11.430544"><ele>1068.0</ele></trkpt>
    <trkpt lat="47.185603" lon="11.430639"><ele>1068.5</ele></trkpt>
    <trkpt lat="47.185557" lon="11.430704"><ele>1069.0</ele></trkpt>
    <trkpt lat="47.185431" lon="11.430852"><ele>1067.5</ele></trkpt>
    <trkpt lat="47.185355" lon="11.430922"><ele>1066.5</ele></trkpt>
    <trkpt lat="47.185258" lon="11.431027"><ele>1066.0</ele></trkpt>
    <trkpt lat="47.185158" lon="11.431142"><ele>1064.5</ele></trkpt>
    <trkpt lat="47.185071" lon="11.43127"><ele>1063.25</ele></trkpt>
    <trkpt lat="47.185025" lon="11.431378"><ele>1063.75</ele></trkpt>
    <trkpt lat="47.185017" lon="11.431434"><ele>1063.25</ele></trkpt>
    <trkpt lat="47.185018" lon="11.431494"><ele>1063.0</ele></trkpt>
    <trkpt lat="47.185028" lon="11.43155"><ele>1063.0</ele></trkpt>
    <trkpt lat="47.185096" lon="11.431771"><ele>1062.5</ele></trkpt>
    <trkpt lat="47.185151" lon="11.431953"><ele>1060.0</ele></trkpt>
    <trkpt lat="47.185299" lon="11.432435"><ele>1056.75</ele></trkpt>
    <trkpt lat="47.185435" lon="11.432862"><ele>1052.75</ele></trkpt>
    <trkpt lat="47.185572" lon="11.433278"><ele>1049.0</ele></trkpt>
    <trkpt lat="47.185651" lon="11.433625"><ele>1047.0</ele></trkpt>
    <trkpt lat="47.185681" lon="11.433861"><ele>1046.0</ele></trkpt>
    <trkpt lat="47.185694" lon="11.434097"><ele>1044.75</ele></trkpt>
    <trkpt lat="47.185676" lon="11.434579"><ele>1039.25</ele></trkpt>
    <trkpt lat="47.18576" lon="11.435507"><ele>1039.75</ele></trkpt>
    <trkpt lat="47.185803" lon="11.435861"><ele>1038.5</ele></trkpt>
    <trkpt lat="47.185765" lon="11.436385"><ele>1036.75</ele></trkpt>
    <trkpt lat="47.185761" lon="11.436528"><ele>1036.5</ele></trkpt>
    <trkpt lat="47.1858" lon="11.436979"><ele>1038.5</ele></trkpt>
    <trkpt lat="47.185794" lon="11.437094"><ele>1038.25</ele></trkpt>
    <trkpt lat="47.185781" lon="11.437138"><ele>1038.75</ele></trkpt>
    <trkpt lat="47.18576" lon="11.437183"><ele>1039.25</ele></trkpt>
    <trkpt lat="47.185712" lon="11.437236"><ele>1040.25</ele></trkpt>
    <trkpt lat="47.185662" lon="11.437263"><ele>1040.5</ele></trkpt>
    <trkpt lat="47.185615" lon="11.437267"><ele>1041.0</ele></trkpt>
    <trkpt lat="47.185568" lon="11.43725"><ele>1041.25</ele></trkpt>
    <trkpt lat="47.185462" lon="11.437183"><ele>1042.75</ele></trkpt>
    <trkpt lat="47.185412" lon="11.437161"><ele>1044.0</ele></trkpt>
    <trkpt lat="47.185377" lon="11.43715"><ele>1044.75</ele></trkpt>
    <trkpt lat="47.185244" lon="11.437121"><ele>1047.5</ele></trkpt>
    <trkpt lat="47.185082" lon="11.437125"><ele>1048.25</ele></trkpt>
    <trkpt lat="47.185071" lon="11.437125"><ele>1048.25</ele></trkpt>
    <trkpt lat="47.185051" lon="11.437126"><ele>1048.25</ele></trkpt>
    <trkpt lat="47.184894" lon="11.437112"><ele>1049.25</ele></trkpt>
    <trkpt lat="47.184845" lon="11.437101"><ele>1049.75</ele></trkpt>
    <trkpt lat="47.184781" lon="11.437073"><ele>1049.75</ele></trkpt>
    <trkpt lat="47.184732" lon="11.437033"><ele>1049.75</ele></trkpt>
    <trkpt lat="47.184685" lon="11.436973"><ele>1050.5</ele></trkpt>
    <trkpt lat="47.184658" lon="11.436924"><ele>1051.0</ele></trkpt>
    <trkpt lat="47.184585" lon="11.436755"><ele>1050.75</ele></trkpt>
    <trkpt lat="47.184246" lon="11.435856"><ele>1048.25</ele></trkpt>
    <trkpt lat="47.183933" lon="11.434919"><ele>1051.5</ele></trkpt>
    <trkpt lat="47.18381" lon="11.434719"><ele>1054.25</ele></trkpt>
    <trkpt lat="47.183713" lon="11.434644"><ele>1054.5</ele></trkpt>
    <trkpt lat="47.183615" lon="11.434596"><ele>1055.75</ele></trkpt>
    <trkpt lat="47.183382" lon="11.434527"><ele>1057.25</ele></trkpt>
    <trkpt lat="47.183091" lon="11.434509"><ele>1057.5</ele></trkpt>
    <trkpt lat="47.183016" lon="11.434487"><ele>1058.25</ele></trkpt>
    <trkpt lat="47.182942" lon="11.434426"><ele>1059.25</ele></trkpt>
    <trkpt lat="47.182882" lon="11.43433"><ele>1058.5</ele></trkpt>
    <trkpt lat="47.18272" lon="11.434075"><ele>1058.5</ele></trkpt>
    <trkpt lat="47.182635" lon="11.433957"><ele>1058.0</ele></trkpt>
    <trkpt lat="47.182522" lon="11.433847"><ele>1058.75</ele></trkpt>
    <trkpt lat="47.182438" lon="11.433778"><ele>1059.0</ele></trkpt>
    <trkpt lat="47.182348" lon="11.433731"><ele>1060.25</ele></trkpt>
    <trkpt lat="47.18225" lon="11.433695"><ele>1061.75</ele></trkpt>
    <trkpt lat="47.182136" lon="11.433666"><ele>1063.25</ele></trkpt>
    <trkpt lat="47.182076" lon="11.433666"><ele>1064.25</ele></trkpt>
    <trkpt lat="47.181997" lon="11.433685"><ele>1066.0</ele></trkpt>
    <trkpt lat="47.181931" lon="11.433721"><ele>1067.5</ele></trkpt>
    <trkpt lat="47.181859" lon="11.43378"><ele>1068.5</ele></trkpt>
    <trkpt lat="47.18181" lon="11.433837"><ele>1069.0</ele></trkpt>
    <trkpt lat="47.181775" lon="11.433904"><ele>1069.25</ele></trkpt>
    <trkpt lat="47.181738" lon="11.43399"><ele>1068.5</ele></trkpt>
    <trkpt lat="47.18169" lon="11.434192"><ele>1067.0</ele></trkpt>
    <trkpt lat="47.181662" lon="11.434544"><ele>1066.25</ele></trkpt>
    <trkpt lat="47.181604" lon="11.434712"><ele>1066.25</ele></trkpt>
    <trkpt lat="47.181504" lon="11.434791"><ele>1067.0</ele></trkpt>
    <trkpt lat="47.181258" lon="11.434844"><ele>1067.5</ele></trkpt>
    <trkpt lat="47.181178" lon="11.434945"><ele>1068.25</ele></trkpt>
    <trkpt lat="47.181013" lon="11.435312"><ele>1070.0</ele></trkpt>
    <trkpt lat="47.18096" lon="11.43554"><ele>1068.5</ele></trkpt>
    <trkpt lat="47.180868" lon="11.436113"><ele>1063.0</ele></trkpt>
    <trkpt lat="47.180812" lon="11.436252"><ele>1061.75</ele></trkpt>
    <trkpt lat="47.18072" lon="11.436327"><ele>1061.5</ele></trkpt>
    <trkpt lat="47.180624" lon="11.436357"><ele>1061.5</ele></trkpt>
    <trkpt lat="47.180357" lon="11.436297"><ele>1060.5</ele></trkpt>
    <trkpt lat="47.18026" lon="11.436323"><ele>1061.5</ele></trkpt>
    <trkpt lat="47.180163" lon="11.436373"><ele>1063.0</ele></trkpt>
    <trkpt lat="47.179977" lon="11.43652"><ele>1065.75</ele></trkpt>
    <trkpt lat="47.179347" lon="11.437122"><ele>1063.25</ele></trkpt>
    <trkpt lat="47.179204" lon="11.437229"><ele>1062.75</ele></trkpt>
    <trkpt lat="47.179105" lon="11.437285"><ele>1062.75</ele></trkpt>
    <trkpt lat="47.178865" lon="11.437385"><ele>1064.5</ele></trkpt>
    <trkpt lat="47.178649" lon="11.437509"><ele>1065.5</ele></trkpt>
    <trkpt lat="47.178157" lon="11.437983"><ele>1065.0</ele></trkpt>
    <trkpt lat="47.177968" lon="11.438175"><ele>1065.25</ele></trkpt>
    <trkpt lat="47.177834" lon="11.438349"><ele>1065.75</ele></trkpt>
    <trkpt lat="47.177361" lon="11.438955"><ele>1062.75</ele></trkpt>
    <trkpt lat="47.177124" lon="11.43919"><ele>1062.5</ele></trkpt>
    <trkpt lat="47.177" lon="11.43925"><ele>1062.75</ele></trkpt>
    <trkpt lat="47.176887" lon="11.439274"><ele>1062.5</ele></trkpt>
    <trkpt lat="47.176465" lon="11.439268"><ele>1061.5</ele></trkpt>
    <trkpt lat="47.176184" lon="11.439308"><ele>1062.0</ele></trkpt>
    <trkpt lat="47.17586" lon="11.43941"><ele>1063.0</ele></trkpt>
    <trkpt lat="47.175779" lon="11.439444"><ele>1062.75</ele></trkpt>
    <trkpt lat="47.175694" lon="11.439492"><ele>1061.75</ele></trkpt>
    <trkpt lat="47.175483" lon="11.43965"><ele>1062.0</ele></trkpt>
    <trkpt lat="47.175408" lon="11.439722"><ele>1062.25</ele></trkpt>
    <trkpt lat="47.175213" lon="11.439954"><ele>1064.5</ele></trkpt>
    <trkpt lat="47.175165" lon="11.440001"><ele>1065.25</ele></trkpt>
    <trkpt lat="47.174986" lon="11.440098"><ele>1065.25</ele></trkpt>
    <trkpt lat="47.174635" lon="11.440245"><ele>1067.0</ele></trkpt>
    <trkpt lat="47.173983" lon="11.440386"><ele>1065.25</ele></trkpt>
    <trkpt lat="47.173807" lon="11.44039"><ele>1063.5</ele></trkpt>
    <trkpt lat="47.173605" lon="11.440387"><ele>1062.75</ele></trkpt>
    <trkpt lat="47.173381" lon="11.440363"><ele>1063.5</ele></trkpt>
    <trkpt lat="47.173241" lon="11.440355"><ele>1063.5</ele></trkpt>
    <trkpt lat="47.172933" lon="11.440369"><ele>1060.5</ele></trkpt>
    <trkpt lat="47.172848" lon="11.440398"><ele>1058.5</ele></trkpt>
    <trkpt lat="47.172781" lon="11.440434"><ele>1056.25</ele></trkpt>
    <trkpt lat="47.172753" lon="11.440458"><ele>1055.0</ele></trkpt>
    <trkpt lat="47.17272" lon="11.440512"><ele>1053.0</ele></trkpt>
    <trkpt lat="47.172696" lon="11.44059"><ele>1051.0</ele></trkpt>
    <trkpt lat="47.172682" lon="11.440671"><ele>1049.75</ele></trkpt>
    <trkpt lat="47.17268" lon="11.440766"><ele>1049.0</ele></trkpt>
    <trkpt lat="47.172711" lon="11.441289"><ele>1047.75</ele></trkpt>
    <trkpt lat="47.172707" lon="11.441373"><ele>1047.25</ele></trkpt>
    <trkpt lat="47.17269" lon="11.441426"><ele>1047.25</ele></trkpt>
    <trkpt lat="47.172666" lon="11.441468"><ele>1047.25</ele></trkpt>
    <trkpt lat="47.172635" lon="11.441492"><ele>1047.0</ele></trkpt>
    <trkpt lat="47.172602" lon="11.441503"><ele>1046.5</ele></trkpt>
    <trkpt lat="47.17253" lon="11.44148"><ele>1044.75</ele></trkpt>
    <trkpt lat="47.172069" lon="11.441313"><ele>1042.25</ele></trkpt>
    <trkpt lat="47.171903" lon="11.441283"><ele>1042.75</ele></trkpt>
    <trkpt lat="47.171797" lon="11.441285"><ele>1043.0</ele></trkpt>
    <trkpt lat="47.17147" lon="11.441355"><ele>1044.0</ele></trkpt>
    <trkpt lat="47.171114" lon="11.441386"><ele>1044.75</ele></trkpt>
    <trkpt lat="47.171033" lon="11.441436"><ele>1043.75</ele></trkpt>
    <trkpt lat="47.170998" lon="11.441508"><ele>1044.0</ele></trkpt>
    <trkpt lat="47.170983" lon="11.441572"><ele>1044.75</ele></trkpt>
    <trkpt lat="47.171027" lon="11.441895"><ele>1046.0</ele></trkpt>
    <trkpt lat="47.17102" lon="11.442008"><ele>1046.0</ele></trkpt>
    <trkpt lat="47.170992" lon="11.442115"><ele>1046.5</ele></trkpt>
    <trkpt lat="47.170938" lon="11.442202"><ele>1046.25</ele></trkpt>
    <trkpt lat="47.170693" lon="11.442402"><ele>1045.0</ele></trkpt>
    <trkpt lat="47.170486" lon="11.442648"><ele>1046.0</ele></trkpt>
    <trkpt lat="47.17024" lon="11.442968"><ele>1049.0</ele></trkpt>
    <trkpt lat="47.169883" lon="11.443305"><ele>1052.0</ele></trkpt>
    <trkpt lat="47.169565" lon="11.443612"><ele>1053.25</ele></trkpt>
    <trkpt lat="47.169403" lon="11.4438"><ele>1054.25</ele></trkpt>
    <trkpt lat="47.169252" lon="11.444016"><ele>1053.75</ele></trkpt>
    <trkpt lat="47.169143" lon="11.44415"><ele>1051.25</ele></trkpt>
    <trkpt lat="47.169092" lon="11.444197"><ele>1051.5</ele></trkpt>
    <trkpt lat="47.168808" lon="11.444378"><ele>1054.5</ele></trkpt>
    <trkpt lat="47.168643" lon="11.444518"><ele>1057.5</ele></trkpt>
    <trkpt lat="47.167565" lon="11.445534"><ele>1059.25</ele></trkpt>
    <trkpt lat="47.167324" lon="11.445765"><ele>1059.5</ele></trkpt>
    <trkpt lat="47.167046" lon="11.446045"><ele>1059.75</ele></trkpt>
    <trkpt lat="47.167002" lon="11.446102"><ele>1060.0</ele></trkpt>
    <trkpt lat="47.166865" lon="11.446278"><ele>1060.0</ele></trkpt>
    <trkpt lat="47.166362" lon="11.447108"><ele>1065.5</ele></trkpt>
    <trkpt lat="47.166048" lon="11.447552"><ele>1066.75</ele></trkpt>
    <trkpt lat="47.165902" lon="11.447808"><ele>1067.25</ele></trkpt>
    <trkpt lat="47.165642" lon="11.448327"><ele>1068.5</ele></trkpt>
    <trkpt lat="47.165565" lon="11.448493"><ele>1068.5</ele></trkpt>
    <trkpt lat="47.165254" lon="11.44917"><ele>1071.75</ele></trkpt>
    <trkpt lat="47.165246" lon="11.449188"><ele>1072.25</ele></trkpt>
    <trkpt lat="47.165164" lon="11.449371"><ele>1075.0</ele></trkpt>
    <trkpt lat="47.165102" lon="11.44951"><ele>1076.25</ele></trkpt>
    <trkpt lat="47.164918" lon="11.449922"><ele>1079.0</ele></trkpt>
    <trkpt lat="47.164887" lon="11.450007"><ele>1079.25</ele></trkpt>
    <trkpt lat="47.164688" lon="11.450556"><ele>1076.75</ele></trkpt>
    <trkpt lat="47.164593" lon="11.450733"><ele>1077.0</ele></trkpt>
    <trkpt lat="47.164265" lon="11.451112"><ele>1074.75</ele></trkpt>
    <trkpt lat="47.164155" lon="11.451287"><ele>1073.0</ele></trkpt>
    <trkpt lat="47.164" lon="11.451613"><ele>1071.0</ele></trkpt>
    <trkpt lat="47.163793" lon="11.452172"><ele>1065.5</ele></trkpt>
    <trkpt lat="47.163768" lon="11.452282"><ele>1065.5</ele></trkpt>
    <trkpt lat="47.163755" lon="11.452487"><ele>1068.0</ele></trkpt>
    <trkpt lat="47.163773" lon="11.452693"><ele>1070.75</ele></trkpt>
    <trkpt lat="47.163806" lon="11.452878"><ele>1068.0</ele></trkpt>
    <trkpt lat="47.163839" lon="11.453063"><ele>1061.0</ele></trkpt>
    <trkpt lat="47.163866" lon="11.453319"><ele>1058.0</ele></trkpt>
    <trkpt lat="47.163847" lon="11.453475"><ele>1057.25</ele></trkpt>
    <trkpt lat="47.163756" lon="11.453723"><ele>1055.75</ele></trkpt>
    <trkpt lat="47.163567" lon="11.454041"><ele>1054.25</ele></trkpt>
    <trkpt lat="47.163412" lon="11.454397"><ele>1053.25</ele></trkpt>
    <trkpt lat="47.163312" lon="11.454674"><ele>1051.75</ele></trkpt>
    <trkpt lat="47.163254" lon="11.454892"><ele>1052.0</ele></trkpt>
    <trkpt lat="47.163188" lon="11.455291"><ele>1053.0</ele></trkpt>
    <trkpt lat="47.163167" lon="11.455456"><ele>1052.75</ele></trkpt>
    <trkpt lat="47.163154" lon="11.455645"><ele>1052.75</ele></trkpt>
    <trkpt lat="47.163154" lon="11.455904"><ele>1052.5</ele></trkpt>
    <trkpt lat="47.163174" lon="11.456199"><ele>1051.0</ele></trkpt>
    <trkpt lat="47.163189" lon="11.456533"><ele>1048.75</ele></trkpt>
    <trkpt lat="47.163189" lon="11.456648"><ele>1048.25</ele></trkpt>
    <trkpt lat="47.163154" lon="11.456855"><ele>1046.25</ele></trkpt>
    <trkpt lat="47.163147" lon="11.456887"><ele>1046.0</ele></trkpt>
    <trkpt lat="47.16312" lon="11.457026"><ele>1045.0</ele></trkpt>
    <trkpt lat="47.162969" lon="11.457439"><ele>1043.0</ele></trkpt>
    <trkpt lat="47.162843" lon="11.457785"><ele>1040.0</ele></trkpt>
    <trkpt lat="47.162798" lon="11.45791"><ele>1038.5</ele></trkpt>
    <trkpt lat="47.162777" lon="11.45805"><ele>1037.75</ele></trkpt>
    <trkpt lat="47.162763" lon="11.458492"><ele>1035.25</ele></trkpt>
    <trkpt lat="47.162686" lon="11.459421"><ele>1034.0</ele></trkpt>
    <trkpt lat="47.162666" lon="11.459598"><ele>1033.25</ele></trkpt>
    <trkpt lat="47.162638" lon="11.459717"><ele>1034.0</ele></trkpt>
    <trkpt lat="47.162557" lon="11.459919"><ele>1035.25</ele></trkpt>
    <trkpt lat="47.162455" lon="11.459992"><ele>1036.5</ele></trkpt>
    <trkpt lat="47.162345" lon="11.460009"><ele>1037.25</ele></trkpt>
    <trkpt lat="47.162231" lon="11.459954"><ele>1038.5</ele></trkpt>
    <trkpt lat="47.162139" lon="11.45974"><ele>1038.5</ele></trkpt>
    <trkpt lat="47.162097" lon="11.459557"><ele>1039.75</ele></trkpt>
    <trkpt lat="47.162078" lon="11.459386"><ele>1038.75</ele></trkpt>
    <trkpt lat="47.162052" lon="11.45922"><ele>1036.25</ele></trkpt>
    <trkpt lat="47.161988" lon="11.458884"><ele>1038.75</ele></trkpt>
    <trkpt lat="47.161936" lon="11.4583"><ele>1038.25</ele></trkpt>
    <trkpt lat="47.161904" lon="11.45813"><ele>1038.75</ele></trkpt>
    <trkpt lat="47.161797" lon="11.457782"><ele>1037.0</ele></trkpt>
    <trkpt lat="47.161578" lon="11.457287"><ele>1035.5</ele></trkpt>
    <trkpt lat="47.161324" lon="11.456623"><ele>1037.5</ele></trkpt>
    <trkpt lat="47.161245" lon="11.456508"><ele>1036.75</ele></trkpt>
    <trkpt lat="47.16081" lon="11.456087"><ele>1039.75</ele></trkpt>
    <trkpt lat="47.160745" lon="11.455993"><ele>1042.0</ele></trkpt>
    <trkpt lat="47.1607" lon="11.45588"><ele>1043.25</ele></trkpt>
    <trkpt lat="47.160677" lon="11.455755"><ele>1043.5</ele></trkpt>
    <trkpt lat="47.160678" lon="11.455618"><ele>1043.0</ele></trkpt>
    <trkpt lat="47.160712" lon="11.45513"><ele>1043.0</ele></trkpt>
    <trkpt lat="47.160713" lon="11.4548"><ele>1042.25</ele></trkpt>
    <trkpt lat="47.160683" lon="11.454493"><ele>1042.25</ele></trkpt>
    <trkpt lat="47.160598" lon="11.454222"><ele>1042.5</ele></trkpt>
    <trkpt lat="47.160458" lon="11.453968"><ele>1045.0</ele></trkpt>
    <trkpt lat="47.160178" lon="11.453594"><ele>1047.25</ele></trkpt>
    <trkpt lat="47.160106" lon="11.45342"><ele>1047.75</ele></trkpt>
    <trkpt lat="47.16008" lon="11.453257"><ele>1047.25</ele></trkpt>
    <trkpt lat="47.160039" lon="11.453137"><ele>1048.5</ele></trkpt>
    <trkpt lat="47.159985" lon="11.452748"><ele>1052.75</ele></trkpt>
    <trkpt lat="47.159948" lon="11.452605"><ele>1054.0</ele></trkpt>
    <trkpt lat="47.159895" lon="11.452475"><ele>1055.0</ele></trkpt>
    <trkpt lat="47.159825" lon="11.452365"><ele>1055.5</ele></trkpt>
    <trkpt lat="47.159745" lon="11.452277"><ele>1057.0</ele></trkpt>
    <trkpt lat="47.159657" lon="11.452207"><ele>1058.0</ele></trkpt>
    <trkpt lat="47.159563" lon="11.452157"><ele>1058.25</ele></trkpt>
    <trkpt lat="47.159467" lon="11.452128"><ele>1059.25</ele></trkpt>
    <trkpt lat="47.159368" lon="11.452125"><ele>1059.75</ele></trkpt>
    <trkpt lat="47.159273" lon="11.452148"><ele>1060.5</ele></trkpt>
    <trkpt lat="47.159183" lon="11.452198"><ele>1062.25</ele></trkpt>
    <trkpt lat="47.159015" lon="11.452355"><ele>1063.25</ele></trkpt>
    <trkpt lat="47.158935" lon="11.452448"><ele>1064.25</ele></trkpt>
    <trkpt lat="47.158788" lon="11.452694"><ele>1069.0</ele></trkpt>
    <trkpt lat="47.158671" lon="11.452905"><ele>1070.75</ele></trkpt>
    <trkpt lat="47.158503" lon="11.453258"><ele>1071.0</ele></trkpt>
    <trkpt lat="47.158416" lon="11.453359"><ele>1070.25</ele></trkpt>
    <trkpt lat="47.158307" lon="11.453464"><ele>1070.0</ele></trkpt>
    <trkpt lat="47.15823" lon="11.453533"><ele>1069.5</ele></trkpt>
    <trkpt lat="47.157821" lon="11.453758"><ele>1066.25</ele></trkpt>
    <trkpt lat="47.157672" lon="11.453758"><ele>1064.5</ele></trkpt>
    <trkpt lat="47.157511" lon="11.453779"><ele>1062.5</ele></trkpt>
    <trkpt lat="47.157311" lon="11.45383"><ele>1061.0</ele></trkpt>
    <trkpt lat="47.157188" lon="11.453861"><ele>1060.25</ele></trkpt>
    <trkpt lat="47.156948" lon="11.453922"><ele>1058.75</ele></trkpt>
    <trkpt lat="47.156923" lon="11.453928"><ele>1059.0</ele></trkpt>
    <trkpt lat="47.156627" lon="11.453915"><ele>1057.5</ele></trkpt>
    <trkpt lat="47.156233" lon="11.453889"><ele>1055.25</ele></trkpt>
    <trkpt lat="47.156009" lon="11.453916"><ele>1055.25</ele></trkpt>
    <trkpt lat="47.155689" lon="11.454014"><ele>1054.0</ele></trkpt>
    <trkpt lat="47.155589" lon="11.454039"><ele>1052.75</ele></trkpt>
    <trkpt lat="47.155094" lon="11.4541"><ele>1053.0</ele></trkpt>
    <trkpt lat="47.154998" lon="11.454142"><ele>1053.5</ele></trkpt>
    <trkpt lat="47.15488" lon="11.454225"><ele>1053.75</ele></trkpt>
    <trkpt lat="47.154711" lon="11.454376"><ele>1051.75</ele></trkpt>
    <trkpt lat="47.154557" lon="11.454535"><ele>1051.0</ele></trkpt>
    <trkpt lat="47.154307" lon="11.454715"><ele>1047.75</ele></trkpt>
    <trkpt lat="47.154181" lon="11.45478"><ele>1047.25</ele></trkpt>
    <trkpt lat="47.154059" lon="11.454818"><ele>1047.0</ele></trkpt>
    <trkpt lat="47.15399" lon="11.454827"><ele>1046.75</ele></trkpt>
    <trkpt lat="47.153935" lon="11.454833"><ele>1046.25</ele></trkpt>
    <trkpt lat="47.153817" lon="11.454812"><ele>1045.75</ele></trkpt>
    <trkpt lat="47.153706" lon="11.454764"><ele>1045.25</ele></trkpt>
    <trkpt lat="47.153611" lon="11.454651"><ele>1044.0</ele></trkpt>
    <trkpt lat="47.153456" lon="11.454377"><ele>1044.0</ele></trkpt>
    <trkpt lat="47.153372" lon="11.454275"><ele>1042.75</ele></trkpt>
    <trkpt lat="47.153282" lon="11.454198"><ele>1041.0</ele></trkpt>
    <trkpt lat="47.153177" lon="11.454157"><ele>1040.25</ele></trkpt>
    <trkpt lat="47.153068" lon="11.454152"><ele>1040.5</ele></trkpt>
    <trkpt lat="47.152962" lon="11.454175"><ele>1040.25</ele></trkpt>
    <trkpt lat="47.15275" lon="11.454268"><ele>1040.25</ele></trkpt>
    <trkpt lat="47.15256" lon="11.454405"><ele>1039.0</ele></trkpt>
    <trkpt lat="47.152393" lon="11.454558"><ele>1038.0</ele></trkpt>
    <trkpt lat="47.152288" lon="11.45462"><ele>1036.5</ele></trkpt>
    <trkpt lat="47.152179" lon="11.454633"><ele>1035.0</ele></trkpt>
    <trkpt lat="47.151866" lon="11.454588"><ele>1034.0</ele></trkpt>
    <trkpt lat="47.151552" lon="11.454589"><ele>1031.5</ele></trkpt>
    <trkpt lat="47.151476" lon="11.454596"><ele>1031.0</ele></trkpt>
    <trkpt lat="47.151384" lon="11.454617"><ele>1030.5</ele></trkpt>
    <trkpt lat="47.150481" lon="11.455429"><ele>1023.75</ele></trkpt>
    <trkpt lat="47.15032" lon="11.455554"><ele>1022.75</ele></trkpt>
    <trkpt lat="47.150194" lon="11.455637"><ele>1022.75</ele></trkpt>
    <trkpt lat="47.150138" lon="11.455652"><ele>1023.0</ele></trkpt>
    <trkpt lat="47.150111" lon="11.455656"><ele>1023.0</ele></trkpt>
    <trkpt lat="47.150034" lon="11.455647"><ele>1022.75</ele></trkpt>
    <trkpt lat="47.149658" lon="11.455297"><ele>1023.25</ele></trkpt>
    <trkpt lat="47.149505" lon="11.45517"><ele>1024.0</ele></trkpt>
    <trkpt lat="47.149425" lon="11.455127"><ele>1024.0</ele></trkpt>
    <trkpt lat="47.149342" lon="11.455103"><ele>1022.75</ele></trkpt>
    <trkpt lat="47.14925" lon="11.455103"><ele>1022.0</ele></trkpt>
    <trkpt lat="47.14915" lon="11.455137"><ele>1021.5</ele></trkpt>
    <trkpt lat="47.148938" lon="11.45524"><ele>1019.0</ele></trkpt>
    <trkpt lat="47.148732" lon="11.45538"><ele>1018.5</ele></trkpt>
    <trkpt lat="47.14863" lon="11.455477"><ele>1018.5</ele></trkpt>
    <trkpt lat="47.148335" lon="11.455823"><ele>1016.75</ele></trkpt>
    <trkpt lat="47.14792" lon="11.456434"><ele>1019.0</ele></trkpt>
    <trkpt lat="47.147866" lon="11.456438"><ele>1018.0</ele></trkpt>
    <trkpt lat="47.147799" lon="11.456495"><ele>1017.25</ele></trkpt>
    <trkpt lat="47.147739" lon="11.456556"><ele>1016.75</ele></trkpt>
    <trkpt lat="47.147599" lon="11.456662"><ele>1016.5</ele></trkpt>
    <trkpt lat="47.14747" lon="11.456733"><ele>1016.75</ele></trkpt>
    <trkpt lat="47.147337" lon="11.456773"><ele>1016.5</ele></trkpt>
    <trkpt lat="47.14714" lon="11.456792"><ele>1016.0</ele></trkpt>
    <trkpt lat="47.146722" lon="11.456784"><ele>1015.0</ele></trkpt>
    <trkpt lat="47.146271" lon="11.456776"><ele>1014.75</ele></trkpt>
    <trkpt lat="47.146187" lon="11.456782"><ele>1015.0</ele></trkpt>
    <trkpt lat="47.145853" lon="11.456816"><ele>1014.75</ele></trkpt>
    <trkpt lat="47.145545" lon="11.456904"><ele>1013.5</ele></trkpt>
    <trkpt lat="47.145322" lon="11.456994"><ele>1014.0</ele></trkpt>
    <trkpt lat="47.145156" lon="11.457097"><ele>1015.25</ele></trkpt>
    <trkpt lat="47.144935" lon="11.45728"><ele>1016.5</ele></trkpt>
    <trkpt lat="47.144804" lon="11.457435"><ele>1017.75</ele></trkpt>
    <trkpt lat="47.144744" lon="11.457506"><ele>1018.25</ele></trkpt>
    <trkpt lat="47.144657" lon="11.457649"><ele>1018.0</ele></trkpt>
    <trkpt lat="47.144581" lon="11.457804"><ele>1017.75</ele></trkpt>
    <trkpt lat="47.1444" lon="11.458315"><ele>1020.25</ele></trkpt>
    <trkpt lat="47.144322" lon="11.458495"><ele>1022.0</ele></trkpt>
    <trkpt lat="47.144245" lon="11.458622"><ele>1023.0</ele></trkpt>
    <trkpt lat="47.144068" lon="11.458838"><ele>1024.25</ele></trkpt>
    <trkpt lat="47.143612" lon="11.459288"><ele>1023.75</ele></trkpt>
    <trkpt lat="47.1436" lon="11.459355"><ele>1024.25</ele></trkpt>
    <trkpt lat="47.14351" lon="11.459439"><ele>1023.0</ele></trkpt>
    <trkpt lat="47.143415" lon="11.459558"><ele>1021.75</ele></trkpt>
    <trkpt lat="47.143167" lon="11.4601"><ele>1023.5</ele></trkpt>
    <trkpt lat="47.143077" lon="11.460264"><ele>1021.75</ele></trkpt>
    <trkpt lat="47.142956" lon="11.460396"><ele>1022.25</ele></trkpt>
    <trkpt lat="47.142898" lon="11.46044"><ele>1022.75</ele></trkpt>
    <trkpt lat="47.142805" lon="11.460489"><ele>1023.5</ele></trkpt>
    <trkpt lat="47.142704" lon="11.46052"><ele>1024.0</ele></trkpt>
    <trkpt lat="47.142531" lon="11.460532"><ele>1024.75</ele></trkpt>
    <trkpt lat="47.142443" lon="11.460524"><ele>1025.25</ele></trkpt>
    <trkpt lat="47.14223" lon="11.460458"><ele>1026.25</ele></trkpt>
    <trkpt lat="47.142128" lon="11.460426"><ele>1025.5</ele></trkpt>
    <trkpt lat="47.141773" lon="11.460276"><ele>1022.75</ele></trkpt>
    <trkpt lat="47.141641" lon="11.460241"><ele>1022.0</ele></trkpt>
    <trkpt lat="47.141448" lon="11.460256"><ele>1021.25</ele></trkpt>
    <trkpt lat="47.141285" lon="11.460292"><ele>1018.0</ele></trkpt>
    <trkpt lat="47.141084" lon="11.460334"><ele>1014.0</ele></trkpt>
    <trkpt lat="47.140642" lon="11.460432"><ele>1016.0</ele></trkpt>
    <trkpt lat="47.14031" lon="11.460485"><ele>1015.5</ele></trkpt>
    <trkpt lat="47.140091" lon="11.460414"><ele>1015.75</ele></trkpt>
    <trkpt lat="47.139861" lon="11.460293"><ele>1017.0</ele></trkpt>
    <trkpt lat="47.139233" lon="11.459952"><ele>1015.0</ele></trkpt>
    <trkpt lat="47.139128" lon="11.459895"><ele>1014.5</ele></trkpt>
    <trkpt lat="47.138927" lon="11.459774"><ele>1014.0</ele></trkpt>
    <trkpt lat="47.138867" lon="11.45971"><ele>1014.25</ele></trkpt>
    <trkpt lat="47.138828" lon="11.459611"><ele>1015.0</ele></trkpt>
    <trkpt lat="47.138802" lon="11.459518"><ele>1015.5</ele></trkpt>
    <trkpt lat="47.138778" lon="11.459298"><ele>1015.25</ele></trkpt>
    <trkpt lat="47.138744" lon="11.458857"><ele>1014.0</ele></trkpt>
    <trkpt lat="47.138712" lon="11.458391"><ele>1012.0</ele></trkpt>
    <trkpt lat="47.13869" lon="11.458262"><ele>1011.0</ele></trkpt>
    <trkpt lat="47.13864" lon="11.458105"><ele>1010.0</ele></trkpt>
    <trkpt lat="47.138572" lon="11.457983"><ele>1008.0</ele></trkpt>
    <trkpt lat="47.138472" lon="11.457882"><ele>1006.5</ele></trkpt>
    <trkpt lat="47.138274" lon="11.457759"><ele>1006.5</ele></trkpt>
    <trkpt lat="47.138041" lon="11.457574"><ele>1004.25</ele></trkpt>
    <trkpt lat="47.13789" lon="11.457359"><ele>1002.5</ele></trkpt>
    <trkpt lat="47.137803" lon="11.457176"><ele>999.5</ele></trkpt>
    <trkpt lat="47.137682" lon="11.456853"><ele>996.25</ele></trkpt>
    <trkpt lat="47.13765" lon="11.456682"><ele>993.75</ele></trkpt>
    <trkpt lat="47.137635" lon="11.456509"><ele>993.0</ele></trkpt>
    <trkpt lat="47.137636" lon="11.456282"><ele>992.5</ele></trkpt>
    <trkpt lat="47.137665" lon="11.456057"><ele>991.75</ele></trkpt>
    <trkpt lat="47.137779" lon="11.455592"><ele>986.75</ele></trkpt>
    <trkpt lat="47.137812" lon="11.455395"><ele>985.75</ele></trkpt>
    <trkpt lat="47.137815" lon="11.455191"><ele>985.5</ele></trkpt>
    <trkpt lat="47.137791" lon="11.455035"><ele>984.75</ele></trkpt>
    <trkpt lat="47.137757" lon="11.454881"><ele>984.25</ele></trkpt>
    <trkpt lat="47.137713" lon="11.454721"><ele>983.5</ele></trkpt>
    <trkpt lat="47.137625" lon="11.454452"><ele>982.5</ele></trkpt>
    <trkpt lat="47.13758" lon="11.454327"><ele>982.0</ele></trkpt>
    <trkpt lat="47.137533" lon="11.45422"><ele>981.5</ele></trkpt>
    <trkpt lat="47.137464" lon="11.454114"><ele>981.0</ele></trkpt>
    <trkpt lat="47.137212" lon="11.453817"><ele>979.25</ele></trkpt>
    <trkpt lat="47.137012" lon="11.453586"><ele>979.25</ele></trkpt>
    <trkpt lat="47.136919" lon="11.453397"><ele>978.75</ele></trkpt>
    <trkpt lat="47.136891" lon="11.4533"><ele>977.75</ele></trkpt>
    <trkpt lat="47.136847" lon="11.453328"><ele>978.5</ele></trkpt>
    <trkpt lat="47.136792" lon="11.453336"><ele>979.0</ele></trkpt>
    <trkpt lat="47.136586" lon="11.453257"><ele>979.0</ele></trkpt>
    <trkpt lat="47.136535" lon="11.453222"><ele>978.75</ele></trkpt>
    <trkpt lat="47.136487" lon="11.453161"><ele>978.25</ele></trkpt>
    <trkpt lat="47.13624" lon="11.453209"><ele>979.25</ele></trkpt>
    <trkpt lat="47.136176" lon="11.453134"><ele>979.0</ele></trkpt>
    <trkpt lat="47.136086" lon="11.452995"><ele>978.0</ele></trkpt>
    <trkpt lat="47.135921" lon="11.453059"><ele>978.25</ele></trkpt>
    <trkpt lat="47.135604" lon="11.453255"><ele>978.0</ele></trkpt>
    <trkpt lat="47.135325" lon="11.453335"><ele>978.0</ele></trkpt>
    <trkpt lat="47.135014" lon="11.453546"><ele>978.25</ele></trkpt>
    <trkpt lat="47.134527" lon="11.45402"><ele>982.0</ele></trkpt>
    <trkpt lat="47.134316" lon="11.454121"><ele>982.0</ele></trkpt>
    <trkpt lat="47.134211" lon="11.454221"><ele>983.0</ele></trkpt>
    <trkpt lat="47.133948" lon="11.454322"><ele>983.0</ele></trkpt>
    <trkpt lat="47.133625" lon="11.454386"><ele>987.25</ele></trkpt>
    <trkpt lat="47.133233" lon="11.454431"><ele>989.75</ele></trkpt>
    <trkpt lat="47.133203" lon="11.454414"><ele>990.25</ele></trkpt>
    <trkpt lat="47.13306" lon="11.454162"><ele>986.75</ele></trkpt>
    <trkpt lat="47.133029" lon="11.454111"><ele>986.75</ele></trkpt>
    <trkpt lat="47.132947" lon="11.45408"><ele>987.0</ele></trkpt>
    <trkpt lat="47.132834" lon="11.454036"><ele>986.75</ele></trkpt>
    <trkpt lat="47.132658" lon="11.454101"><ele>987.5</ele></trkpt>
    <trkpt lat="47.132423" lon="11.45414"><ele>987.0</ele></trkpt>
    <trkpt lat="47.132304" lon="11.454182"><ele>987.0</ele></trkpt>
    <trkpt lat="47.132194" lon="11.454206"><ele>986.75</ele></trkpt>
    <trkpt lat="47.132113" lon="11.45414"><ele>985.25</ele></trkpt>
    <trkpt lat="47.131917" lon="11.453723"><ele>983.25</ele></trkpt>
    <trkpt lat="47.131811" lon="11.453463"><ele>983.5</ele></trkpt>
    <trkpt lat="47.131803" lon="11.453445"><ele>983.5</ele></trkpt>
    <trkpt lat="47.131681" lon="11.45308"><ele>985.75</ele></trkpt>
    <trkpt lat="47.131584" lon="11.452652"><ele>987.25</ele></trkpt>
    <trkpt lat="47.131547" lon="11.452672"><ele>987.25</ele></trkpt>
    <trkpt lat="47.131385" lon="11.452139"><ele>990.5</ele></trkpt>
    <trkpt lat="47.131303" lon="11.451908"><ele>992.5</ele></trkpt>
    <trkpt lat="47.131273" lon="11.451929"><ele>992.5</ele></trkpt>
    <trkpt lat="47.131063" lon="11.452105"><ele>991.75</ele></trkpt>
    <trkpt lat="47.130766" lon="11.452258"><ele>991.5</ele></trkpt>
    <trkpt lat="47.130543" lon="11.452299"><ele>991.25</ele></trkpt>
    <trkpt lat="47.130388" lon="11.452287"><ele>991.75</ele></trkpt>
    <trkpt lat="47.129994" lon="11.452274"><ele>991.75</ele></trkpt>
    <trkpt lat="47.129748" lon="11.452266"><ele>991.75</ele></trkpt>
    <trkpt lat="47.129715" lon="11.452295"><ele>991.25</ele></trkpt>
    <trkpt lat="47.129708" lon="11.452359"><ele>990.75</ele></trkpt>
    <trkpt lat="47.129711" lon="11.452982"><ele>990.0</ele></trkpt>
    <trkpt lat="47.129642" lon="11.452972"><ele>990.0</ele></trkpt>
    <trkpt lat="47.129612" lon="11.452967"><ele>990.0</ele></trkpt>
    <trkpt lat="47.129559" lon="11.453505"><ele>989.75</ele></trkpt>
    <trkpt lat="47.129526" lon="11.453734"><ele>990.0</ele></trkpt>
    <trkpt lat="47.129487" lon="11.453844"><ele>989.75</ele></trkpt>
    <trkpt lat="47.129469" lon="11.453926"><ele>989.75</ele></trkpt>
    <trkpt lat="47.129411" lon="11.45414"><ele>989.25</ele></trkpt>
    <trkpt lat="47.129381" lon="11.454253"><ele>989.0</ele></trkpt>
    <trkpt lat="47.129334" lon="11.454373"><ele>988.25</ele></trkpt>
    <trkpt lat="47.128963" lon="11.454247"><ele>989.25</ele></trkpt>
    <trkpt lat="47.128628" lon="11.454085"><ele>989.5</ele></trkpt>
    <trkpt lat="47.12856" lon="11.454062"><ele>989.5</ele></trkpt>
    <trkpt lat="47.128556" lon="11.454109"><ele>989.25</ele></trkpt>
    <trkpt lat="47.128514" lon="11.454669"><ele>986.5</ele></trkpt>
    <trkpt lat="47.128501" lon="11.454987"><ele>987.25</ele></trkpt>
    <trkpt lat="47.128498" lon="11.455053"><ele>987.75</ele></trkpt>
    <trkpt lat="47.128479" lon="11.455083"><ele>988.25</ele></trkpt>
    <trkpt lat="47.127941" lon="11.455066"><ele>991.0</ele></trkpt>
    <trkpt lat="47.127381" lon="11.454983"><ele>990.75</ele></trkpt>
    <trkpt lat="47.127208" lon="11.45495"><ele>991.75</ele></trkpt>
    <trkpt lat="47.127119" lon="11.454904"><ele>991.5</ele></trkpt>
    <trkpt lat="47.127004" lon="11.454797"><ele>990.5</ele></trkpt>
    <trkpt lat="47.126863" lon="11.454586"><ele>989.25</ele></trkpt>
    <trkpt lat="47.126406" lon="11.453637"><ele>989.75</ele></trkpt>
    <trkpt lat="47.126006" lon="11.453089"><ele>989.25</ele></trkpt>
    <trkpt lat="47.12587" lon="11.452942"><ele>989.5</ele></trkpt>
    <trkpt lat="47.125673" lon="11.452782"><ele>990.25</ele></trkpt>
    <trkpt lat="47.1256" lon="11.45275"><ele>991.0</ele></trkpt>
    <trkpt lat="47.125553" lon="11.45273"><ele>991.25</ele></trkpt>
    <trkpt lat="47.125515" lon="11.452709"><ele>991.0</ele></trkpt>
    <trkpt lat="47.124967" lon="11.452384"><ele>990.25</ele></trkpt>
    <trkpt lat="47.124419" lon="11.452109"><ele>991.25</ele></trkpt>
    <trkpt lat="47.123692" lon="11.451967"><ele>992.25</ele></trkpt>
    <trkpt lat="47.123441" lon="11.4519"><ele>993.0</ele></trkpt>
    <trkpt lat="47.123226" lon="11.45186"><ele>993.25</ele></trkpt>
    <trkpt lat="47.123115" lon="11.451866"><ele>994.0</ele></trkpt>
    <trkpt lat="47.123018" lon="11.451915"><ele>995.0</ele></trkpt>
    <trkpt lat="47.122958" lon="11.451987"><ele>994.75</ele></trkpt>
    <trkpt lat="47.122918" lon="11.451911"><ele>994.0</ele></trkpt>
    <trkpt lat="47.122889" lon="11.451777"><ele>992.25</ele></trkpt>
    <trkpt lat="47.122837" lon="11.451495"><ele>993.25</ele></trkpt>
    <trkpt lat="47.122824" lon="11.451446"><ele>994.0</ele></trkpt>
    <trkpt lat="47.122798" lon="11.451425"><ele>994.25</ele></trkpt>
    <trkpt lat="47.122684" lon="11.45147"><ele>993.75</ele></trkpt>
    <trkpt lat="47.122417" lon="11.451538"><ele>994.5</ele></trkpt>
    <trkpt lat="47.122374" lon="11.451578"><ele>994.75</ele></trkpt>
    <trkpt lat="47.122022" lon="11.451701"><ele>995.75</ele></trkpt>
    <trkpt lat="47.121339" lon="11.451838"><ele>997.0</ele></trkpt>
    <trkpt lat="47.121084" lon="11.451889"><ele>997.0</ele></trkpt>
    <trkpt lat="47.121057" lon="11.451894"><ele>997.0</ele></trkpt>
    <trkpt lat="47.120875" lon="11.451966"><ele>997.0</ele></trkpt>
    <trkpt lat="47.120602" lon="11.452075"><ele>997.25</ele></trkpt>
    <trkpt lat="47.120551" lon="11.452086"><ele>997.25</ele></trkpt>
    <trkpt lat="47.120472" lon="11.452105"><ele>997.5</ele></trkpt>
    <trkpt lat="47.120271" lon="11.452089"><ele>998.0</ele></trkpt>
    <trkpt lat="47.120126" lon="11.452058"><ele>998.0</ele></trkpt>
    <trkpt lat="47.120034" lon="11.452007"><ele>998.0</ele></trkpt>
    <trkpt lat="47.119932" lon="11.451938"><ele>998.25</ele></trkpt>
    <trkpt lat="47.119618" lon="11.451762"><ele>999.0</ele></trkpt>
    <trkpt lat="47.119491" lon="11.451719"><ele>999.0</ele></trkpt>
    <trkpt lat="47.118796" lon="11.451572"><ele>1000.25</ele></trkpt>
    <trkpt lat="47.118704" lon="11.451553"><ele>1000.5</ele></trkpt>
    <trkpt lat="47.118479" lon="11.451535"><ele>1001.5</ele></trkpt>
    <trkpt lat="47.118221" lon="11.451528"><ele>1003.0</ele></trkpt>
    <trkpt lat="47.118079" lon="11.451562"><ele>1003.25</ele></trkpt>
    <trkpt lat="47.117607" lon="11.45168"><ele>1002.75</ele></trkpt>
    <trkpt lat="47.117279" lon="11.451792"><ele>1004.5</ele></trkpt>
    <trkpt lat="47.116928" lon="11.45187"><ele>1006.0</ele></trkpt>
    <trkpt lat="47.11652" lon="11.451921"><ele>1006.25</ele></trkpt>
    <trkpt lat="47.115947" lon="11.452112"><ele>1007.25</ele></trkpt>
    <trkpt lat="47.115656" lon="11.452231"><ele>1006.5</ele></trkpt>
    <trkpt lat="47.115142" lon="11.45244"><ele>1008.0</ele></trkpt>
    <trkpt lat="47.114897" lon="11.452502"><ele>1007.75</ele></trkpt>
    <trkpt lat="47.114721" lon="11.4525"><ele>1008.0</ele></trkpt>
    <trkpt lat="47.114533" lon="11.452455"><ele>1009.0</ele></trkpt>
    <trkpt lat="47.114198" lon="11.452353"><ele>1009.5</ele></trkpt>
    <trkpt lat="47.114016" lon="11.452302"><ele>1009.5</ele></trkpt>
    <trkpt lat="47.113923" lon="11.452298"><ele>1009.5</ele></trkpt>
    <trkpt lat="47.11387" lon="11.452296"><ele>1009.75</ele></trkpt>
    <trkpt lat="47.113667" lon="11.452286"><ele>1009.75</ele></trkpt>
    <trkpt lat="47.112624" lon="11.452328"><ele>1010.75</ele></trkpt>
    <trkpt lat="47.112432" lon="11.452349"><ele>1011.25</ele></trkpt>
    <trkpt lat="47.112259" lon="11.452391"><ele>1010.75</ele></trkpt>
    <trkpt lat="47.112048" lon="11.452481"><ele>1011.0</ele></trkpt>
    <trkpt lat="47.111833" lon="11.4526"><ele>1011.0</ele></trkpt>
    <trkpt lat="47.11152" lon="11.452756"><ele>1010.75</ele></trkpt>
    <trkpt lat="47.111297" lon="11.452922"><ele>1011.25</ele></trkpt>
    <trkpt lat="47.111203" lon="11.453027"><ele>1011.25</ele></trkpt>
    <trkpt lat="47.111082" lon="11.453183"><ele>1011.0</ele></trkpt>
    <trkpt lat="47.110949" lon="11.453375"><ele>1010.75</ele></trkpt>
    <trkpt lat="47.110782" lon="11.453661"><ele>1011.0</ele></trkpt>
    <trkpt lat="47.110726" lon="11.453792"><ele>1010.5</ele></trkpt>
    <trkpt lat="47.110439" lon="11.454467"><ele>1010.5</ele></trkpt>
    <trkpt lat="47.110305" lon="11.454784"><ele>1011.25</ele></trkpt>
    <trkpt lat="47.10883" lon="11.45669"><ele>1013.25</ele></trkpt>
    <trkpt lat="47.108282" lon="11.457222"><ele>1014.5</ele></trkpt>
    <trkpt lat="47.107913" lon="11.457629"><ele>1014.0</ele></trkpt>
    <trkpt lat="47.107291" lon="11.458186"><ele>1015.25</ele></trkpt>
    <trkpt lat="47.106936" lon="11.458412"><ele>1016.25</ele></trkpt>
    <trkpt lat="47.106586" lon="11.458551"><ele>1016.5</ele></trkpt>
    <trkpt lat="47.106141" lon="11.458667"><ele>1017.25</ele></trkpt>
    <trkpt lat="47.105953" lon="11.458803"><ele>1018.25</ele></trkpt>
    <trkpt lat="47.105709" lon="11.459067"><ele>1018.75</ele></trkpt>
    <trkpt lat="47.105578" lon="11.459328"><ele>1018.5</ele></trkpt>
    <trkpt lat="47.105442" lon="11.45975"><ele>1020.25</ele></trkpt>
    <trkpt lat="47.10541" lon="11.459833"><ele>1020.25</ele></trkpt>
    <trkpt lat="47.105478" lon="11.459884"><ele>1018.5</ele></trkpt>
    <trkpt lat="47.105516" lon="11.459883"><ele>1017.75</ele></trkpt>
    <trkpt lat="47.105662" lon="11.459861"><ele>1017.75</ele></trkpt>
    <trkpt lat="47.105719" lon="11.45986"><ele>1018.25</ele></trkpt>
    <trkpt lat="47.105751" lon="11.459897"><ele>1018.75</ele></trkpt>
    <trkpt lat="47.105909" lon="11.460241"><ele>1018.5</ele></trkpt>
    <trkpt lat="47.10603" lon="11.460545"><ele>1019.75</ele></trkpt>
    <trkpt lat="47.106171" lon="11.461038"><ele>1020.0</ele></trkpt>
    <trkpt lat="47.106183" lon="11.46152"><ele>1022.5</ele></trkpt>
    <trkpt lat="47.106127" lon="11.461892"><ele>1022.25</ele></trkpt>
    <trkpt lat="47.105952" lon="11.462442"><ele>1026.0</ele></trkpt>
    <trkpt lat="47.105398" lon="11.46303"><ele>1021.75</ele></trkpt>
    <trkpt lat="47.105028" lon="11.46345"><ele>1026.75</ele></trkpt>
    <trkpt lat="47.104786" lon="11.463447"><ele>1023.75</ele></trkpt>
    <trkpt lat="47.104579" lon="11.463433"><ele>1022.0</ele></trkpt>
    <trkpt lat="47.104344" lon="11.463515"><ele>1021.75</ele></trkpt>
    <trkpt lat="47.104106" lon="11.463554"><ele>1022.0</ele></trkpt>
    <trkpt lat="47.10372" lon="11.463776"><ele>1023.0</ele></trkpt>
    <trkpt lat="47.103232" lon="11.463938"><ele>1022.5</ele></trkpt>
    <trkpt lat="47.103018" lon="11.463967"><ele>1022.75</ele></trkpt>
    <trkpt lat="47.102796" lon="11.46394"><ele>1022.5</ele></trkpt>
    <trkpt lat="47.102573" lon="11.463955"><ele>1023.25</ele></trkpt>
    <trkpt lat="47.102129" lon="11.463934"><ele>1023.25</ele></trkpt>
    <trkpt lat="47.101914" lon="11.463935"><ele>1023.25</ele></trkpt>
    <trkpt lat="47.101735" lon="11.46404"><ele>1024.0</ele></trkpt>
    <trkpt lat="47.101596" lon="11.464263"><ele>1025.0</ele></trkpt>
    <trkpt lat="47.101362" lon="11.464898"><ele>1026.25</ele></trkpt>
    <trkpt lat="47.101238" lon="11.465106"><ele>1026.0</ele></trkpt>
    <trkpt lat="47.100725" lon="11.465383"><ele>1026.25</ele></trkpt>
    <trkpt lat="47.10012" lon="11.465512"><ele>1027.25</ele></trkpt>
    <trkpt lat="47.099417" lon="11.465569"><ele>1029.0</ele></trkpt>
    <trkpt lat="47.099198" lon="11.465651"><ele>1030.0</ele></trkpt>
    <trkpt lat="47.09904" lon="11.465815"><ele>1029.5</ele></trkpt>
    <trkpt lat="47.098906" lon="11.466005"><ele>1029.25</ele></trkpt>
    <trkpt lat="47.098764" lon="11.466343"><ele>1029.5</ele></trkpt>
    <trkpt lat="47.098618" lon="11.466594"><ele>1030.25</ele></trkpt>
    <trkpt lat="47.09846" lon="11.466786"><ele>1031.25</ele></trkpt>
    <trkpt lat="47.098336" lon="11.466908"><ele>1031.5</ele></trkpt>
    <trkpt lat="47.097888" lon="11.467175"><ele>1032.5</ele></trkpt>
    <trkpt lat="47.097763" lon="11.467265"><ele>1032.25</ele></trkpt>
    <trkpt lat="47.097467" lon="11.467423"><ele>1032.75</ele></trkpt>
    <trkpt lat="47.096859" lon="11.467666"><ele>1032.0</ele></trkpt>
    <trkpt lat="47.096256" lon="11.467835"><ele>1033.25</ele></trkpt>
    <trkpt lat="47.09597" lon="11.467916"><ele>1033.75</ele></trkpt>
    <trkpt lat="47.095743" lon="11.468022"><ele>1034.5</ele></trkpt>
    <trkpt lat="47.095531" lon="11.468172"><ele>1034.0</ele></trkpt>
    <trkpt lat="47.095264" lon="11.468398"><ele>1034.5</ele></trkpt>
    <trkpt lat="47.095008" lon="11.468474"><ele>1034.5</ele></trkpt>
    <trkpt lat="47.094866" lon="11.468504"><ele>1035.25</ele></trkpt>
    <trkpt lat="47.094676" lon="11.468511"><ele>1036.0</ele></trkpt>
    <trkpt lat="47.094264" lon="11.468479"><ele>1039.5</ele></trkpt>
    <trkpt lat="47.09409" lon="11.468401"><ele>1041.0</ele></trkpt>
    <trkpt lat="47.09392" lon="11.468312"><ele>1042.25</ele></trkpt>
    <trkpt lat="47.093829" lon="11.468202"><ele>1043.0</ele></trkpt>
    <trkpt lat="47.093815" lon="11.468185"><ele>1043.0</ele></trkpt>
    <trkpt lat="47.094038" lon="11.468022"><ele>1038.25</ele></trkpt>
    <trkpt lat="47.093969" lon="11.467901"><ele>1040.0</ele></trkpt>
    <trkpt lat="47.093904" lon="11.467678"><ele>1039.0</ele></trkpt>
    <trkpt lat="47.093862" lon="11.467669"><ele>1039.0</ele></trkpt>
    <trkpt lat="47.093702" lon="11.467777"><ele>1040.25</ele></trkpt>
    <trkpt lat="47.093625" lon="11.467807"><ele>1040.25</ele></trkpt>
    <trkpt lat="47.093492" lon="11.467767"><ele>1039.75</ele></trkpt>
    <trkpt lat="47.093335" lon="11.467792"><ele>1040.0</ele></trkpt>
    <trkpt lat="47.093274" lon="11.467825"><ele>1040.0</ele></trkpt>
    <trkpt lat="47.093199" lon="11.467842"><ele>1039.75</ele></trkpt>
    <trkpt lat="47.093199" lon="11.467787"><ele>1039.0</ele></trkpt>
    <trkpt lat="47.093197" lon="11.467568"><ele>1038.75</ele></trkpt>
    <trkpt lat="47.093196" lon="11.467495"><ele>1039.0</ele></trkpt>
    <trkpt lat="47.09297" lon="11.467529"><ele>1039.75</ele></trkpt>
    <trkpt lat="47.092863" lon="11.467485"><ele>1040.0</ele></trkpt>
    <trkpt lat="47.092738" lon="11.467504"><ele>1040.0</ele></trkpt>
    <trkpt lat="47.092661" lon="11.467619"><ele>1040.0</ele></trkpt>
    <trkpt lat="47.092322" lon="11.46784"><ele>1040.25</ele></trkpt>
    <trkpt lat="47.092234" lon="11.467834"><ele>1040.25</ele></trkpt>
    <trkpt lat="47.092052" lon="11.46771"><ele>1041.75</ele></trkpt>
    <trkpt lat="47.091982" lon="11.467691"><ele>1043.0</ele></trkpt>
    <trkpt lat="47.091802" lon="11.467701"><ele>1043.5</ele></trkpt>
    <trkpt lat="47.091757" lon="11.467636"><ele>1045.25</ele></trkpt>
    <trkpt lat="47.091598" lon="11.467545"><ele>1047.25</ele></trkpt>
    <trkpt lat="47.09158" lon="11.467516"><ele>1048.0</ele></trkpt>
    <trkpt lat="47.091571" lon="11.467447"><ele>1048.75</ele></trkpt>
    <trkpt lat="47.091574" lon="11.467398"><ele>1049.25</ele></trkpt>
    <trkpt lat="47.091656" lon="11.467185"><ele>1051.0</ele></trkpt>
    <trkpt lat="47.091771" lon="11.466681"><ele>1051.5</ele></trkpt>
    <trkpt lat="47.091606" lon="11.466654"><ele>1052.0</ele></trkpt>
    <trkpt lat="47.091551" lon="11.466657"><ele>1052.25</ele></trkpt>
    <trkpt lat="47.091441" lon="11.466535"><ele>1052.75</ele></trkpt>
    <trkpt lat="47.09134" lon="11.466467"><ele>1053.0</ele></trkpt>
    <trkpt lat="47.09124" lon="11.466414"><ele>1053.25</ele></trkpt>
    <trkpt lat="47.091062" lon="11.466347"><ele>1053.75</ele></trkpt>
    <trkpt lat="47.090866" lon="11.466233"><ele>1053.75</ele></trkpt>
    <trkpt lat="47.090808" lon="11.466185"><ele>1054.0</ele></trkpt>
    <trkpt lat="47.090608" lon="11.466013"><ele>1053.0</ele></trkpt>
    <trkpt lat="47.090336" lon="11.465908"><ele>1053.25</ele></trkpt>
    <trkpt lat="47.089991" lon="11.466035"><ele>1056.0</ele></trkpt>
    <trkpt lat="47.089923" lon="11.466044"><ele>1056.25</ele></trkpt>
    <trkpt lat="47.089898" lon="11.466047"><ele>1056.25</ele></trkpt>
    <trkpt lat="47.089673" lon="11.466016"><ele>1057.0</ele></trkpt>
    <trkpt lat="47.089493" lon="11.465958"><ele>1057.0</ele></trkpt>
    <trkpt lat="47.089304" lon="11.465868"><ele>1058.0</ele></trkpt>
    <trkpt lat="47.089131" lon="11.465797"><ele>1059.25</ele></trkpt>
    <trkpt lat="47.088986" lon="11.465811"><ele>1061.0</ele></trkpt>
    <trkpt lat="47.088727" lon="11.465855"><ele>1063.5</ele></trkpt>
    <trkpt lat="47.088499" lon="11.465852"><ele>1066.0</ele></trkpt>
    <trkpt lat="47.088235" lon="11.465772"><ele>1071.0</ele></trkpt>
    <trkpt lat="47.087591" lon="11.465573"><ele>1086.5</ele></trkpt>
    <trkpt lat="47.087467" lon="11.46551"><ele>1089.75</ele></trkpt>
    <trkpt lat="47.087288" lon="11.465281"><ele>1096.5</ele></trkpt>
    <trkpt lat="47.08692" lon="11.464834"><ele>1109.0</ele></trkpt>
    <trkpt lat="47.086796" lon="11.464708"><ele>1111.0</ele></trkpt>
    <trkpt lat="47.086674" lon="11.464608"><ele>1111.5</ele></trkpt>
    <trkpt lat="47.086226" lon="11.464184"><ele>1119.75</ele></trkpt>
    <trkpt lat="47.085992" lon="11.464065"><ele>1122.25</ele></trkpt>
    <trkpt lat="47.08586" lon="11.464074"><ele>1123.0</ele></trkpt>
    <trkpt lat="47.085681" lon="11.464167"><ele>1124.0</ele></trkpt>
    <trkpt lat="47.085518" lon="11.464199"><ele>1125.25</ele></trkpt>
    <trkpt lat="47.085428" lon="11.464262"><ele>1126.0</ele></trkpt>
    <trkpt lat="47.08534" lon="11.464369"><ele>1126.75</ele></trkpt>
    <trkpt lat="47.085202" lon="11.464205"><ele>1128.5</ele></trkpt>
    <trkpt lat="47.085056" lon="11.464068"><ele>1130.25</ele></trkpt>
    <trkpt lat="47.084985" lon="11.464032"><ele>1131.0</ele></trkpt>
    <trkpt lat="47.084889" lon="11.463983"><ele>1132.0</ele></trkpt>
    <trkpt lat="47.0847" lon="11.463869"><ele>1135.0</ele></trkpt>
    <trkpt lat="47.084526" lon="11.463698"><ele>1137.75</ele></trkpt>
    <trkpt lat="47.084334" lon="11.463491"><ele>1141.75</ele></trkpt>
    <trkpt lat="47.084179" lon="11.463366"><ele>1146.0</ele></trkpt>
    <trkpt lat="47.084029" lon="11.463356"><ele>1150.5</ele></trkpt>
    <trkpt lat="47.083929" lon="11.463406"><ele>1152.5</ele></trkpt>
    <trkpt lat="47.083844" lon="11.463506"><ele>1153.0</ele></trkpt>
    <trkpt lat="47.08358" lon="11.463851"><ele>1157.0</ele></trkpt>
    <trkpt lat="47.083405" lon="11.464154"><ele>1160.5</ele></trkpt>
    <trkpt lat="47.083317" lon="11.464444"><ele>1161.0</ele></trkpt>
    <trkpt lat="47.083129" lon="11.465195"><ele>1161.25</ele></trkpt>
    <trkpt lat="47.083023" lon="11.465583"><ele>1163.0</ele></trkpt>
    <trkpt lat="47.082937" lon="11.46575"><ele>1162.75</ele></trkpt>
    <trkpt lat="47.082886" lon="11.465778"><ele>1164.0</ele></trkpt>
    <trkpt lat="47.082784" lon="11.465718"><ele>1167.5</ele></trkpt>
    <trkpt lat="47.082629" lon="11.465589"><ele>1170.75</ele></trkpt>
    <trkpt lat="47.082588" lon="11.465618"><ele>1170.75</ele></trkpt>
    <trkpt lat="47.082137" lon="11.466711"><ele>1176.0</ele></trkpt>
    <trkpt lat="47.081839" lon="11.467256"><ele>1178.25</ele></trkpt>
    <trkpt lat="47.081746" lon="11.467463"><ele>1176.0</ele></trkpt>
    <trkpt lat="47.08162" lon="11.467566"><ele>1179.0</ele></trkpt>
    <trkpt lat="47.081499" lon="11.467769"><ele>1182.5</ele></trkpt>
    <trkpt lat="47.081217" lon="11.468323"><ele>1188.0</ele></trkpt>
    <trkpt lat="47.081024" lon="11.468613"><ele>1190.0</ele></trkpt>
    <trkpt lat="47.080919" lon="11.468734"><ele>1192.0</ele></trkpt>
    <trkpt lat="47.080799" lon="11.468835"><ele>1192.25</ele></trkpt>
    <trkpt lat="47.080682" lon="11.468874"><ele>1193.75</ele></trkpt>
    <trkpt lat="47.080555" lon="11.468894"><ele>1195.75</ele></trkpt>
    <trkpt lat="47.080432" lon="11.468886"><ele>1196.5</ele></trkpt>
    <trkpt lat="47.080121" lon="11.468797"><ele>1201.5</ele></trkpt>
    <trkpt lat="47.079983" lon="11.468772"><ele>1202.25</ele></trkpt>
    <trkpt lat="47.079835" lon="11.468786"><ele>1203.0</ele></trkpt>
    <trkpt lat="47.079726" lon="11.468807"><ele>1203.25</ele></trkpt>
    <trkpt lat="47.07963" lon="11.468865"><ele>1204.25</ele></trkpt>
    <trkpt lat="47.079544" lon="11.468926"><ele>1205.5</ele></trkpt>
    <trkpt lat="47.079153" lon="11.469402"><ele>1205.5</ele></trkpt>
    <trkpt lat="47.078991" lon="11.469529"><ele>1207.5</ele></trkpt>
    <trkpt lat="47.078796" lon="11.469644"><ele>1210.25</ele></trkpt>
    <trkpt lat="47.078509" lon="11.469842"><ele>1212.25</ele></trkpt>
    <trkpt lat="47.078433" lon="11.469883"><ele>1212.25</ele></trkpt>
    <trkpt lat="47.078365" lon="11.469888"><ele>1213.25</ele></trkpt>
    <trkpt lat="47.078242" lon="11.46982"><ele>1216.5</ele></trkpt>
    <trkpt lat="47.077947" lon="11.469607"><ele>1221.0</ele></trkpt>
    <trkpt lat="47.077716" lon="11.469537"><ele>1222.0</ele></trkpt>
    <trkpt lat="47.077572" lon="11.469545"><ele>1222.0</ele></trkpt>
    <trkpt lat="47.077511" lon="11.469506"><ele>1224.25</ele></trkpt>
    <trkpt lat="47.0774" lon="11.469367"><ele>1229.25</ele></trkpt>
    <trkpt lat="47.077321" lon="11.469298"><ele>1231.0</ele></trkpt>
    <trkpt lat="47.077015" lon="11.469214"><ele>1232.0</ele></trkpt>
    <trkpt lat="47.076926" lon="11.469141"><ele>1235.25</ele></trkpt>
    <trkpt lat="47.076812" lon="11.469"><ele>1236.0</ele></trkpt>
    <trkpt lat="47.076719" lon="11.468735"><ele>1238.75</ele></trkpt>
    <trkpt lat="47.076682" lon="11.4685"><ele>1239.25</ele></trkpt>
    <trkpt lat="47.076695" lon="11.468105"><ele>1242.75</ele></trkpt>
    <trkpt lat="47.076673" lon="11.467813"><ele>1245.75</ele></trkpt>
    <trkpt lat="47.07669" lon="11.467697"><ele>1246.0</ele></trkpt>
    <trkpt lat="47.076797" lon="11.467378"><ele>1249.5</ele></trkpt>
    <trkpt lat="47.07688" lon="11.467032"><ele>1253.0</ele></trkpt>
    <trkpt lat="47.076858" lon="11.46691"><ele>1253.0</ele></trkpt>
    <trkpt lat="47.076782" lon="11.46683"><ele>1254.0</ele></trkpt>
    <trkpt lat="47.076547" lon="11.466792"><ele>1256.0</ele></trkpt>
    <trkpt lat="47.076378" lon="11.466678"><ele>1258.5</ele></trkpt>
    <trkpt lat="47.076192" lon="11.466537"><ele>1262.0</ele></trkpt>
    <trkpt lat="47.076085" lon="11.46639"><ele>1265.0</ele></trkpt>
    <trkpt lat="47.076018" lon="11.466187"><ele>1269.25</ele></trkpt>
    <trkpt lat="47.075923" lon="11.466039"><ele>1271.25</ele></trkpt>
    <trkpt lat="47.07582" lon="11.465982"><ele>1270.5</ele></trkpt>
    <trkpt lat="47.075672" lon="11.466021"><ele>1273.75</ele></trkpt>
    <trkpt lat="47.075554" lon="11.466128"><ele>1275.5</ele></trkpt>
    <trkpt lat="47.075422" lon="11.466182"><ele>1276.25</ele></trkpt>
    <trkpt lat="47.074957" lon="11.466106"><ele>1283.0</ele></trkpt>
    <trkpt lat="47.074665" lon="11.465843"><ele>1287.5</ele></trkpt>
    <trkpt lat="47.074344" lon="11.465442"><ele>1295.5</ele></trkpt>
    <trkpt lat="47.074221" lon="11.465391"><ele>1295.75</ele></trkpt>
    <trkpt lat="47.07411" lon="11.465371"><ele>1296.75</ele></trkpt>
    <trkpt lat="47.074044" lon="11.465376"><ele>1298.0</ele></trkpt>
    <trkpt lat="47.073974" lon="11.465406"><ele>1298.75</ele></trkpt>
    <trkpt lat="47.073886" lon="11.465489"><ele>1299.25</ele></trkpt>
    <trkpt lat="47.073779" lon="11.465642"><ele>1302.75</ele></trkpt>
    <trkpt lat="47.073739" lon="11.465815"><ele>1302.0</ele></trkpt>
    <trkpt lat="47.073726" lon="11.465953"><ele>1304.25</ele></trkpt>
    <trkpt lat="47.073816" lon="11.466217"><ele>1305.5</ele></trkpt>
    <trkpt lat="47.073843" lon="11.466383"><ele>1307.5</ele></trkpt>
    <trkpt lat="47.073834" lon="11.466532"><ele>1308.0</ele></trkpt>
    <trkpt lat="47.073785" lon="11.466693"><ele>1310.25</ele></trkpt>
    <trkpt lat="47.073654" lon="11.467012"><ele>1314.0</ele></trkpt>
    <trkpt lat="47.073586" lon="11.467115"><ele>1316.0</ele></trkpt>
    <trkpt lat="47.073497" lon="11.467166"><ele>1317.0</ele></trkpt>
    <trkpt lat="47.073262" lon="11.467149"><ele>1322.0</ele></trkpt>
    <trkpt lat="47.073013" lon="11.467267"><ele>1326.0</ele></trkpt>
    <trkpt lat="47.072893" lon="11.467349"><ele>1327.75</ele></trkpt>
    <trkpt lat="47.072829" lon="11.467447"><ele>1328.75</ele></trkpt>
    <trkpt lat="47.072652" lon="11.467639"><ele>1332.5</ele></trkpt>
    <trkpt lat="47.072446" lon="11.467822"><ele>1336.0</ele></trkpt>
    <trkpt lat="47.072288" lon="11.467946"><ele>1338.0</ele></trkpt>
    <trkpt lat="47.072115" lon="11.46804"><ele>1339.75</ele></trkpt>
    <trkpt lat="47.071932" lon="11.468088"><ele>1344.0</ele></trkpt>
    <trkpt lat="47.071833" lon="11.46818"><ele>1348.25</ele></trkpt>
    <trkpt lat="47.071695" lon="11.468427"><ele>1349.5</ele></trkpt>
    <trkpt lat="47.07149" lon="11.468717"><ele>1352.0</ele></trkpt>
    <trkpt lat="47.071246" lon="11.468879"><ele>1353.5</ele></trkpt>
    <trkpt lat="47.071061" lon="11.469091"><ele>1355.0</ele></trkpt>
    <trkpt lat="47.070862" lon="11.469627"><ele>1356.5</ele></trkpt>
    <trkpt lat="47.070551" lon="11.469973"><ele>1359.0</ele></trkpt>
    <trkpt lat="47.070137" lon="11.470261"><ele>1360.0</ele></trkpt>
    <trkpt lat="47.069527" lon="11.470465"><ele>1362.75</ele></trkpt>
    <trkpt lat="47.067398" lon="11.471069"><ele>1379.0</ele></trkpt>
    <trkpt lat="47.067067" lon="11.471243"><ele>1382.75</ele></trkpt>
    <trkpt lat="47.066856" lon="11.471454"><ele>1384.25</ele></trkpt>
    <trkpt lat="47.066638" lon="11.471794"><ele>1385.0</ele></trkpt>
    <trkpt lat="47.066534" lon="11.471994"><ele>1384.75</ele></trkpt>
    <trkpt lat="47.06631" lon="11.472307"><ele>1384.0</ele></trkpt>
    <trkpt lat="47.06612" lon="11.472483"><ele>1383.0</ele></trkpt>
    <trkpt lat="47.065894" lon="11.472608"><ele>1381.0</ele></trkpt>
    <trkpt lat="47.065529" lon="11.472678"><ele>1376.5</ele></trkpt>
    <trkpt lat="47.065401" lon="11.472762"><ele>1376.75</ele></trkpt>
    <trkpt lat="47.065284" lon="11.472907"><ele>1376.25</ele></trkpt>
    <trkpt lat="47.064714" lon="11.47336"><ele>1372.5</ele></trkpt>
    <trkpt lat="47.064477" lon="11.473585"><ele>1372.5</ele></trkpt>
    <trkpt lat="47.064348" lon="11.473687"><ele>1372.5</ele></trkpt>
    <trkpt lat="47.064091" lon="11.473812"><ele>1371.75</ele></trkpt>
    <trkpt lat="47.063827" lon="11.4739"><ele>1370.5</ele></trkpt>
    <trkpt lat="47.063541" lon="11.474052"><ele>1368.0</ele></trkpt>
    <trkpt lat="47.06326" lon="11.474225"><ele>1366.75</ele></trkpt>
    <trkpt lat="47.063126" lon="11.474294"><ele>1364.5</ele></trkpt>
    <trkpt lat="47.062585" lon="11.474455"><ele>1360.0</ele></trkpt>
    <trkpt lat="47.062056" lon="11.474763"><ele>1360.75</ele></trkpt>
    <trkpt lat="47.061564" lon="11.475106"><ele>1359.5</ele></trkpt>
    <trkpt lat="47.061013" lon="11.475437"><ele>1351.5</ele></trkpt>
    <trkpt lat="47.060914" lon="11.47553"><ele>1349.25</ele></trkpt>
    <trkpt lat="47.060818" lon="11.475647"><ele>1348.0</ele></trkpt>
    <trkpt lat="47.060763" lon="11.475794"><ele>1348.5</ele></trkpt>
    <trkpt lat="47.060718" lon="11.476087"><ele>1346.0</ele></trkpt>
    <trkpt lat="47.060666" lon="11.476228"><ele>1344.0</ele></trkpt>
    <trkpt lat="47.060592" lon="11.476348"><ele>1341.75</ele></trkpt>
    <trkpt lat="47.060391" lon="11.476511"><ele>1338.5</ele></trkpt>
    <trkpt lat="47.060093" lon="11.476928"><ele>1337.0</ele></trkpt>
    <trkpt lat="47.059993" lon="11.477032"><ele>1336.5</ele></trkpt>
    <trkpt lat="47.059838" lon="11.477103"><ele>1336.25</ele></trkpt>
    <trkpt lat="47.059405" lon="11.477243"><ele>1337.0</ele></trkpt>
    <trkpt lat="47.059021" lon="11.477336"><ele>1337.75</ele></trkpt>
    <trkpt lat="47.058743" lon="11.477309"><ele>1338.25</ele></trkpt>
    <trkpt lat="47.058457" lon="11.477214"><ele>1339.0</ele></trkpt>
    <trkpt lat="47.058171" lon="11.4772"><ele>1339.0</ele></trkpt>
    <trkpt lat="47.057581" lon="11.477284"><ele>1335.25</ele></trkpt>
    <trkpt lat="47.057498" lon="11.477284"><ele>1334.5</ele></trkpt>
    <trkpt lat="47.057264" lon="11.477083"><ele>1332.75</ele></trkpt>
    <trkpt lat="47.057132" lon="11.477043"><ele>1331.25</ele></trkpt>
    <trkpt lat="47.05695" lon="11.477054"><ele>1329.5</ele></trkpt>
    <trkpt lat="47.056748" lon="11.477196"><ele>1328.25</ele></trkpt>
    <trkpt lat="47.05655" lon="11.477639"><ele>1328.25</ele></trkpt>
    <trkpt lat="47.05636" lon="11.477833"><ele>1326.75</ele></trkpt>
    <trkpt lat="47.056188" lon="11.477973"><ele>1327.25</ele></trkpt>
    <trkpt lat="47.055405" lon="11.478237"><ele>1329.75</ele></trkpt>
    <trkpt lat="47.055066" lon="11.478285"><ele>1332.75</ele></trkpt>
    <trkpt lat="47.054873" lon="11.478373"><ele>1335.5</ele></trkpt>
    <trkpt lat="47.054589" lon="11.478616"><ele>1338.75</ele></trkpt>
    <trkpt lat="47.054005" lon="11.479047"><ele>1343.0</ele></trkpt>
    <trkpt lat="47.053496" lon="11.47934"><ele>1347.0</ele></trkpt>
    <trkpt lat="47.053455" lon="11.479364"><ele>1347.25</ele></trkpt>
    <trkpt lat="47.053109" lon="11.479437"><ele>1349.5</ele></trkpt>
    <trkpt lat="47.052284" lon="11.479522"><ele>1353.0</ele></trkpt>
    <trkpt lat="47.051942" lon="11.479499"><ele>1354.0</ele></trkpt>
    <trkpt lat="47.051471" lon="11.479467"><ele>1353.75</ele></trkpt>
    <trkpt lat="47.050089" lon="11.47915"><ele>1350.0</ele></trkpt>
    <trkpt lat="47.049742" lon="11.479102"><ele>1350.25</ele></trkpt>
    <trkpt lat="47.049361" lon="11.479105"><ele>1355.25</ele></trkpt>
    <trkpt lat="47.048701" lon="11.478988"><ele>1361.0</ele></trkpt>
    <trkpt lat="47.047951" lon="11.479069"><ele>1365.75</ele></trkpt>
    <trkpt lat="47.047542" lon="11.479076"><ele>1369.0</ele></trkpt>
    <trkpt lat="47.047381" lon="11.47904"><ele>1368.75</ele></trkpt>
    <trkpt lat="47.047211" lon="11.478841"><ele>1368.75</ele></trkpt>
    <trkpt lat="47.046727" lon="11.477939"><ele>1363.25</ele></trkpt>
    <trkpt lat="47.046634" lon="11.477707"><ele>1362.75</ele></trkpt>
    <trkpt lat="47.046599" lon="11.477648"><ele>1362.5</ele></trkpt>
    <trkpt lat="47.046483" lon="11.477515"><ele>1361.5</ele></trkpt>
    <trkpt lat="47.046084" lon="11.477257"><ele>1356.0</ele></trkpt>
    <trkpt lat="47.045736" lon="11.476812"><ele>1350.25</ele></trkpt>
    <trkpt lat="47.045138" lon="11.476241"><ele>1343.25</ele></trkpt>
    <trkpt lat="47.044736" lon="11.475777"><ele>1338.75</ele></trkpt>
    <trkpt lat="47.044619" lon="11.475641"><ele>1337.75</ele></trkpt>
    <trkpt lat="47.044509" lon="11.475419"><ele>1337.0</ele></trkpt>
    <trkpt lat="47.044503" lon="11.47525"><ele>1337.5</ele></trkpt>
    <trkpt lat="47.044543" lon="11.475086"><ele>1336.25</ele></trkpt>
    <trkpt lat="47.044903" lon="11.474702"><ele>1336.0</ele></trkpt>
    <trkpt lat="47.045181" lon="11.474485"><ele>1334.5</ele></trkpt>
    <trkpt lat="47.045265" lon="11.474345"><ele>1334.75</ele></trkpt>
    <trkpt lat="47.045276" lon="11.474235"><ele>1334.25</ele></trkpt>
    <trkpt lat="47.045244" lon="11.474092"><ele>1333.5</ele></trkpt>
    <trkpt lat="47.045161" lon="11.474048"><ele>1333.5</ele></trkpt>
    <trkpt lat="47.044736" lon="11.473948"><ele>1333.25</ele></trkpt>
    <trkpt lat="47.044363" lon="11.473717"><ele>1331.5</ele></trkpt>
    <trkpt lat="47.043947" lon="11.473611"><ele>1330.25</ele></trkpt>
    <trkpt lat="47.043666" lon="11.473587"><ele>1330.0</ele></trkpt>
    <trkpt lat="47.0435" lon="11.473647"><ele>1330.0</ele></trkpt>
    <trkpt lat="47.043305" lon="11.473811"><ele>1328.5</ele></trkpt>
    <trkpt lat="47.043185" lon="11.473992"><ele>1327.75</ele></trkpt>
    <trkpt lat="47.043015" lon="11.474352"><ele>1324.75</ele></trkpt>
    <trkpt lat="47.042989" lon="11.474407"><ele>1323.75</ele></trkpt>
    <trkpt lat="47.042881" lon="11.47451"><ele>1323.5</ele></trkpt>
    <trkpt lat="47.042656" lon="11.47456"><ele>1324.0</ele></trkpt>
    <trkpt lat="47.042362" lon="11.47454"><ele>1322.75</ele></trkpt>
    <trkpt lat="47.041633" lon="11.474551"><ele>1317.0</ele></trkpt>
    <trkpt lat="47.041513" lon="11.474535"><ele>1315.5</ele></trkpt>
    <trkpt lat="47.041385" lon="11.474534"><ele>1313.75</ele></trkpt>
    <trkpt lat="47.041231" lon="11.474496"><ele>1312.5</ele></trkpt>
    <trkpt lat="47.040733" lon="11.474286"><ele>1307.75</ele></trkpt>
    <trkpt lat="47.040232" lon="11.473994"><ele>1304.25</ele></trkpt>
    <trkpt lat="47.040068" lon="11.473848"><ele>1303.0</ele></trkpt>
    <trkpt lat="47.039759" lon="11.473475"><ele>1300.75</ele></trkpt>
    <trkpt lat="47.039589" lon="11.473311"><ele>1301.5</ele></trkpt>
    <trkpt lat="47.039359" lon="11.473191"><ele>1300.0</ele></trkpt>
    <trkpt lat="47.039228" lon="11.47315"><ele>1298.75</ele></trkpt>
    <trkpt lat="47.039097" lon="11.473109"><ele>1297.25</ele></trkpt>
    <trkpt lat="47.038803" lon="11.473095"><ele>1293.5</ele></trkpt>
    <trkpt lat="47.038317" lon="11.47279"><ele>1291.0</ele></trkpt>
    <trkpt lat="47.038058" lon="11.472702"><ele>1288.0</ele></trkpt>
    <trkpt lat="47.037705" lon="11.472717"><ele>1285.5</ele></trkpt>
    <trkpt lat="47.037428" lon="11.47268"><ele>1283.5</ele></trkpt>
    <trkpt lat="47.037268" lon="11.472659"><ele>1282.25</ele></trkpt>
    <trkpt lat="47.037165" lon="11.472645"><ele>1281.25</ele></trkpt>
    <trkpt lat="47.037029" lon="11.472613"><ele>1280.5</ele></trkpt>
    <trkpt lat="47.036939" lon="11.472592"><ele>1280.0</ele></trkpt>
    <trkpt lat="47.036846" lon="11.472597"><ele>1280.0</ele></trkpt>
    <trkpt lat="47.036771" lon="11.47262"><ele>1279.75</ele></trkpt>
    <trkpt lat="47.036461" lon="11.472843"><ele>1275.75</ele></trkpt>
    <trkpt lat="47.036299" lon="11.472886"><ele>1274.25</ele></trkpt>
    <trkpt lat="47.03584" lon="11.472835"><ele>1274.5</ele></trkpt>
    <trkpt lat="47.035657" lon="11.472759"><ele>1275.75</ele></trkpt>
    <trkpt lat="47.035422" lon="11.47255"><ele>1277.75</ele></trkpt>
    <trkpt lat="47.035209" lon="11.472419"><ele>1278.25</ele></trkpt>
    <trkpt lat="47.034969" lon="11.472324"><ele>1278.0</ele></trkpt>
    <trkpt lat="47.034791" lon="11.472126"><ele>1278.75</ele></trkpt>
    <trkpt lat="47.034653" lon="11.47186"><ele>1279.5</ele></trkpt>
    <trkpt lat="47.034528" lon="11.47144"><ele>1280.5</ele></trkpt>
    <trkpt lat="47.034488" lon="11.471337"><ele>1281.0</ele></trkpt>
    <trkpt lat="47.034428" lon="11.471253"><ele>1281.5</ele></trkpt>
    <trkpt lat="47.034187" lon="11.470989"><ele>1279.75</ele></trkpt>
    <trkpt lat="47.034157" lon="11.470921"><ele>1279.5</ele></trkpt>
    <trkpt lat="47.034004" lon="11.470408"><ele>1277.0</ele></trkpt>
    <trkpt lat="47.033946" lon="11.470321"><ele>1277.0</ele></trkpt>
    <trkpt lat="47.033512" lon="11.469988"><ele>1275.0</ele></trkpt>
    <trkpt lat="47.033336" lon="11.469746"><ele>1274.5</ele></trkpt>
    <trkpt lat="47.033147" lon="11.469406"><ele>1273.5</ele></trkpt>
    <trkpt lat="47.033038" lon="11.469243"><ele>1272.0</ele></trkpt>
    <trkpt lat="47.032872" lon="11.469109"><ele>1272.0</ele></trkpt>
    <trkpt lat="47.032735" lon="11.469061"><ele>1270.0</ele></trkpt>
    <trkpt lat="47.032705" lon="11.469041"><ele>1269.75</ele></trkpt>
    <trkpt lat="47.032677" lon="11.469023"><ele>1269.5</ele></trkpt>
    <trkpt lat="47.032554" lon="11.468889"><ele>1269.25</ele></trkpt>
    <trkpt lat="47.032405" lon="11.468719"><ele>1267.5</ele></trkpt>
    <trkpt lat="47.032218" lon="11.468429"><ele>1265.75</ele></trkpt>
    <trkpt lat="47.032163" lon="11.468292"><ele>1264.75</ele></trkpt>
    <trkpt lat="47.032014" lon="11.467794"><ele>1264.25</ele></trkpt>
    <trkpt lat="47.031897" lon="11.467564"><ele>1263.75</ele></trkpt>
    <trkpt lat="47.031807" lon="11.467435"><ele>1264.0</ele></trkpt>
    <trkpt lat="47.031706" lon="11.467385"><ele>1263.0</ele></trkpt>
    <trkpt lat="47.031676" lon="11.467376"><ele>1262.75</ele></trkpt>
    <trkpt lat="47.031624" lon="11.46736"><ele>1262.5</ele></trkpt>
    <trkpt lat="47.031514" lon="11.467307"><ele>1262.5</ele></trkpt>
    <trkpt lat="47.031421" lon="11.467227"><ele>1263.25</ele></trkpt>
    <trkpt lat="47.03132" lon="11.467069"><ele>1263.5</ele></trkpt>
    <trkpt lat="47.031082" lon="11.466525"><ele>1265.25</ele></trkpt>
    <trkpt lat="47.030949" lon="11.466268"><ele>1265.0</ele></trkpt>
    <trkpt lat="47.03083" lon="11.466079"><ele>1264.5</ele></trkpt>
    <trkpt lat="47.030666" lon="11.465892"><ele>1265.25</ele></trkpt>
    <trkpt lat="47.030382" lon="11.465768"><ele>1264.0</ele></trkpt>
    <trkpt lat="47.030283" lon="11.465689"><ele>1264.0</ele></trkpt>
    <trkpt lat="47.03021" lon="11.465573"><ele>1264.75</ele></trkpt>
    <trkpt lat="47.030094" lon="11.465296"><ele>1265.75</ele></trkpt>
    <trkpt lat="47.030041" lon="11.465207"><ele>1264.75</ele></trkpt>
    <trkpt lat="47.029998" lon="11.465162"><ele>1263.75</ele></trkpt>
    <trkpt lat="47.029874" lon="11.465074"><ele>1263.5</ele></trkpt>
    <trkpt lat="47.029394" lon="11.464896"><ele>1264.0</ele></trkpt>
    <trkpt lat="47.029242" lon="11.464789"><ele>1264.0</ele></trkpt>
    <trkpt lat="47.029146" lon="11.464687"><ele>1264.25</ele></trkpt>
    <trkpt lat="47.029037" lon="11.464572"><ele>1264.5</ele></trkpt>
    <trkpt lat="47.028904" lon="11.464367"><ele>1264.75</ele></trkpt>
    <trkpt lat="47.028743" lon="11.464062"><ele>1266.25</ele></trkpt>
    <trkpt lat="47.028615" lon="11.463813"><ele>1264.25</ele></trkpt>
    <trkpt lat="47.028594" lon="11.463766"><ele>1264.25</ele></trkpt>
    <trkpt lat="47.028463" lon="11.463506"><ele>1264.25</ele></trkpt>
    <trkpt lat="47.028445" lon="11.463436"><ele>1264.0</ele></trkpt>
    <trkpt lat="47.028432" lon="11.463388"><ele>1263.75</ele></trkpt>
    <trkpt lat="47.028371" lon="11.463154"><ele>1262.75</ele></trkpt>
    <trkpt lat="47.028252" lon="11.462955"><ele>1259.75</ele></trkpt>
    <trkpt lat="47.028104" lon="11.462707"><ele>1257.25</ele></trkpt>
    <trkpt lat="47.028019" lon="11.462594"><ele>1256.5</ele></trkpt>
    <trkpt lat="47.027962" lon="11.462557"><ele>1256.25</ele></trkpt>
    <trkpt lat="47.027898" lon="11.462548"><ele>1255.5</ele></trkpt>
    <trkpt lat="47.027575" lon="11.462569"><ele>1251.25</ele></trkpt>
    <trkpt lat="47.027286" lon="11.46249"><ele>1249.75</ele></trkpt>
    <trkpt lat="47.027264" lon="11.462483"><ele>1249.75</ele></trkpt>
    <trkpt lat="47.027219" lon="11.462485"><ele>1249.25</ele></trkpt>
    <trkpt lat="47.027118" lon="11.462515"><ele>1248.75</ele></trkpt>
    <trkpt lat="47.027073" lon="11.462554"><ele>1248.5</ele></trkpt>
    <trkpt lat="47.027171" lon="11.462867"><ele>1246.25</ele></trkpt>
    <trkpt lat="47.027289" lon="11.46309"><ele>1245.75</ele></trkpt>
    <trkpt lat="47.02751" lon="11.463412"><ele>1243.5</ele></trkpt>
    <trkpt lat="47.027568" lon="11.46352"><ele>1243.25</ele></trkpt>
    <trkpt lat="47.027606" lon="11.463624"><ele>1242.75</ele></trkpt>
    <trkpt lat="47.027638" lon="11.463756"><ele>1242.25</ele></trkpt>
    <trkpt lat="47.027666" lon="11.463954"><ele>1241.5</ele></trkpt>
    <trkpt lat="47.027675" lon="11.46403"><ele>1241.0</ele></trkpt>
    <trkpt lat="47.027707" lon="11.464286"><ele>1240.5</ele></trkpt>
    <trkpt lat="47.027716" lon="11.464432"><ele>1240.75</ele></trkpt>
    <trkpt lat="47.027762" lon="11.464787"><ele>1239.75</ele></trkpt>
    <trkpt lat="47.027792" lon="11.464951"><ele>1239.75</ele></trkpt>
    <trkpt lat="47.027846" lon="11.465187"><ele>1239.5</ele></trkpt>
    <trkpt lat="47.027939" lon="11.465457"><ele>1239.5</ele></trkpt>
    <trkpt lat="47.027998" lon="11.465591"><ele>1238.75</ele></trkpt>
    <trkpt lat="47.028086" lon="11.465753"><ele>1238.25</ele></trkpt>
    <trkpt lat="47.028163" lon="11.465883"><ele>1239.5</ele></trkpt>
    <trkpt lat="47.02863" lon="11.466484"><ele>1236.75</ele></trkpt>
    <trkpt lat="47.028682" lon="11.46657"><ele>1237.75</ele></trkpt>
    <trkpt lat="47.029055" lon="11.467259"><ele>1236.25</ele></trkpt>
    <trkpt lat="47.0291" lon="11.46733"><ele>1235.75</ele></trkpt>
    <trkpt lat="47.029169" lon="11.467391"><ele>1234.25</ele></trkpt>
    <trkpt lat="47.029217" lon="11.467422"><ele>1234.25</ele></trkpt>
    <trkpt lat="47.029269" lon="11.467441"><ele>1234.0</ele></trkpt>
    <trkpt lat="47.029371" lon="11.467467"><ele>1233.25</ele></trkpt>
    <trkpt lat="47.029574" lon="11.4675"><ele>1230.5</ele></trkpt>
    <trkpt lat="47.029647" lon="11.467529"><ele>1229.75</ele></trkpt>
    <trkpt lat="47.029761" lon="11.467618"><ele>1228.75</ele></trkpt>
    <trkpt lat="47.030094" lon="11.467951"><ele>1225.25</ele></trkpt>
    <trkpt lat="47.030218" lon="11.468093"><ele>1224.5</ele></trkpt>
    <trkpt lat="47.030392" lon="11.468349"><ele>1225.0</ele></trkpt>
    <trkpt lat="47.030484" lon="11.468465"><ele>1224.0</ele></trkpt>
    <trkpt lat="47.030587" lon="11.468541"><ele>1221.75</ele></trkpt>
    <trkpt lat="47.030697" lon="11.468621"><ele>1221.0</ele></trkpt>
    <trkpt lat="47.030757" lon="11.468679"><ele>1220.75</ele></trkpt>
    <trkpt lat="47.030802" lon="11.468737"><ele>1220.25</ele></trkpt>
    <trkpt lat="47.030857" lon="11.468823"><ele>1220.25</ele></trkpt>
    <trkpt lat="47.030924" lon="11.46893"><ele>1220.75</ele></trkpt>
    <trkpt lat="47.030976" lon="11.46904"><ele>1220.25</ele></trkpt>
    <trkpt lat="47.031127" lon="11.469506"><ele>1218.0</ele></trkpt>
    <trkpt lat="47.031382" lon="11.470033"><ele>1216.0</ele></trkpt>
    <trkpt lat="47.031434" lon="11.470092"><ele>1216.75</ele></trkpt>
    <trkpt lat="47.031887" lon="11.47061"><ele>1211.75</ele></trkpt>
    <trkpt lat="47.031956" lon="11.47068"><ele>1210.0</ele></trkpt>
    <trkpt lat="47.03198" lon="11.470707"><ele>1210.5</ele></trkpt>
    <trkpt lat="47.032484" lon="11.471272"><ele>1207.5</ele></trkpt>
    <trkpt lat="47.032687" lon="11.471601"><ele>1206.75</ele></trkpt>
    <trkpt lat="47.032744" lon="11.471764"><ele>1205.5</ele></trkpt>
    <trkpt lat="47.032964" lon="11.472388"><ele>1204.5</ele></trkpt>
    <trkpt lat="47.033265" lon="11.472922"><ele>1201.75</ele></trkpt>
    <trkpt lat="47.033418" lon="11.473192"><ele>1200.5</ele></trkpt>
    <trkpt lat="47.033541" lon="11.473354"><ele>1199.0</ele></trkpt>
    <trkpt lat="47.033764" lon="11.47346"><ele>1199.0</ele></trkpt>
    <trkpt lat="47.033961" lon="11.473591"><ele>1199.0</ele></trkpt>
    <trkpt lat="47.034102" lon="11.4738"><ele>1197.75</ele></trkpt>
    <trkpt lat="47.034168" lon="11.473955"><ele>1195.5</ele></trkpt>
    <trkpt lat="47.034218" lon="11.474114"><ele>1198.25</ele></trkpt>
    <trkpt lat="47.034219" lon="11.474408"><ele>1197.75</ele></trkpt>
    <trkpt lat="47.034094" lon="11.474942"><ele>1194.0</ele></trkpt>
    <trkpt lat="47.034096" lon="11.474985"><ele>1194.0</ele></trkpt>
    <trkpt lat="47.034103" lon="11.4751"><ele>1193.25</ele></trkpt>
    <trkpt lat="47.034164" lon="11.475306"><ele>1191.75</ele></trkpt>
    <trkpt lat="47.034311" lon="11.475697"><ele>1193.25</ele></trkpt>
    <trkpt lat="47.034653" lon="11.476562"><ele>1189.5</ele></trkpt>
    <trkpt lat="47.034727" lon="11.476749"><ele>1187.5</ele></trkpt>
    <trkpt lat="47.034801" lon="11.4769"><ele>1190.0</ele></trkpt>
    <trkpt lat="47.034944" lon="11.477134"><ele>1188.5</ele></trkpt>
    <trkpt lat="47.035135" lon="11.477366"><ele>1187.0</ele></trkpt>
    <trkpt lat="47.035319" lon="11.477547"><ele>1184.25</ele></trkpt>
    <trkpt lat="47.03557" lon="11.47775"><ele>1182.25</ele></trkpt>
    <trkpt lat="47.03593" lon="11.478088"><ele>1183.25</ele></trkpt>
    <trkpt lat="47.036091" lon="11.478232"><ele>1182.0</ele></trkpt>
    <trkpt lat="47.036298" lon="11.478423"><ele>1177.25</ele></trkpt>
    <trkpt lat="47.036322" lon="11.478447"><ele>1177.0</ele></trkpt>
    <trkpt lat="47.036398" lon="11.478523"><ele>1176.5</ele></trkpt>
    <trkpt lat="47.036685" lon="11.478807"><ele>1175.5</ele></trkpt>
    <trkpt lat="47.036741" lon="11.478825"><ele>1175.5</ele></trkpt>
    <trkpt lat="47.036825" lon="11.478827"><ele>1175.25</ele></trkpt>
    <trkpt lat="47.036795" lon="11.478996"><ele>1175.25</ele></trkpt>
    <trkpt lat="47.036716" lon="11.479123"><ele>1176.0</ele></trkpt>
    <trkpt lat="47.03651" lon="11.479384"><ele>1176.25</ele></trkpt>
    <trkpt lat="47.036376" lon="11.479505"><ele>1176.75</ele></trkpt>
    <trkpt lat="47.036305" lon="11.47957"><ele>1176.75</ele></trkpt>
    <trkpt lat="47.036129" lon="11.47977"><ele>1176.75</ele></trkpt>
    <trkpt lat="47.035823" lon="11.480264"><ele>1177.75</ele></trkpt>
    <trkpt lat="47.035517" lon="11.480718"><ele>1178.0</ele></trkpt>
    <trkpt lat="47.035386" lon="11.480994"><ele>1179.25</ele></trkpt>
    <trkpt lat="47.035381" lon="11.481023"><ele>1179.5</ele></trkpt>
    <trkpt lat="47.035338" lon="11.481239"><ele>1179.75</ele></trkpt>
    <trkpt lat="47.035327" lon="11.481298"><ele>1180.0</ele></trkpt>
    <trkpt lat="47.035291" lon="11.481463"><ele>1180.25</ele></trkpt>
    <trkpt lat="47.035247" lon="11.481629"><ele>1181.75</ele></trkpt>
    <trkpt lat="47.035206" lon="11.481904"><ele>1183.75</ele></trkpt>
    <trkpt lat="47.035195" lon="11.482043"><ele>1184.25</ele></trkpt>
    <trkpt lat="47.035198" lon="11.482217"><ele>1184.5</ele></trkpt>
    <trkpt lat="47.035224" lon="11.482519"><ele>1183.25</ele></trkpt>
    <trkpt lat="47.034849" lon="11.483149"><ele>1189.0</ele></trkpt>
    <trkpt lat="47.034848" lon="11.483152"><ele>1189.0</ele></trkpt>
    <trkpt lat="47.034846" lon="11.483156"><ele>1189.0</ele></trkpt>
    <trkpt lat="47.034688" lon="11.483421"><ele>1186.5</ele></trkpt>
    <trkpt lat="47.034491" lon="11.483748"><ele>1189.0</ele></trkpt>
    <trkpt lat="47.034382" lon="11.483902"><ele>1187.5</ele></trkpt>
    <trkpt lat="47.034253" lon="11.484051"><ele>1189.0</ele></trkpt>
    <trkpt lat="47.034119" lon="11.48418"><ele>1188.5</ele></trkpt>
    <trkpt lat="47.033798" lon="11.484487"><ele>1191.75</ele></trkpt>
    <trkpt lat="47.03331" lon="11.484952"><ele>1197.5</ele></trkpt>
    <trkpt lat="47.033079" lon="11.485234"><ele>1198.25</ele></trkpt>
    <trkpt lat="47.032919" lon="11.485494"><ele>1198.25</ele></trkpt>
    <trkpt lat="47.032886" lon="11.485549"><ele>1198.5</ele></trkpt>
    <trkpt lat="47.032684" lon="11.485886"><ele>1198.5</ele></trkpt>
    <trkpt lat="47.032591" lon="11.486042"><ele>1198.0</ele></trkpt>
    <trkpt lat="47.032427" lon="11.486263"><ele>1198.75</ele></trkpt>
    <trkpt lat="47.032316" lon="11.486403"><ele>1198.0</ele></trkpt>
    <trkpt lat="47.032284" lon="11.486444"><ele>1198.25</ele></trkpt>
    <trkpt lat="47.032088" lon="11.486668"><ele>1200.0</ele></trkpt>
    <trkpt lat="47.032043" lon="11.48672"><ele>1200.5</ele></trkpt>
    <trkpt lat="47.031903" lon="11.486919"><ele>1201.25</ele></trkpt>
    <trkpt lat="47.031679" lon="11.487331"><ele>1202.25</ele></trkpt>
    <trkpt lat="47.031595" lon="11.487472"><ele>1204.75</ele></trkpt>
    <trkpt lat="47.031503" lon="11.487594"><ele>1206.0</ele></trkpt>
    <trkpt lat="47.031344" lon="11.487758"><ele>1206.75</ele></trkpt>
    <trkpt lat="47.031257" lon="11.487841"><ele>1208.25</ele></trkpt>
    <trkpt lat="47.030768" lon="11.488306"><ele>1211.75</ele></trkpt>
    <trkpt lat="47.03058" lon="11.488497"><ele>1212.25</ele></trkpt>
    <trkpt lat="47.030394" lon="11.488733"><ele>1213.75</ele></trkpt>
    <trkpt lat="47.03021" lon="11.489024"><ele>1215.5</ele></trkpt>
    <trkpt lat="47.030047" lon="11.489328"><ele>1215.5</ele></trkpt>
    <trkpt lat="47.029957" lon="11.489477"><ele>1217.5</ele></trkpt>
    <trkpt lat="47.029842" lon="11.489664"><ele>1218.0</ele></trkpt>
    <trkpt lat="47.029596" lon="11.489982"><ele>1218.25</ele></trkpt>
    <trkpt lat="47.029442" lon="11.490232"><ele>1217.75</ele></trkpt>
    <trkpt lat="47.029258" lon="11.490628"><ele>1218.5</ele></trkpt>
    <trkpt lat="47.02919" lon="11.490781"><ele>1218.0</ele></trkpt>
    <trkpt lat="47.029098" lon="11.491027"><ele>1218.25</ele></trkpt>
    <trkpt lat="47.0285" lon="11.49258"><ele>1221.5</ele></trkpt>
    <trkpt lat="47.028173" lon="11.493492"><ele>1224.0</ele></trkpt>
    <trkpt lat="47.028023" lon="11.493928"><ele>1225.25</ele></trkpt>
    <trkpt lat="47.027841" lon="11.494575"><ele>1227.5</ele></trkpt>
    <trkpt lat="47.027337" lon="11.496463"><ele>1235.0</ele></trkpt>
    <trkpt lat="47.027272" lon="11.496729"><ele>1236.75</ele></trkpt>
    <trkpt lat="47.027201" lon="11.497174"><ele>1236.0</ele></trkpt>
    <trkpt lat="47.027193" lon="11.497504"><ele>1238.0</ele></trkpt>
    <trkpt lat="47.027251" lon="11.498439"><ele>1247.5</ele></trkpt>
    <trkpt lat="47.027248" lon="11.49867"><ele>1249.0</ele></trkpt>
    <trkpt lat="47.027234" lon="11.498884"><ele>1249.75</ele></trkpt>
    <trkpt lat="47.027068" lon="11.500401"><ele>1260.5</ele></trkpt>
    <trkpt lat="47.02701" lon="11.500879"><ele>1264.25</ele></trkpt>
    <trkpt lat="47.026945" lon="11.501146"><ele>1264.5</ele></trkpt>
    <trkpt lat="47.026859" lon="11.501379"><ele>1265.5</ele></trkpt>
    <trkpt lat="47.026776" lon="11.501527"><ele>1268.75</ele></trkpt>
    <trkpt lat="47.026689" lon="11.501664"><ele>1269.0</ele></trkpt>
    <trkpt lat="47.026516" lon="11.501881"><ele>1271.5</ele></trkpt>
    <trkpt lat="47.026317" lon="11.502052"><ele>1273.0</ele></trkpt>
    <trkpt lat="47.026189" lon="11.502132"><ele>1273.25</ele></trkpt>
    <trkpt lat="47.026059" lon="11.502199"><ele>1275.0</ele></trkpt>
    <trkpt lat="47.025835" lon="11.502275"><ele>1278.0</ele></trkpt>
    <trkpt lat="47.025599" lon="11.502301"><ele>1281.75</ele></trkpt>
    <trkpt lat="47.025243" lon="11.502269"><ele>1287.0</ele></trkpt>
    <trkpt lat="47.02514" lon="11.502255"><ele>1287.5</ele></trkpt>
    <trkpt lat="47.024821" lon="11.502219"><ele>1289.25</ele></trkpt>
    <trkpt lat="47.024598" lon="11.502174"><ele>1291.0</ele></trkpt>
    <trkpt lat="47.024462" lon="11.502127"><ele>1292.75</ele></trkpt>
    <trkpt lat="47.023945" lon="11.501763"><ele>1300.0</ele></trkpt>
    <trkpt lat="47.023783" lon="11.501681"><ele>1301.25</ele></trkpt>
    <trkpt lat="47.023731" lon="11.501672"><ele>1301.75</ele></trkpt>
    <trkpt lat="47.023579" lon="11.501647"><ele>1303.0</ele></trkpt>
    <trkpt lat="47.02339" lon="11.501667"><ele>1304.5</ele></trkpt>
    <trkpt lat="47.023245" lon="11.50173"><ele>1307.0</ele></trkpt>
    <trkpt lat="47.022513" lon="11.502134"><ele>1315.5</ele></trkpt>
    <trkpt lat="47.022223" lon="11.502276"><ele>1316.5</ele></trkpt>
    <trkpt lat="47.021724" lon="11.50247"><ele>1317.75</ele></trkpt>
    <trkpt lat="47.021521" lon="11.502574"><ele>1318.0</ele></trkpt>
    <trkpt lat="47.021267" lon="11.502754"><ele>1318.75</ele></trkpt>
    <trkpt lat="47.021055" lon="11.502937"><ele>1319.25</ele></trkpt>
    <trkpt lat="47.020869" lon="11.503123"><ele>1318.75</ele></trkpt>
    <trkpt lat="47.020883" lon="11.503206"><ele>1320.0</ele></trkpt>
    <trkpt lat="47.020873" lon="11.503278"><ele>1320.25</ele></trkpt>
    <trkpt lat="47.020654" lon="11.503546"><ele>1321.5</ele></trkpt>
    <trkpt lat="47.02059" lon="11.503675"><ele>1322.0</ele></trkpt>
    <trkpt lat="47.020596" lon="11.503765"><ele>1323.75</ele></trkpt>
    <trkpt lat="47.020716" lon="11.503947"><ele>1327.5</ele></trkpt>
    <trkpt lat="47.020199" lon="11.504566"><ele>1329.0</ele></trkpt>
    <trkpt lat="47.020004" lon="11.504796"><ele>1330.75</ele></trkpt>
    <trkpt lat="47.019711" lon="11.505179"><ele>1331.5</ele></trkpt>
    <trkpt lat="47.019438" lon="11.505607"><ele>1332.75</ele></trkpt>
    <trkpt lat="47.019191" lon="11.50608"><ele>1335.0</ele></trkpt>
    <trkpt lat="47.018843" lon="11.506896"><ele>1336.0</ele></trkpt>
    <trkpt lat="47.018733" lon="11.507147"><ele>1339.0</ele></trkpt>
    <trkpt lat="47.018155" lon="11.508464"><ele>1342.0</ele></trkpt>
    <trkpt lat="47.017925" lon="11.508829"><ele>1341.25</ele></trkpt>
    <trkpt lat="47.017564" lon="11.509317"><ele>1343.0</ele></trkpt>
    <trkpt lat="47.017075" lon="11.509875"><ele>1336.25</ele></trkpt>
    <trkpt lat="47.017057" lon="11.50994"><ele>1335.25</ele></trkpt>
    <trkpt lat="47.016918" lon="11.510189"><ele>1329.0</ele></trkpt>
    <trkpt lat="47.016666" lon="11.510404"><ele>1323.0</ele></trkpt>
    <trkpt lat="47.016564" lon="11.510547"><ele>1321.25</ele></trkpt>
    <trkpt lat="47.016452" lon="11.510657"><ele>1321.75</ele></trkpt>
    <trkpt lat="47.016354" lon="11.510696"><ele>1321.0</ele></trkpt>
    <trkpt lat="47.016268" lon="11.510864"><ele>1323.25</ele></trkpt>
    <trkpt lat="47.016271" lon="11.511011"><ele>1325.0</ele></trkpt>
    <trkpt lat="47.016221" lon="11.511097"><ele>1326.0</ele></trkpt>
    <trkpt lat="47.016187" lon="11.511142"><ele>1326.0</ele></trkpt>
    <trkpt lat="47.016067" lon="11.511223"><ele>1325.5</ele></trkpt>
    <trkpt lat="47.015989" lon="11.511243"><ele>1327.25</ele></trkpt>
    <trkpt lat="47.015872" lon="11.51125"><ele>1330.0</ele></trkpt>
    <trkpt lat="47.015779" lon="11.511221"><ele>1332.25</ele></trkpt>
    <trkpt lat="47.01572" lon="11.511152"><ele>1333.5</ele></trkpt>
    <trkpt lat="47.015681" lon="11.511032"><ele>1334.0</ele></trkpt>
    <trkpt lat="47.015605" lon="11.510708"><ele>1336.5</ele></trkpt>
    <trkpt lat="47.015594" lon="11.510333"><ele>1340.25</ele></trkpt>
    <trkpt lat="47.015557" lon="11.510218"><ele>1343.0</ele></trkpt>
    <trkpt lat="47.015522" lon="11.51016"><ele>1344.0</ele></trkpt>
    <trkpt lat="47.015448" lon="11.510088"><ele>1346.0</ele></trkpt>
    <trkpt lat="47.015379" lon="11.51004"><ele>1347.75</ele></trkpt>
    <trkpt lat="47.015271" lon="11.509866"><ele>1348.75</ele></trkpt>
    <trkpt lat="47.015164" lon="11.509794"><ele>1351.25</ele></trkpt>
    <trkpt lat="47.01451" lon="11.509432"><ele>1368.5</ele></trkpt>
    <trkpt lat="47.014257" lon="11.509304"><ele>1376.5</ele></trkpt>
    <trkpt lat="47.014147" lon="11.509054"><ele>1376.75</ele></trkpt>
    <trkpt lat="47.014117" lon="11.5089"><ele>1373.75</ele></trkpt>
    <trkpt lat="47.014017" lon="11.508771"><ele>1371.75</ele></trkpt>
    <trkpt lat="47.013953" lon="11.508716"><ele>1372.75</ele></trkpt>
    <trkpt lat="47.013886" lon="11.508687"><ele>1375.25</ele></trkpt>
    <trkpt lat="47.013722" lon="11.508436"><ele>1371.25</ele></trkpt>
    <trkpt lat="47.013473" lon="11.5081"><ele>1368.25</ele></trkpt>
    <trkpt lat="47.013218" lon="11.507792"><ele>1363.25</ele></trkpt>
    <trkpt lat="47.013013" lon="11.507621"><ele>1362.25</ele></trkpt>
    <trkpt lat="47.012765" lon="11.507497"><ele>1359.75</ele></trkpt>
    <trkpt lat="47.012333" lon="11.507319"><ele>1357.0</ele></trkpt>
    <trkpt lat="47.012503" lon="11.507064"><ele>1353.5</ele></trkpt>
    <trkpt lat="47.012549" lon="11.507019"><ele>1353.25</ele></trkpt>
    <trkpt lat="47.012602" lon="11.507008"><ele>1353.75</ele></trkpt>
    <trkpt lat="47.012879" lon="11.507066"><ele>1354.5</ele></trkpt>
    <trkpt lat="47.012978" lon="11.507106"><ele>1354.0</ele></trkpt>
    <trkpt lat="47.013177" lon="11.507243"><ele>1353.25</ele></trkpt>
    <trkpt lat="47.013256" lon="11.507251"><ele>1352.75</ele></trkpt>
    <trkpt lat="47.01335" lon="11.507178"><ele>1351.5</ele></trkpt>
    <trkpt lat="47.01336" lon="11.507066"><ele>1350.5</ele></trkpt>
    <trkpt lat="47.012933" lon="11.506959"><ele>1353.75</ele></trkpt>
    <trkpt lat="47.012484" lon="11.506895"><ele>1356.0</ele></trkpt>
    <trkpt lat="47.012226" lon="11.506892"><ele>1357.25</ele></trkpt>
    <trkpt lat="47.011846" lon="11.506906"><ele>1359.25</ele></trkpt>
    <trkpt lat="47.011608" lon="11.506932"><ele>1359.25</ele></trkpt>
    <trkpt lat="47.011568" lon="11.506782"><ele>1360.25</ele></trkpt>
    <trkpt lat="47.011576" lon="11.506699"><ele>1360.75</ele></trkpt>
    <trkpt lat="47.011607" lon="11.506613"><ele>1361.5</ele></trkpt>
    <trkpt lat="47.011527" lon="11.506679"><ele>1361.75</ele></trkpt>
    <trkpt lat="47.01145" lon="11.506773"><ele>1362.0</ele></trkpt>
    <trkpt lat="47.011381" lon="11.506962"><ele>1359.75</ele></trkpt>
    <trkpt lat="47.011152" lon="11.506979"><ele>1360.75</ele></trkpt>
    <trkpt lat="47.010942" lon="11.506995"><ele>1361.5</ele></trkpt>
    <trkpt lat="47.010241" lon="11.507048"><ele>1363.25</ele></trkpt>
    <trkpt lat="47.009819" lon="11.507069"><ele>1365.25</ele></trkpt>
    <trkpt lat="47.008562" lon="11.507029"><ele>1367.0</ele></trkpt>
    <trkpt lat="47.008201" lon="11.507001"><ele>1367.75</ele></trkpt>
    <trkpt lat="47.008081" lon="11.507179"><ele>1367.75</ele></trkpt>
    <trkpt lat="47.008051" lon="11.507171"><ele>1367.75</ele></trkpt>
    <trkpt lat="47.007795" lon="11.507108"><ele>1368.0</ele></trkpt>
    <trkpt lat="47.00771" lon="11.507088"><ele>1368.25</ele></trkpt>
    <trkpt lat="47.007581" lon="11.506831"><ele>1368.75</ele></trkpt>
    <trkpt lat="47.007399" lon="11.5067"><ele>1369.0</ele></trkpt>
    <trkpt lat="47.007363" lon="11.506671"><ele>1369.0</ele></trkpt>
    <trkpt lat="47.007262" lon="11.506502"><ele>1369.0</ele></trkpt>
    <trkpt lat="47.007045" lon="11.506232"><ele>1370.25</ele></trkpt>
    <trkpt lat="47.00685" lon="11.506082"><ele>1370.25</ele></trkpt>
    <trkpt lat="47.006763" lon="11.506043"><ele>1370.5</ele></trkpt>
    <trkpt lat="47.0067" lon="11.506042"><ele>1370.25</ele></trkpt>
    <trkpt lat="47.006657" lon="11.506057"><ele>1369.75</ele></trkpt>
    <trkpt lat="47.006611" lon="11.506085"><ele>1369.25</ele></trkpt>
    <trkpt lat="47.006581" lon="11.506113"><ele>1369.0</ele></trkpt>
    <trkpt lat="47.006527" lon="11.506069"><ele>1369.25</ele></trkpt>
    <trkpt lat="47.006464" lon="11.506068"><ele>1369.25</ele></trkpt>
    <trkpt lat="47.006324" lon="11.505874"><ele>1369.75</ele></trkpt>
    <trkpt lat="47.006032" lon="11.505652"><ele>1370.0</ele></trkpt>
    <trkpt lat="47.005766" lon="11.505468"><ele>1370.5</ele></trkpt>
    <trkpt lat="47.005488" lon="11.505323"><ele>1371.25</ele></trkpt>
    <trkpt lat="47.005181" lon="11.505182"><ele>1370.5</ele></trkpt>
    <trkpt lat="47.005068" lon="11.505128"><ele>1370.25</ele></trkpt>
    <trkpt lat="47.004464" lon="11.504859"><ele>1370.0</ele></trkpt>
    <trkpt lat="47.0044" lon="11.50515"><ele>1369.75</ele></trkpt>
    <trkpt lat="47.004349" lon="11.505185"><ele>1369.5</ele></trkpt>
    <trkpt lat="47.004191" lon="11.505577"><ele>1369.75</ele></trkpt>
    <trkpt lat="47.004089" lon="11.505653"><ele>1369.25</ele></trkpt>
    <trkpt lat="47.004153" lon="11.505679"><ele>1369.5</ele></trkpt>
    <trkpt lat="47.004131" lon="11.505801"><ele>1369.0</ele></trkpt>
    <trkpt lat="47.003828" lon="11.505671"><ele>1369.0</ele></trkpt>
    <trkpt lat="47.003634" lon="11.505593"><ele>1369.75</ele></trkpt>
    <trkpt lat="47.003602" lon="11.505572"><ele>1370.0</ele></trkpt>
    <trkpt lat="47.003313" lon="11.50538"><ele>1370.0</ele></trkpt>
    <trkpt lat="47.002898" lon="11.505087"><ele>1370.5</ele></trkpt>
    <trkpt lat="47.002935" lon="11.504964"><ele>1370.5</ele></trkpt>
    <trkpt lat="47.002877" lon="11.504923"><ele>1370.5</ele></trkpt>
    <trkpt lat="47.002963" lon="11.504672"><ele>1371.0</ele></trkpt>
    <trkpt lat="47.003029" lon="11.504481"><ele>1371.0</ele></trkpt>
    <trkpt lat="47.00308" lon="11.504265"><ele>1371.5</ele></trkpt>
    <trkpt lat="47.002909" lon="11.504224"><ele>1372.25</ele></trkpt>
    <trkpt lat="47.002972" lon="11.503764"><ele>1376.75</ele></trkpt>
    <trkpt lat="47.002983" lon="11.503677"><ele>1378.0</ele></trkpt>
    <trkpt lat="47.002722" lon="11.503577"><ele>1378.0</ele></trkpt>
    <trkpt lat="47.002644" lon="11.503729"><ele>1376.25</ele></trkpt>
    <trkpt lat="47.00239" lon="11.503729"><ele>1376.0</ele></trkpt>
    <trkpt lat="47.002302" lon="11.50365"><ele>1376.0</ele></trkpt>
    <trkpt lat="47.002265" lon="11.503607"><ele>1376.25</ele></trkpt>
    <trkpt lat="47.002241" lon="11.503581"><ele>1376.75</ele></trkpt>
    <trkpt lat="47.002208" lon="11.503485"><ele>1379.25</ele></trkpt>
    <trkpt lat="47.002189" lon="11.503453"><ele>1379.75</ele></trkpt>
    <trkpt lat="47.002157" lon="11.503426"><ele>1379.75</ele></trkpt>
    <trkpt lat="47.001949" lon="11.503274"><ele>1377.0</ele></trkpt>
    <trkpt lat="47.001714" lon="11.50314"><ele>1377.25</ele></trkpt>
    <trkpt lat="47.001626" lon="11.503047"><ele>1377.25</ele></trkpt>
    <trkpt lat="47.001466" lon="11.50286"><ele>1379.25</ele></trkpt>
    <trkpt lat="47.001201" lon="11.502695"><ele>1378.75</ele></trkpt>
    <trkpt lat="47.00104" lon="11.502575"><ele>1378.5</ele></trkpt>
    <trkpt lat="47.000575" lon="11.502195"><ele>1375.5</ele></trkpt>
    <trkpt lat="47.000434" lon="11.502149"><ele>1375.75</ele></trkpt>
    <trkpt lat="47.000305" lon="11.502171"><ele>1374.0</ele></trkpt>
    <trkpt lat="47.000187" lon="11.502111"><ele>1374.0</ele></trkpt>
    <trkpt lat="46.999951" lon="11.501907"><ele>1374.0</ele></trkpt>
    <trkpt lat="46.999119" lon="11.501524"><ele>1368.25</ele></trkpt>
    <trkpt lat="46.998944" lon="11.501468"><ele>1368.75</ele></trkpt>
    <trkpt lat="46.998474" lon="11.501426"><ele>1366.5</ele></trkpt>
    <trkpt lat="46.998101" lon="11.501216"><ele>1368.25</ele></trkpt>
    <trkpt lat="46.997685" lon="11.500838"><ele>1366.75</ele></trkpt>
    <trkpt lat="46.997549" lon="11.500748"><ele>1367.5</ele></trkpt>
    <trkpt lat="46.997519" lon="11.500743"><ele>1367.0</ele></trkpt>
    <trkpt lat="46.997406" lon="11.500784"><ele>1365.75</ele></trkpt>
    <trkpt lat="46.997333" lon="11.500794"><ele>1365.75</ele></trkpt>
    <trkpt lat="46.997149" lon="11.500757"><ele>1366.0</ele></trkpt>
    <trkpt lat="46.996946" lon="11.500747"><ele>1364.75</ele></trkpt>
    <trkpt lat="46.996693" lon="11.50069"><ele>1365.0</ele></trkpt>
    <trkpt lat="46.996375" lon="11.500587"><ele>1364.5</ele></trkpt>
    <trkpt lat="46.996305" lon="11.500557"><ele>1364.25</ele></trkpt>
    <trkpt lat="46.996162" lon="11.50047"><ele>1367.25</ele></trkpt>
    <trkpt lat="46.995795" lon="11.500203"><ele>1364.25</ele></trkpt>
    <trkpt lat="46.995362" lon="11.499874"><ele>1363.75</ele></trkpt>
    <trkpt lat="46.995108" lon="11.499679"><ele>1363.5</ele></trkpt>
    <trkpt lat="46.994834" lon="11.499481"><ele>1363.75</ele></trkpt>
    <trkpt lat="46.994048" lon="11.498952"><ele>1363.0</ele></trkpt>
    <trkpt lat="46.993719" lon="11.498708"><ele>1363.0</ele></trkpt>
    <trkpt lat="46.993632" lon="11.49867"><ele>1362.75</ele></trkpt>
    <trkpt lat="46.993525" lon="11.498619"><ele>1362.75</ele></trkpt>
    <trkpt lat="46.993159" lon="11.498317"><ele>1363.25</ele></trkpt>
    <trkpt lat="46.992675" lon="11.497986"><ele>1363.0</ele></trkpt>
    <trkpt lat="46.991" lon="11.496868"><ele>1359.75</ele></trkpt>
    <trkpt lat="46.990779" lon="11.496726"><ele>1359.25</ele></trkpt>
    <trkpt lat="46.990697" lon="11.496693"><ele>1358.75</ele></trkpt>
    <trkpt lat="46.990341" lon="11.496437"><ele>1356.25</ele></trkpt>
    <trkpt lat="46.990154" lon="11.496315"><ele>1355.5</ele></trkpt>
    <trkpt lat="46.989899" lon="11.496188"><ele>1354.25</ele></trkpt>
    <trkpt lat="46.989816" lon="11.496156"><ele>1354.0</ele></trkpt>
    <trkpt lat="46.988842" lon="11.495788"><ele>1351.5</ele></trkpt>
    <trkpt lat="46.988528" lon="11.495652"><ele>1349.75</ele></trkpt>
    <trkpt lat="46.988481" lon="11.495635"><ele>1349.75</ele></trkpt>
    <trkpt lat="46.987664" lon="11.495342"><ele>1348.0</ele></trkpt>
    <trkpt lat="46.985825" lon="11.494644"><ele>1339.5</ele></trkpt>
    <trkpt lat="46.985664" lon="11.494575"><ele>1339.0</ele></trkpt>
    <trkpt lat="46.985489" lon="11.494491"><ele>1338.0</ele></trkpt>
    <trkpt lat="46.985443" lon="11.494444"><ele>1337.75</ele></trkpt>
    <trkpt lat="46.985359" lon="11.494335"><ele>1337.75</ele></trkpt>
    <trkpt lat="46.985297" lon="11.494281"><ele>1337.25</ele></trkpt>
    <trkpt lat="46.985248" lon="11.494254"><ele>1337.0</ele></trkpt>
    <trkpt lat="46.9851" lon="11.494202"><ele>1337.5</ele></trkpt>
    <trkpt lat="46.984943" lon="11.494132"><ele>1337.75</ele></trkpt>
    <trkpt lat="46.984803" lon="11.494048"><ele>1336.5</ele></trkpt>
    <trkpt lat="46.984644" lon="11.493949"><ele>1335.5</ele></trkpt>
    <trkpt lat="46.98455" lon="11.493876"><ele>1335.75</ele></trkpt>
    <trkpt lat="46.984318" lon="11.493672"><ele>1334.5</ele></trkpt>
    <trkpt lat="46.98415" lon="11.493576"><ele>1334.5</ele></trkpt>
    <trkpt lat="46.984118" lon="11.49355"><ele>1334.5</ele></trkpt>
    <trkpt lat="46.983812" lon="11.493198"><ele>1333.5</ele></trkpt>
    <trkpt lat="46.983789" lon="11.493157"><ele>1333.25</ele></trkpt>
    <trkpt lat="46.98377" lon="11.493099"><ele>1332.75</ele></trkpt>
    <trkpt lat="46.983722" lon="11.492833"><ele>1332.5</ele></trkpt>
    <trkpt lat="46.983702" lon="11.492766"><ele>1332.5</ele></trkpt>
    <trkpt lat="46.983652" lon="11.492654"><ele>1332.0</ele></trkpt>
    <trkpt lat="46.98355" lon="11.492467"><ele>1330.75</ele></trkpt>
    <trkpt lat="46.983464" lon="11.492331"><ele>1331.0</ele></trkpt>
    <trkpt lat="46.983414" lon="11.492268"><ele>1330.75</ele></trkpt>
    <trkpt lat="46.983366" lon="11.492217"><ele>1330.0</ele></trkpt>
    <trkpt lat="46.983298" lon="11.492166"><ele>1329.75</ele></trkpt>
    <trkpt lat="46.98298" lon="11.491987"><ele>1328.75</ele></trkpt>
    <trkpt lat="46.982884" lon="11.491966"><ele>1328.75</ele></trkpt>
    <trkpt lat="46.982783" lon="11.491972"><ele>1329.0</ele></trkpt>
    <trkpt lat="46.982757" lon="11.491964"><ele>1329.0</ele></trkpt>
    <trkpt lat="46.982301" lon="11.491591"><ele>1326.5</ele></trkpt>
    <trkpt lat="46.982176" lon="11.491459"><ele>1326.0</ele></trkpt>
    <trkpt lat="46.981956" lon="11.491128"><ele>1324.25</ele></trkpt>
    <trkpt lat="46.981797" lon="11.490861"><ele>1325.25</ele></trkpt>
    <trkpt lat="46.981385" lon="11.490128"><ele>1322.75</ele></trkpt>
    <trkpt lat="46.981343" lon="11.490039"><ele>1323.0</ele></trkpt>
    <trkpt lat="46.981334" lon="11.489983"><ele>1322.75</ele></trkpt>
    <trkpt lat="46.981333" lon="11.48986"><ele>1322.5</ele></trkpt>
    <trkpt lat="46.981363" lon="11.489732"><ele>1322.0</ele></trkpt>
    <trkpt lat="46.981467" lon="11.489525"><ele>1323.25</ele></trkpt>
    <trkpt lat="46.981476" lon="11.489493"><ele>1323.25</ele></trkpt>
    <trkpt lat="46.98148" lon="11.489406"><ele>1323.5</ele></trkpt>
    <trkpt lat="46.981471" lon="11.489365"><ele>1323.5</ele></trkpt>
    <trkpt lat="46.98131" lon="11.489104"><ele>1322.75</ele></trkpt>
    <trkpt lat="46.98129" lon="11.489059"><ele>1323.0</ele></trkpt>
    <trkpt lat="46.981231" lon="11.488908"><ele>1323.0</ele></trkpt>
    <trkpt lat="46.98108" lon="11.488424"><ele>1322.0</ele></trkpt>
    <trkpt lat="46.980966" lon="11.488176"><ele>1322.25</ele></trkpt>
    <trkpt lat="46.980924" lon="11.488104"><ele>1321.75</ele></trkpt>
    <trkpt lat="46.980881" lon="11.488047"><ele>1321.0</ele></trkpt>
    <trkpt lat="46.980836" lon="11.488009"><ele>1320.5</ele></trkpt>
    <trkpt lat="46.980749" lon="11.487956"><ele>1320.75</ele></trkpt>
    <trkpt lat="46.980714" lon="11.487916"><ele>1321.0</ele></trkpt>
    <trkpt lat="46.980649" lon="11.487813"><ele>1320.75</ele></trkpt>
    <trkpt lat="46.98061" lon="11.487735"><ele>1320.75</ele></trkpt>
    <trkpt lat="46.980531" lon="11.487521"><ele>1320.75</ele></trkpt>
    <trkpt lat="46.980504" lon="11.487431"><ele>1321.0</ele></trkpt>
    <trkpt lat="46.980459" lon="11.487138"><ele>1320.5</ele></trkpt>
    <trkpt lat="46.980424" lon="11.486966"><ele>1319.5</ele></trkpt>
    <trkpt lat="46.980404" lon="11.486913"><ele>1319.25</ele></trkpt>
    <trkpt lat="46.980373" lon="11.486856"><ele>1319.0</ele></trkpt>
    <trkpt lat="46.980297" lon="11.486745"><ele>1318.0</ele></trkpt>
    <trkpt lat="46.980248" lon="11.486632"><ele>1318.0</ele></trkpt>
    <trkpt lat="46.979837" lon="11.485401"><ele>1317.75</ele></trkpt>
    <trkpt lat="46.979764" lon="11.485228"><ele>1317.25</ele></trkpt>
    <trkpt lat="46.979685" lon="11.485067"><ele>1316.5</ele></trkpt>
    <trkpt lat="46.979603" lon="11.48493"><ele>1317.25</ele></trkpt>
    <trkpt lat="46.979432" lon="11.484695"><ele>1316.25</ele></trkpt>
    <trkpt lat="46.979344" lon="11.484568"><ele>1317.25</ele></trkpt>
    <trkpt lat="46.978355" lon="11.482978"><ele>1320.5</ele></trkpt>
    <trkpt lat="46.978237" lon="11.482799"><ele>1321.75</ele></trkpt>
    <trkpt lat="46.978077" lon="11.482588"><ele>1321.25</ele></trkpt>
    <trkpt lat="46.977985" lon="11.48249"><ele>1321.25</ele></trkpt>
    <trkpt lat="46.977866" lon="11.482374"><ele>1320.5</ele></trkpt>
    <trkpt lat="46.977759" lon="11.482283"><ele>1318.5</ele></trkpt>
    <trkpt lat="46.977732" lon="11.482268"><ele>1318.5</ele></trkpt>
    <trkpt lat="46.97679" lon="11.481773"><ele>1321.0</ele></trkpt>
    <trkpt lat="46.976617" lon="11.481661"><ele>1321.75</ele></trkpt>
    <trkpt lat="46.976401" lon="11.481465"><ele>1321.75</ele></trkpt>
    <trkpt lat="46.976285" lon="11.481321"><ele>1320.75</ele></trkpt>
    <trkpt lat="46.976182" lon="11.481174"><ele>1320.0</ele></trkpt>
    <trkpt lat="46.976064" lon="11.480957"><ele>1320.5</ele></trkpt>
    <trkpt lat="46.975959" lon="11.480727"><ele>1319.25</ele></trkpt>
    <trkpt lat="46.975849" lon="11.480413"><ele>1316.0</ele></trkpt>
    <trkpt lat="46.975781" lon="11.480228"><ele>1313.75</ele></trkpt>
    <trkpt lat="46.975722" lon="11.480076"><ele>1314.5</ele></trkpt>
    <trkpt lat="46.975537" lon="11.479727"><ele>1317.0</ele></trkpt>
    <trkpt lat="46.975443" lon="11.479571"><ele>1314.75</ele></trkpt>
    <trkpt lat="46.975289" lon="11.479379"><ele>1315.0</ele></trkpt>
    <trkpt lat="46.975249" lon="11.479317"><ele>1314.75</ele></trkpt>
    <trkpt lat="46.975001" lon="11.478792"><ele>1311.5</ele></trkpt>
    <trkpt lat="46.974766" lon="11.478318"><ele>1310.5</ele></trkpt>
    <trkpt lat="46.974406" lon="11.477634"><ele>1308.75</ele></trkpt>
    <trkpt lat="46.974258" lon="11.477287"><ele>1307.75</ele></trkpt>
    <trkpt lat="46.973949" lon="11.476821"><ele>1306.75</ele></trkpt>
    <trkpt lat="46.973673" lon="11.476464"><ele>1306.0</ele></trkpt>
    <trkpt lat="46.973548" lon="11.476345"><ele>1305.5</ele></trkpt>
    <trkpt lat="46.973378" lon="11.47613"><ele>1305.0</ele></trkpt>
    <trkpt lat="46.973329" lon="11.476026"><ele>1304.25</ele></trkpt>
    <trkpt lat="46.973317" lon="11.475927"><ele>1303.75</ele></trkpt>
    <trkpt lat="46.973315" lon="11.475813"><ele>1303.0</ele></trkpt>
    <trkpt lat="46.973296" lon="11.475723"><ele>1303.25</ele></trkpt>
    <trkpt lat="46.970371" lon="11.47201"><ele>1301.0</ele></trkpt>
    <trkpt lat="46.970267" lon="11.471893"><ele>1300.5</ele></trkpt>
    <trkpt lat="46.969249" lon="11.470664"><ele>1299.25</ele></trkpt>
    <trkpt lat="46.968404" lon="11.469613"><ele>1298.25</ele></trkpt>
    <trkpt lat="46.967915" lon="11.469004"><ele>1297.75</ele></trkpt>
    <trkpt lat="46.967516" lon="11.468527"><ele>1297.5</ele></trkpt>
    <trkpt lat="46.966891" lon="11.467712"><ele>1295.75</ele></trkpt>
    <trkpt lat="46.96583" lon="11.466421"><ele>1295.0</ele></trkpt>
    <trkpt lat="46.964395" lon="11.464621"><ele>1292.0</ele></trkpt>
    <trkpt lat="46.964279" lon="11.464471"><ele>1291.5</ele></trkpt>
    <trkpt lat="46.963691" lon="11.463723"><ele>1291.0</ele></trkpt>
    <trkpt lat="46.963557" lon="11.463571"><ele>1290.25</ele></trkpt>
    <trkpt lat="46.96342" lon="11.463432"><ele>1290.0</ele></trkpt>
    <trkpt lat="46.962558" lon="11.462625"><ele>1285.75</ele></trkpt>
    <trkpt lat="46.962064" lon="11.462266"><ele>1284.0</ele></trkpt>
    <trkpt lat="46.96189" lon="11.462154"><ele>1286.75</ele></trkpt>
    <trkpt lat="46.960669" lon="11.46143"><ele>1279.75</ele></trkpt>
    <trkpt lat="46.960346" lon="11.461196"><ele>1279.0</ele></trkpt>
    <trkpt lat="46.960081" lon="11.460977"><ele>1279.75</ele></trkpt>
    <trkpt lat="46.959949" lon="11.460857"><ele>1277.5</ele></trkpt>
    <trkpt lat="46.959695" lon="11.460526"><ele>1277.5</ele></trkpt>
    <trkpt lat="46.959436" lon="11.460089"><ele>1277.5</ele></trkpt>
    <trkpt lat="46.959246" lon="11.459789"><ele>1277.5</ele></trkpt>
    <trkpt lat="46.959114" lon="11.459566"><ele>1277.5</ele></trkpt>
    <trkpt lat="46.958895" lon="11.459131"><ele>1277.5</ele></trkpt>
    <trkpt lat="46.958512" lon="11.458108"><ele>1269.25</ele></trkpt>
    <trkpt lat="46.958323" lon="11.457634"><ele>1271.5</ele></trkpt>
    <trkpt lat="46.958228" lon="11.457432"><ele>1272.25</ele></trkpt>
    <trkpt lat="46.958073" lon="11.457148"><ele>1272.0</ele></trkpt>
    <trkpt lat="46.957952" lon="11.456967"><ele>1269.75</ele></trkpt>
    <trkpt lat="46.957783" lon="11.456751"><ele>1270.25</ele></trkpt>
    <trkpt lat="46.957566" lon="11.456493"><ele>1271.5</ele></trkpt>
    <trkpt lat="46.95741" lon="11.456293"><ele>1270.75</ele></trkpt>
    <trkpt lat="46.957274" lon="11.456139"><ele>1269.5</ele></trkpt>
    <trkpt lat="46.95716" lon="11.456023"><ele>1268.75</ele></trkpt>
    <trkpt lat="46.956908" lon="11.455814"><ele>1266.75</ele></trkpt>
    <trkpt lat="46.956742" lon="11.455687"><ele>1266.75</ele></trkpt>
    <trkpt lat="46.956511" lon="11.455571"><ele>1265.75</ele></trkpt>
    <trkpt lat="46.956247" lon="11.455472"><ele>1267.0</ele></trkpt>
    <trkpt lat="46.954831" lon="11.455101"><ele>1266.25</ele></trkpt>
    <trkpt lat="46.954771" lon="11.455074"><ele>1265.75</ele></trkpt>
    <trkpt lat="46.954639" lon="11.454995"><ele>1267.5</ele></trkpt>
    <trkpt lat="46.954443" lon="11.45491"><ele>1270.25</ele></trkpt>
    <trkpt lat="46.954263" lon="11.454776"><ele>1273.0</ele></trkpt>
    <trkpt lat="46.954085" lon="11.454623"><ele>1275.75</ele></trkpt>
    <trkpt lat="46.953991" lon="11.45453"><ele>1277.25</ele></trkpt>
    <trkpt lat="46.953881" lon="11.454407"><ele>1279.0</ele></trkpt>
    <trkpt lat="46.953848" lon="11.45435"><ele>1279.25</ele></trkpt>
    <trkpt lat="46.953698" lon="11.454135"><ele>1270.25</ele></trkpt>
    <trkpt lat="46.953578" lon="11.453942"><ele>1262.75</ele></trkpt>
    <trkpt lat="46.953326" lon="11.453485"><ele>1259.5</ele></trkpt>
    <trkpt lat="46.953158" lon="11.453155"><ele>1260.5</ele></trkpt>
    <trkpt lat="46.952649" lon="11.452118"><ele>1254.75</ele></trkpt>
    <trkpt lat="46.952387" lon="11.451632"><ele>1253.25</ele></trkpt>
    <trkpt lat="46.952337" lon="11.451555"><ele>1253.0</ele></trkpt>
    <trkpt lat="46.952221" lon="11.451377"><ele>1253.25</ele></trkpt>
    <trkpt lat="46.952058" lon="11.45117"><ele>1253.25</ele></trkpt>
    <trkpt lat="46.951882" lon="11.450956"><ele>1254.25</ele></trkpt>
    <trkpt lat="46.95172" lon="11.450786"><ele>1253.5</ele></trkpt>
    <trkpt lat="46.95158" lon="11.450656"><ele>1251.75</ele></trkpt>
    <trkpt lat="46.951419" lon="11.450534"><ele>1250.25</ele></trkpt>
    <trkpt lat="46.951069" lon="11.450314"><ele>1247.25</ele></trkpt>
    <trkpt lat="46.950992" lon="11.450275"><ele>1247.75</ele></trkpt>
    <trkpt lat="46.950839" lon="11.450196"><ele>1247.75</ele></trkpt>
    <trkpt lat="46.950563" lon="11.450102"><ele>1249.0</ele></trkpt>
    <trkpt lat="46.949739" lon="11.449922"><ele>1248.25</ele></trkpt>
    <trkpt lat="46.949354" lon="11.449809"><ele>1244.25</ele></trkpt>
    <trkpt lat="46.949016" lon="11.449686"><ele>1243.75</ele></trkpt>
    <trkpt lat="46.94863" lon="11.449473"><ele>1242.5</ele></trkpt>
    <trkpt lat="46.948368" lon="11.449302"><ele>1241.25</ele></trkpt>
    <trkpt lat="46.948217" lon="11.449172"><ele>1241.5</ele></trkpt>
    <trkpt lat="46.947843" lon="11.448858"><ele>1241.25</ele></trkpt>
    <trkpt lat="46.947587" lon="11.448627"><ele>1242.25</ele></trkpt>
    <trkpt lat="46.947146" lon="11.448128"><ele>1242.0</ele></trkpt>
    <trkpt lat="46.946947" lon="11.447866"><ele>1242.0</ele></trkpt>
    <trkpt lat="46.946748" lon="11.447571"><ele>1242.5</ele></trkpt>
    <trkpt lat="46.94618" lon="11.446761"><ele>1243.0</ele></trkpt>
    <trkpt lat="46.945926" lon="11.446407"><ele>1243.25</ele></trkpt>
    <trkpt lat="46.945717" lon="11.446053"><ele>1241.5</ele></trkpt>
    <trkpt lat="46.945518" lon="11.445643"><ele>1240.5</ele></trkpt>
    <trkpt lat="46.945353" lon="11.445256"><ele>1241.5</ele></trkpt>
    <trkpt lat="46.945078" lon="11.444498"><ele>1241.25</ele></trkpt>
    <trkpt lat="46.944993" lon="11.444227"><ele>1238.75</ele></trkpt>
    <trkpt lat="46.944952" lon="11.444014"><ele>1238.0</ele></trkpt>
    <trkpt lat="46.944929" lon="11.443922"><ele>1238.0</ele></trkpt>
    <trkpt lat="46.944884" lon="11.44394"><ele>1237.5</ele></trkpt>
    <trkpt lat="46.944856" lon="11.443966"><ele>1237.0</ele></trkpt>
    <trkpt lat="46.944831" lon="11.444018"><ele>1236.25</ele></trkpt>
    <trkpt lat="46.944832" lon="11.44409"><ele>1235.75</ele></trkpt>
    <trkpt lat="46.944911" lon="11.444324"><ele>1235.75</ele></trkpt>
    <trkpt lat="46.944958" lon="11.444512"><ele>1236.25</ele></trkpt>
    <trkpt lat="46.945122" lon="11.445366"><ele>1231.0</ele></trkpt>
    <trkpt lat="46.945189" lon="11.445783"><ele>1228.75</ele></trkpt>
    <trkpt lat="46.94523" lon="11.445983"><ele>1227.75</ele></trkpt>
    <trkpt lat="46.945271" lon="11.446148"><ele>1227.25</ele></trkpt>
    <trkpt lat="46.945356" lon="11.446393"><ele>1227.5</ele></trkpt>
    <trkpt lat="46.945396" lon="11.446528"><ele>1227.5</ele></trkpt>
    <trkpt lat="46.945401" lon="11.446578"><ele>1227.25</ele></trkpt>
    <trkpt lat="46.945394" lon="11.446617"><ele>1226.75</ele></trkpt>
    <trkpt lat="46.945374" lon="11.446642"><ele>1226.25</ele></trkpt>
    <trkpt lat="46.945343" lon="11.446653"><ele>1225.25</ele></trkpt>
    <trkpt lat="46.94531" lon="11.446624"><ele>1224.75</ele></trkpt>
    <trkpt lat="46.945289" lon="11.446591"><ele>1224.5</ele></trkpt>
    <trkpt lat="46.945051" lon="11.445908"><ele>1221.25</ele></trkpt>
    <trkpt lat="46.944952" lon="11.445561"><ele>1220.5</ele></trkpt>
    <trkpt lat="46.944906" lon="11.445425"><ele>1220.0</ele></trkpt>
    <trkpt lat="46.94485" lon="11.445301"><ele>1219.0</ele></trkpt>
    <trkpt lat="46.944732" lon="11.445076"><ele>1217.0</ele></trkpt>
    <trkpt lat="46.944629" lon="11.444918"><ele>1215.75</ele></trkpt>
    <trkpt lat="46.944523" lon="11.444708"><ele>1215.25</ele></trkpt>
    <trkpt lat="46.944498" lon="11.444598"><ele>1215.5</ele></trkpt>
    <trkpt lat="46.944466" lon="11.444566"><ele>1214.5</ele></trkpt>
    <trkpt lat="46.944433" lon="11.444566"><ele>1213.25</ele></trkpt>
    <trkpt lat="46.943995" lon="11.443852"><ele>1206.75</ele></trkpt>
    <trkpt lat="46.943895" lon="11.443535"><ele>1204.0</ele></trkpt>
    <trkpt lat="46.943831" lon="11.44319"><ele>1201.5</ele></trkpt>
    <trkpt lat="46.943794" lon="11.442745"><ele>1198.25</ele></trkpt>
    <trkpt lat="46.943727" lon="11.442088"><ele>1193.75</ele></trkpt>
    <trkpt lat="46.94373" lon="11.442035"><ele>1193.25</ele></trkpt>
    <trkpt lat="46.943744" lon="11.44198"><ele>1192.75</ele></trkpt>
    <trkpt lat="46.943766" lon="11.44193"><ele>1192.25</ele></trkpt>
    <trkpt lat="46.943799" lon="11.441878"><ele>1191.75</ele></trkpt>
    <trkpt lat="46.94394" lon="11.441741"><ele>1192.75</ele></trkpt>
    <trkpt lat="46.944019" lon="11.441645"><ele>1193.5</ele></trkpt>
    <trkpt lat="46.944051" lon="11.441554"><ele>1192.75</ele></trkpt>
    <trkpt lat="46.944075" lon="11.441449"><ele>1191.5</ele></trkpt>
    <trkpt lat="46.944087" lon="11.441353"><ele>1190.5</ele></trkpt>
    <trkpt lat="46.94408" lon="11.441215"><ele>1188.5</ele></trkpt>
    <trkpt lat="46.944059" lon="11.441094"><ele>1186.75</ele></trkpt>
    <trkpt lat="46.944031" lon="11.440984"><ele>1187.0</ele></trkpt>
    <trkpt lat="46.943925" lon="11.440616"><ele>1186.25</ele></trkpt>
    <trkpt lat="46.943835" lon="11.439828"><ele>1181.5</ele></trkpt>
    <trkpt lat="46.943814" lon="11.439115"><ele>1178.75</ele></trkpt>
    <trkpt lat="46.943809" lon="11.438949"><ele>1177.75</ele></trkpt>
    <trkpt lat="46.943762" lon="11.438657"><ele>1176.5</ele></trkpt>
    <trkpt lat="46.943709" lon="11.438112"><ele>1173.75</ele></trkpt>
    <trkpt lat="46.943702" lon="11.437881"><ele>1172.5</ele></trkpt>
    <trkpt lat="46.943711" lon="11.437673"><ele>1169.5</ele></trkpt>
    <trkpt lat="46.943743" lon="11.437623"><ele>1169.25</ele></trkpt>
    <trkpt lat="46.943783" lon="11.437585"><ele>1169.0</ele></trkpt>
    <trkpt lat="46.94383" lon="11.437554"><ele>1169.0</ele></trkpt>
    <trkpt lat="46.944147" lon="11.437522"><ele>1170.0</ele></trkpt>
    <trkpt lat="46.944246" lon="11.437452"><ele>1170.0</ele></trkpt>
    <trkpt lat="46.944325" lon="11.437364"><ele>1170.0</ele></trkpt>
    <trkpt lat="46.944362" lon="11.43727"><ele>1169.0</ele></trkpt>
    <trkpt lat="46.944371" lon="11.437168"><ele>1168.75</ele></trkpt>
    <trkpt lat="46.944356" lon="11.43708"><ele>1169.0</ele></trkpt>
    <trkpt lat="46.944313" lon="11.437"><ele>1168.25</ele></trkpt>
    <trkpt lat="46.943762" lon="11.436334"><ele>1162.75</ele></trkpt>
    <trkpt lat="46.943698" lon="11.43621"><ele>1161.75</ele></trkpt>
    <trkpt lat="46.943662" lon="11.436107"><ele>1160.75</ele></trkpt>
    <trkpt lat="46.943639" lon="11.435961"><ele>1159.0</ele></trkpt>
    <trkpt lat="46.943636" lon="11.435824"><ele>1157.75</ele></trkpt>
    <trkpt lat="46.943669" lon="11.43567"><ele>1156.25</ele></trkpt>
    <trkpt lat="46.943774" lon="11.435524"><ele>1155.75</ele></trkpt>
    <trkpt lat="46.943931" lon="11.435375"><ele>1155.25</ele></trkpt>
    <trkpt lat="46.943987" lon="11.435288"><ele>1154.25</ele></trkpt>
    <trkpt lat="46.944012" lon="11.435137"><ele>1153.5</ele></trkpt>
    <trkpt lat="46.944019" lon="11.434995"><ele>1152.5</ele></trkpt>
    <trkpt lat="46.944045" lon="11.434835"><ele>1149.25</ele></trkpt>
    <trkpt lat="46.944132" lon="11.434605"><ele>1147.5</ele></trkpt>
    <trkpt lat="46.944171" lon="11.434476"><ele>1147.25</ele></trkpt>
    <trkpt lat="46.944172" lon="11.434356"><ele>1147.0</ele></trkpt>
    <trkpt lat="46.944161" lon="11.434253"><ele>1146.75</ele></trkpt>
    <trkpt lat="46.9441" lon="11.433974"><ele>1144.5</ele></trkpt>
    <trkpt lat="46.944043" lon="11.433764"><ele>1142.75</ele></trkpt>
    <trkpt lat="46.944016" lon="11.433579"><ele>1142.25</ele></trkpt>
    <trkpt lat="46.944019" lon="11.433304"><ele>1139.75</ele></trkpt>
    <trkpt lat="46.944058" lon="11.433017"><ele>1138.25</ele></trkpt>
    <trkpt lat="46.944227" lon="11.432373"><ele>1135.5</ele></trkpt>
    <trkpt lat="46.944332" lon="11.431945"><ele>1133.5</ele></trkpt>
    <trkpt lat="46.944352" lon="11.431772"><ele>1133.5</ele></trkpt>
    <trkpt lat="46.944346" lon="11.43172"><ele>1133.0</ele></trkpt>
    <trkpt lat="46.944262" lon="11.431469"><ele>1129.0</ele></trkpt>
    <trkpt lat="46.944239" lon="11.431316"><ele>1127.25</ele></trkpt>
    <trkpt lat="46.944237" lon="11.431211"><ele>1126.25</ele></trkpt>
    <trkpt lat="46.944265" lon="11.431047"><ele>1124.5</ele></trkpt>
    <trkpt lat="46.944359" lon="11.43086"><ele>1122.0</ele></trkpt>
    <trkpt lat="46.944433" lon="11.43062"><ele>1121.0</ele></trkpt>
    <trkpt lat="46.944466" lon="11.430243"><ele>1120.5</ele></trkpt>
    <trkpt lat="46.944551" lon="11.429796"><ele>1117.25</ele></trkpt>
    <trkpt lat="46.944615" lon="11.429356"><ele>1113.75</ele></trkpt>
    <trkpt lat="46.944654" lon="11.428972"><ele>1111.0</ele></trkpt>
    <trkpt lat="46.944739" lon="11.428688"><ele>1109.5</ele></trkpt>
    <trkpt lat="46.944766" lon="11.428526"><ele>1108.75</ele></trkpt>
    <trkpt lat="46.94478" lon="11.428121"><ele>1106.0</ele></trkpt>
    <trkpt lat="46.9448" lon="11.428022"><ele>1105.75</ele></trkpt>
    <trkpt lat="46.944879" lon="11.42776"><ele>1105.0</ele></trkpt>
    <trkpt lat="46.944885" lon="11.427683"><ele>1104.75</ele></trkpt>
    <trkpt lat="46.944872" lon="11.427605"><ele>1103.75</ele></trkpt>
    <trkpt lat="46.944716" lon="11.427164"><ele>1099.75</ele></trkpt>
    <trkpt lat="46.944683" lon="11.427021"><ele>1098.75</ele></trkpt>
    <trkpt lat="46.944652" lon="11.42621"><ele>1093.75</ele></trkpt>
    <trkpt lat="46.944621" lon="11.426238"><ele>1093.5</ele></trkpt>
    <trkpt lat="46.944518" lon="11.426625"><ele>1092.5</ele></trkpt>
    <trkpt lat="46.944433" lon="11.426988"><ele>1091.75</ele></trkpt>
    <trkpt lat="46.944423" lon="11.427149"><ele>1091.5</ele></trkpt>
    <trkpt lat="46.944505" lon="11.427692"><ele>1092.5</ele></trkpt>
    <trkpt lat="46.944457" lon="11.428111"><ele>1091.75</ele></trkpt>
    <trkpt lat="46.944403" lon="11.428269"><ele>1091.5</ele></trkpt>
    <trkpt lat="46.944059" lon="11.42902"><ele>1087.75</ele></trkpt>
    <trkpt lat="46.944029" lon="11.42914"><ele>1088.25</ele></trkpt>
    <trkpt lat="46.943957" lon="11.429447"><ele>1088.5</ele></trkpt>
    <trkpt lat="46.943776" lon="11.430028"><ele>1089.0</ele></trkpt>
    <trkpt lat="46.943572" lon="11.430557"><ele>1086.0</ele></trkpt>
    <trkpt lat="46.942844" lon="11.432079"><ele>1084.75</ele></trkpt>
    <trkpt lat="46.942094" lon="11.434384"><ele>1081.0</ele></trkpt>
    <trkpt lat="46.941954" lon="11.434911"><ele>1075.0</ele></trkpt>
    <trkpt lat="46.941881" lon="11.435151"><ele>1075.5</ele></trkpt>
    <trkpt lat="46.941788" lon="11.435415"><ele>1076.25</ele></trkpt>
    <trkpt lat="46.941687" lon="11.435632"><ele>1073.75</ele></trkpt>
    <trkpt lat="46.941629" lon="11.43579"><ele>1072.5</ele></trkpt>
    <trkpt lat="46.941405" lon="11.436565"><ele>1072.0</ele></trkpt>
    <trkpt lat="46.941225" lon="11.437148"><ele>1071.0</ele></trkpt>
    <trkpt lat="46.941098" lon="11.437517"><ele>1067.75</ele></trkpt>
    <trkpt lat="46.94094" lon="11.437895"><ele>1067.5</ele></trkpt>
    <trkpt lat="46.940721" lon="11.438344"><ele>1067.0</ele></trkpt>
    <trkpt lat="46.940533" lon="11.438679"><ele>1066.75</ele></trkpt>
    <trkpt lat="46.940397" lon="11.438893"><ele>1066.25</ele></trkpt>
    <trkpt lat="46.940214" lon="11.439181"><ele>1065.25</ele></trkpt>
    <trkpt lat="46.940193" lon="11.439236"><ele>1065.0</ele></trkpt>
    <trkpt lat="46.940177" lon="11.439293"><ele>1065.0</ele></trkpt>
    <trkpt lat="46.940177" lon="11.43956"><ele>1065.0</ele></trkpt>
    <trkpt lat="46.940171" lon="11.439676"><ele>1064.75</ele></trkpt>
    <trkpt lat="46.940155" lon="11.439794"><ele>1064.75</ele></trkpt>
    <trkpt lat="46.940127" lon="11.439888"><ele>1064.75</ele></trkpt>
    <trkpt lat="46.940056" lon="11.440081"><ele>1064.5</ele></trkpt>
    <trkpt lat="46.940002" lon="11.440175"><ele>1064.25</ele></trkpt>
    <trkpt lat="46.93995" lon="11.440247"><ele>1064.75</ele></trkpt>
    <trkpt lat="46.939872" lon="11.440335"><ele>1065.0</ele></trkpt>
    <trkpt lat="46.939799" lon="11.440403"><ele>1065.0</ele></trkpt>
    <trkpt lat="46.93956" lon="11.440598"><ele>1065.5</ele></trkpt>
    <trkpt lat="46.939537" lon="11.440614"><ele>1065.75</ele></trkpt>
    <trkpt lat="46.93949" lon="11.440645"><ele>1065.75</ele></trkpt>
    <trkpt lat="46.939473" lon="11.440609"><ele>1065.75</ele></trkpt>
    <trkpt lat="46.939438" lon="11.440491"><ele>1065.5</ele></trkpt>
    <trkpt lat="46.939386" lon="11.440514"><ele>1065.5</ele></trkpt>
    <trkpt lat="46.939333" lon="11.440555"><ele>1065.5</ele></trkpt>
    <trkpt lat="46.938956" lon="11.440897"><ele>1065.0</ele></trkpt>
    <trkpt lat="46.938529" lon="11.441325"><ele>1065.0</ele></trkpt>
    <trkpt lat="46.938207" lon="11.44165"><ele>1066.0</ele></trkpt>
    <trkpt lat="46.938053" lon="11.441812"><ele>1065.75</ele></trkpt>
    <trkpt lat="46.937975" lon="11.441885"><ele>1065.75</ele></trkpt>
    <trkpt lat="46.937937" lon="11.441926"><ele>1065.5</ele></trkpt>
    <trkpt lat="46.936925" lon="11.442918"><ele>1067.25</ele></trkpt>
    <trkpt lat="46.936562" lon="11.443277"><ele>1066.5</ele></trkpt>
    <trkpt lat="46.936471" lon="11.443362"><ele>1065.5</ele></trkpt>
    <trkpt lat="46.936323" lon="11.4435"><ele>1064.75</ele></trkpt>
    <trkpt lat="46.936233" lon="11.4436"><ele>1065.5</ele></trkpt>
    <trkpt lat="46.936073" lon="11.443823"><ele>1066.75</ele></trkpt>
    <trkpt lat="46.936046" lon="11.443869"><ele>1067.0</ele></trkpt>
    <trkpt lat="46.935956" lon="11.444045"><ele>1068.75</ele></trkpt>
    <trkpt lat="46.935889" lon="11.444233"><ele>1069.5</ele></trkpt>
    <trkpt lat="46.935771" lon="11.444627"><ele>1071.0</ele></trkpt>
    <trkpt lat="46.935666" lon="11.44488"><ele>1071.5</ele></trkpt>
    <trkpt lat="46.935445" lon="11.445359"><ele>1072.75</ele></trkpt>
    <trkpt lat="46.93538" lon="11.445523"><ele>1073.5</ele></trkpt>
    <trkpt lat="46.935346" lon="11.445642"><ele>1074.75</ele></trkpt>
    <trkpt lat="46.935318" lon="11.445801"><ele>1076.5</ele></trkpt>
    <trkpt lat="46.935312" lon="11.445931"><ele>1077.75</ele></trkpt>
    <trkpt lat="46.935326" lon="11.446005"><ele>1078.25</ele></trkpt>
    <trkpt lat="46.935224" lon="11.446064"><ele>1077.75</ele></trkpt>
    <trkpt lat="46.935236" lon="11.446123"><ele>1078.5</ele></trkpt>
    <trkpt lat="46.934742" lon="11.446408"><ele>1078.25</ele></trkpt>
    <trkpt lat="46.933983" lon="11.446869"><ele>1080.25</ele></trkpt>
    <trkpt lat="46.933866" lon="11.446971"><ele>1080.0</ele></trkpt>
    <trkpt lat="46.933751" lon="11.447103"><ele>1079.25</ele></trkpt>
    <trkpt lat="46.933324" lon="11.447771"><ele>1074.75</ele></trkpt>
    <trkpt lat="46.933097" lon="11.448101"><ele>1074.0</ele></trkpt>
    <trkpt lat="46.933002" lon="11.448216"><ele>1072.5</ele></trkpt>
    <trkpt lat="46.932948" lon="11.448356"><ele>1072.75</ele></trkpt>
    <trkpt lat="46.932911" lon="11.44838"><ele>1071.5</ele></trkpt>
    <trkpt lat="46.932901" lon="11.44849"><ele>1071.0</ele></trkpt>
    <trkpt lat="46.932908" lon="11.448571"><ele>1070.75</ele></trkpt>
    <trkpt lat="46.932928" lon="11.448645"><ele>1070.5</ele></trkpt>
    <trkpt lat="46.932963" lon="11.448731"><ele>1069.75</ele></trkpt>
    <trkpt lat="46.933115" lon="11.44901"><ele>1068.5</ele></trkpt>
    <trkpt lat="46.933152" lon="11.449107"><ele>1067.25</ele></trkpt>
    <trkpt lat="46.933155" lon="11.449209"><ele>1066.25</ele></trkpt>
    <trkpt lat="46.93312" lon="11.449292"><ele>1066.5</ele></trkpt>
    <trkpt lat="46.933015" lon="11.44937"><ele>1065.25</ele></trkpt>
    <trkpt lat="46.932862" lon="11.449459"><ele>1063.75</ele></trkpt>
    <trkpt lat="46.93271" lon="11.449535"><ele>1063.75</ele></trkpt>
    <trkpt lat="46.932434" lon="11.449625"><ele>1059.25</ele></trkpt>
    <trkpt lat="46.932186" lon="11.449681"><ele>1055.5</ele></trkpt>
    <trkpt lat="46.932029" lon="11.449707"><ele>1055.0</ele></trkpt>
    <trkpt lat="46.931832" lon="11.449714"><ele>1054.0</ele></trkpt>
    <trkpt lat="46.931749" lon="11.449753"><ele>1054.75</ele></trkpt>
    <trkpt lat="46.931566" lon="11.449883"><ele>1058.25</ele></trkpt>
    <trkpt lat="46.931266" lon="11.450058"><ele>1058.0</ele></trkpt>
    <trkpt lat="46.930741" lon="11.450233"><ele>1053.75</ele></trkpt>
    <trkpt lat="46.930651" lon="11.450249"><ele>1053.25</ele></trkpt>
    <trkpt lat="46.930559" lon="11.450251"><ele>1052.5</ele></trkpt>
    <trkpt lat="46.930438" lon="11.450235"><ele>1051.25</ele></trkpt>
    <trkpt lat="46.930142" lon="11.450155"><ele>1048.75</ele></trkpt>
    <trkpt lat="46.930101" lon="11.450145"><ele>1048.75</ele></trkpt>
    <trkpt lat="46.930036" lon="11.450131"><ele>1048.25</ele></trkpt>
    <trkpt lat="46.929723" lon="11.450044"><ele>1050.0</ele></trkpt>
    <trkpt lat="46.929014" lon="11.449778"><ele>1049.0</ele></trkpt>
    <trkpt lat="46.928796" lon="11.44971"><ele>1047.5</ele></trkpt>
    <trkpt lat="46.92866" lon="11.449681"><ele>1047.75</ele></trkpt>
    <trkpt lat="46.928472" lon="11.449656"><ele>1047.0</ele></trkpt>
    <trkpt lat="46.928334" lon="11.449651"><ele>1046.5</ele></trkpt>
    <trkpt lat="46.928196" lon="11.44966"><ele>1045.0</ele></trkpt>
    <trkpt lat="46.928069" lon="11.449679"><ele>1043.5</ele></trkpt>
    <trkpt lat="46.927737" lon="11.449758"><ele>1041.0</ele></trkpt>
    <trkpt lat="46.927621" lon="11.449793"><ele>1041.25</ele></trkpt>
    <trkpt lat="46.927532" lon="11.449838"><ele>1041.25</ele></trkpt>
    <trkpt lat="46.927476" lon="11.449853"><ele>1041.5</ele></trkpt>
    <trkpt lat="46.927387" lon="11.449854"><ele>1042.0</ele></trkpt>
    <trkpt lat="46.927207" lon="11.449833"><ele>1042.75</ele></trkpt>
    <trkpt lat="46.92691" lon="11.449856"><ele>1042.75</ele></trkpt>
    <trkpt lat="46.926727" lon="11.449854"><ele>1042.75</ele></trkpt>
    <trkpt lat="46.926455" lon="11.449816"><ele>1041.0</ele></trkpt>
    <trkpt lat="46.926278" lon="11.449781"><ele>1039.75</ele></trkpt>
    <trkpt lat="46.926159" lon="11.44974"><ele>1038.5</ele></trkpt>
    <trkpt lat="46.925747" lon="11.449558"><ele>1043.5</ele></trkpt>
    <trkpt lat="46.92556" lon="11.449381"><ele>1041.5</ele></trkpt>
    <trkpt lat="46.92469" lon="11.448603"><ele>1040.25</ele></trkpt>
    <trkpt lat="46.92451" lon="11.448498"><ele>1040.75</ele></trkpt>
    <trkpt lat="46.924425" lon="11.448489"><ele>1041.75</ele></trkpt>
    <trkpt lat="46.924356" lon="11.44851"><ele>1042.75</ele></trkpt>
    <trkpt lat="46.92426" lon="11.448578"><ele>1044.25</ele></trkpt>
    <trkpt lat="46.924167" lon="11.448603"><ele>1044.75</ele></trkpt>
    <trkpt lat="46.923957" lon="11.448608"><ele>1045.5</ele></trkpt>
    <trkpt lat="46.92367" lon="11.448579"><ele>1048.25</ele></trkpt>
    <trkpt lat="46.923333" lon="11.448614"><ele>1056.0</ele></trkpt>
    <trkpt lat="46.923095" lon="11.44865"><ele>1057.5</ele></trkpt>
    <trkpt lat="46.923028" lon="11.448696"><ele>1058.25</ele></trkpt>
    <trkpt lat="46.922951" lon="11.44884"><ele>1059.75</ele></trkpt>
    <trkpt lat="46.922912" lon="11.448951"><ele>1060.75</ele></trkpt>
    <trkpt lat="46.922884" lon="11.449231"><ele>1063.75</ele></trkpt>
    <trkpt lat="46.922807" lon="11.449473"><ele>1064.25</ele></trkpt>
    <trkpt lat="46.922755" lon="11.44965"><ele>1064.75</ele></trkpt>
    <trkpt lat="46.922763" lon="11.449734"><ele>1066.5</ele></trkpt>
    <trkpt lat="46.922805" lon="11.449824"><ele>1069.25</ele></trkpt>
    <trkpt lat="46.922793" lon="11.449906"><ele>1070.0</ele></trkpt>
    <trkpt lat="46.92273" lon="11.450028"><ele>1070.0</ele></trkpt>
    <trkpt lat="46.922619" lon="11.450177"><ele>1069.75</ele></trkpt>
    <trkpt lat="46.922537" lon="11.450241"><ele>1069.0</ele></trkpt>
    <trkpt lat="46.922307" lon="11.450623"><ele>1064.75</ele></trkpt>
    <trkpt lat="46.922245" lon="11.450732"><ele>1065.25</ele></trkpt>
    <trkpt lat="46.922214" lon="11.450789"><ele>1066.0</ele></trkpt>
    <trkpt lat="46.922161" lon="11.450827"><ele>1067.0</ele></trkpt>
    <trkpt lat="46.922001" lon="11.450834"><ele>1067.75</ele></trkpt>
    <trkpt lat="46.921928" lon="11.450821"><ele>1068.0</ele></trkpt>
    <trkpt lat="46.921789" lon="11.450616"><ele>1066.25</ele></trkpt>
    <trkpt lat="46.921798" lon="11.450503"><ele>1063.25</ele></trkpt>
    <trkpt lat="46.921827" lon="11.450389"><ele>1061.25</ele></trkpt>
    <trkpt lat="46.921846" lon="11.450326"><ele>1060.25</ele></trkpt>
    <trkpt lat="46.921857" lon="11.450234"><ele>1059.75</ele></trkpt>
    <trkpt lat="46.921859" lon="11.45008"><ele>1060.25</ele></trkpt>
    <trkpt lat="46.921844" lon="11.449913"><ele>1059.5</ele></trkpt>
    <trkpt lat="46.921825" lon="11.449814"><ele>1058.75</ele></trkpt>
    <trkpt lat="46.921722" lon="11.449422"><ele>1056.25</ele></trkpt>
    <trkpt lat="46.921589" lon="11.449028"><ele>1051.25</ele></trkpt>
    <trkpt lat="46.921485" lon="11.448784"><ele>1047.25</ele></trkpt>
    <trkpt lat="46.921437" lon="11.448699"><ele>1047.5</ele></trkpt>
    <trkpt lat="46.921373" lon="11.448635"><ele>1049.0</ele></trkpt>
    <trkpt lat="46.921295" lon="11.448592"><ele>1047.75</ele></trkpt>
    <trkpt lat="46.920927" lon="11.448521"><ele>1044.0</ele></trkpt>
    <trkpt lat="46.920829" lon="11.448483"><ele>1043.0</ele></trkpt>
    <trkpt lat="46.920749" lon="11.448431"><ele>1042.25</ele></trkpt>
    <trkpt lat="46.919908" lon="11.447603"><ele>1030.5</ele></trkpt>
    <trkpt lat="46.919614" lon="11.447355"><ele>1027.25</ele></trkpt>
    <trkpt lat="46.91941" lon="11.447188"><ele>1023.75</ele></trkpt>
    <trkpt lat="46.91927" lon="11.44709"><ele>1022.5</ele></trkpt>
    <trkpt lat="46.919095" lon="11.446986"><ele>1020.25</ele></trkpt>
    <trkpt lat="46.918901" lon="11.446896"><ele>1018.5</ele></trkpt>
    <trkpt lat="46.918525" lon="11.446783"><ele>1017.0</ele></trkpt>
    <trkpt lat="46.918324" lon="11.446719"><ele>1016.5</ele></trkpt>
    <trkpt lat="46.91814" lon="11.446566"><ele>1014.75</ele></trkpt>
    <trkpt lat="46.918071" lon="11.446522"><ele>1014.0</ele></trkpt>
    <trkpt lat="46.91804" lon="11.446336"><ele>1012.0</ele></trkpt>
    <trkpt lat="46.918049" lon="11.446223"><ele>1012.5</ele></trkpt>
    <trkpt lat="46.918075" lon="11.446078"><ele>1011.75</ele></trkpt>
    <trkpt lat="46.918106" lon="11.445895"><ele>1006.75</ele></trkpt>
    <trkpt lat="46.918103" lon="11.445814"><ele>1004.75</ele></trkpt>
    <trkpt lat="46.918081" lon="11.445759"><ele>1004.25</ele></trkpt>
    <trkpt lat="46.918045" lon="11.445713"><ele>1003.5</ele></trkpt>
    <trkpt lat="46.917996" lon="11.445691"><ele>1003.25</ele></trkpt>
    <trkpt lat="46.917777" lon="11.445652"><ele>1002.5</ele></trkpt>
    <trkpt lat="46.917454" lon="11.445579"><ele>1000.25</ele></trkpt>
    <trkpt lat="46.917266" lon="11.44548"><ele>999.0</ele></trkpt>
    <trkpt lat="46.917017" lon="11.445293"><ele>996.0</ele></trkpt>
    <trkpt lat="46.916624" lon="11.444791"><ele>991.25</ele></trkpt>
    <trkpt lat="46.916572" lon="11.444704"><ele>990.0</ele></trkpt>
    <trkpt lat="46.916509" lon="11.444563"><ele>988.75</ele></trkpt>
    <trkpt lat="46.916492" lon="11.444486"><ele>987.5</ele></trkpt>
    <trkpt lat="46.916487" lon="11.444402"><ele>986.5</ele></trkpt>
    <trkpt lat="46.916294" lon="11.444416"><ele>986.75</ele></trkpt>
    <trkpt lat="46.916193" lon="11.444381"><ele>986.5</ele></trkpt>
    <trkpt lat="46.916067" lon="11.444311"><ele>986.5</ele></trkpt>
    <trkpt lat="46.915939" lon="11.444219"><ele>985.75</ele></trkpt>
    <trkpt lat="46.915715" lon="11.444089"><ele>984.0</ele></trkpt>
    <trkpt lat="46.915655" lon="11.444033"><ele>984.0</ele></trkpt>
    <trkpt lat="46.915605" lon="11.443968"><ele>983.5</ele></trkpt>
    <trkpt lat="46.915425" lon="11.443539"><ele>984.75</ele></trkpt>
    <trkpt lat="46.915364" lon="11.443439"><ele>983.5</ele></trkpt>
    <trkpt lat="46.915262" lon="11.443325"><ele>980.0</ele></trkpt>
    <trkpt lat="46.91514" lon="11.443255"><ele>980.75</ele></trkpt>
    <trkpt lat="46.91479" lon="11.443103"><ele>978.5</ele></trkpt>
    <trkpt lat="46.914673" lon="11.44307"><ele>978.0</ele></trkpt>
    <trkpt lat="46.914524" lon="11.443116"><ele>978.25</ele></trkpt>
    <trkpt lat="46.91448" lon="11.443083"><ele>978.0</ele></trkpt>
    <trkpt lat="46.914471" lon="11.442904"><ele>977.5</ele></trkpt>
    <trkpt lat="46.914495" lon="11.4427"><ele>977.5</ele></trkpt>
    <trkpt lat="46.914496" lon="11.442588"><ele>978.0</ele></trkpt>
    <trkpt lat="46.914477" lon="11.442515"><ele>978.25</ele></trkpt>
    <trkpt lat="46.914333" lon="11.442346"><ele>979.5</ele></trkpt>
    <trkpt lat="46.914245" lon="11.44222"><ele>979.25</ele></trkpt>
    <trkpt lat="46.914144" lon="11.442048"><ele>977.25</ele></trkpt>
    <trkpt lat="46.914058" lon="11.441887"><ele>976.75</ele></trkpt>
    <trkpt lat="46.913996" lon="11.441709"><ele>977.0</ele></trkpt>
    <trkpt lat="46.913656" lon="11.440575"><ele>974.75</ele></trkpt>
    <trkpt lat="46.913488" lon="11.440047"><ele>973.75</ele></trkpt>
    <trkpt lat="46.913379" lon="11.439723"><ele>973.5</ele></trkpt>
    <trkpt lat="46.913335" lon="11.439612"><ele>973.5</ele></trkpt>
    <trkpt lat="46.913246" lon="11.439468"><ele>972.25</ele></trkpt>
    <trkpt lat="46.913184" lon="11.439387"><ele>971.75</ele></trkpt>
    <trkpt lat="46.913033" lon="11.439228"><ele>972.25</ele></trkpt>
    <trkpt lat="46.912999" lon="11.439168"><ele>972.25</ele></trkpt>
    <trkpt lat="46.912978" lon="11.439046"><ele>972.25</ele></trkpt>
    <trkpt lat="46.912959" lon="11.438834"><ele>972.5</ele></trkpt>
    <trkpt lat="46.912953" lon="11.438751"><ele>972.75</ele></trkpt>
    <trkpt lat="46.912923" lon="11.438661"><ele>972.75</ele></trkpt>
    <trkpt lat="46.912895" lon="11.438625"><ele>972.75</ele></trkpt>
    <trkpt lat="46.912756" lon="11.438526"><ele>972.75</ele></trkpt>
    <trkpt lat="46.912684" lon="11.438475"><ele>972.5</ele></trkpt>
    <trkpt lat="46.912298" lon="11.438101"><ele>972.0</ele></trkpt>
    <trkpt lat="46.912105" lon="11.437876"><ele>973.75</ele></trkpt>
    <trkpt lat="46.912045" lon="11.437808"><ele>974.0</ele></trkpt>
    <trkpt lat="46.911633" lon="11.437322"><ele>973.5</ele></trkpt>
    <trkpt lat="46.911593" lon="11.437262"><ele>973.75</ele></trkpt>
    <trkpt lat="46.910998" lon="11.436195"><ele>969.75</ele></trkpt>
    <trkpt lat="46.910804" lon="11.435836"><ele>970.5</ele></trkpt>
    <trkpt lat="46.910736" lon="11.435759"><ele>973.25</ele></trkpt>
    <trkpt lat="46.910588" lon="11.43565"><ele>974.0</ele></trkpt>
    <trkpt lat="46.910377" lon="11.435629"><ele>971.0</ele></trkpt>
    <trkpt lat="46.910288" lon="11.435597"><ele>969.75</ele></trkpt>
    <trkpt lat="46.910183" lon="11.435534"><ele>969.75</ele></trkpt>
    <trkpt lat="46.909781" lon="11.435235"><ele>969.75</ele></trkpt>
    <trkpt lat="46.909665" lon="11.435149"><ele>969.5</ele></trkpt>
    <trkpt lat="46.909466" lon="11.434949"><ele>968.25</ele></trkpt>
    <trkpt lat="46.909309" lon="11.434714"><ele>971.0</ele></trkpt>
    <trkpt lat="46.909241" lon="11.434598"><ele>976.25</ele></trkpt>
    <trkpt lat="46.909032" lon="11.434301"><ele>976.75</ele></trkpt>
    <trkpt lat="46.908856" lon="11.433996"><ele>968.0</ele></trkpt>
    <trkpt lat="46.907907" lon="11.432612"><ele>965.75</ele></trkpt>
    <trkpt lat="46.907728" lon="11.432347"><ele>966.25</ele></trkpt>
    <trkpt lat="46.907434" lon="11.431957"><ele>965.5</ele></trkpt>
    <trkpt lat="46.907259" lon="11.43171"><ele>966.5</ele></trkpt>
    <trkpt lat="46.907195" lon="11.431631"><ele>967.25</ele></trkpt>
    <trkpt lat="46.907137" lon="11.431564"><ele>967.5</ele></trkpt>
    <trkpt lat="46.906953" lon="11.431371"><ele>967.25</ele></trkpt>
    <trkpt lat="46.906773" lon="11.431203"><ele>966.75</ele></trkpt>
    <trkpt lat="46.906592" lon="11.431064"><ele>965.0</ele></trkpt>
    <trkpt lat="46.906333" lon="11.430879"><ele>964.0</ele></trkpt>
    <trkpt lat="46.906233" lon="11.430782"><ele>963.75</ele></trkpt>
    <trkpt lat="46.906068" lon="11.430694"><ele>963.5</ele></trkpt>
    <trkpt lat="46.905863" lon="11.430616"><ele>962.5</ele></trkpt>
    <trkpt lat="46.905811" lon="11.430553"><ele>962.75</ele></trkpt>
    <trkpt lat="46.905789" lon="11.429992"><ele>965.5</ele></trkpt>
    <trkpt lat="46.905762" lon="11.429894"><ele>965.75</ele></trkpt>
    <trkpt lat="46.905099" lon="11.42963"><ele>960.25</ele></trkpt>
    <trkpt lat="46.904727" lon="11.429349"><ele>961.25</ele></trkpt>
    <trkpt lat="46.904596" lon="11.429322"><ele>961.75</ele></trkpt>
    <trkpt lat="46.904335" lon="11.429362"><ele>960.5</ele></trkpt>
    <trkpt lat="46.904253" lon="11.429348"><ele>960.75</ele></trkpt>
    <trkpt lat="46.904002" lon="11.429301"><ele>960.75</ele></trkpt>
    <trkpt lat="46.903924" lon="11.429333"><ele>959.75</ele></trkpt>
    <trkpt lat="46.903745" lon="11.429308"><ele>959.5</ele></trkpt>
    <trkpt lat="46.903596" lon="11.429225"><ele>959.75</ele></trkpt>
    <trkpt lat="46.903436" lon="11.429106"><ele>960.75</ele></trkpt>
    <trkpt lat="46.903358" lon="11.429095"><ele>960.5</ele></trkpt>
    <trkpt lat="46.903336" lon="11.43005"><ele>957.25</ele></trkpt>
    <trkpt lat="46.90328" lon="11.430034"><ele>957.5</ele></trkpt>
    <trkpt lat="46.902417" lon="11.429908"><ele>959.0</ele></trkpt>
    <trkpt lat="46.902408" lon="11.430021"><ele>958.75</ele></trkpt>
    <trkpt lat="46.902358" lon="11.429989"><ele>959.0</ele></trkpt>
    <trkpt lat="46.902146" lon="11.429947"><ele>959.25</ele></trkpt>
    <trkpt lat="46.901835" lon="11.429929"><ele>960.0</ele></trkpt>
    <trkpt lat="46.901676" lon="11.429898"><ele>960.25</ele></trkpt>
    <trkpt lat="46.901616" lon="11.429941"><ele>959.75</ele></trkpt>
    <trkpt lat="46.901465" lon="11.429934"><ele>958.75</ele></trkpt>
    <trkpt lat="46.901163" lon="11.429914"><ele>956.0</ele></trkpt>
    <trkpt lat="46.901048" lon="11.429919"><ele>955.0</ele></trkpt>
    <trkpt lat="46.900747" lon="11.430038"><ele>952.5</ele></trkpt>
    <trkpt lat="46.900197" lon="11.430288"><ele>950.75</ele></trkpt>
    <trkpt lat="46.900072" lon="11.43038"><ele>950.5</ele></trkpt>
    <trkpt lat="46.899548" lon="11.430873"><ele>949.75</ele></trkpt>
    <trkpt lat="46.899138" lon="11.431178"><ele>949.0</ele></trkpt>
    <trkpt lat="46.899092" lon="11.431205"><ele>949.0</ele></trkpt>
    <trkpt lat="46.898886" lon="11.431311"><ele>948.75</ele></trkpt>
    <trkpt lat="46.898871" lon="11.431317"><ele>949.0</ele></trkpt>
    <trkpt lat="46.898816" lon="11.431333"><ele>949.0</ele></trkpt>
    <trkpt lat="46.898697" lon="11.431368"><ele>949.0</ele></trkpt>
    <trkpt lat="46.898565" lon="11.431412"><ele>948.75</ele></trkpt>
    <trkpt lat="46.89832" lon="11.431499"><ele>948.5</ele></trkpt>
    <trkpt lat="46.897891" lon="11.431619"><ele>948.0</ele></trkpt>
    <trkpt lat="46.897307" lon="11.431808"><ele>947.25</ele></trkpt>
    <trkpt lat="46.897083" lon="11.431894"><ele>947.0</ele></trkpt>
    <trkpt lat="46.896778" lon="11.432026"><ele>947.0</ele></trkpt>
    <trkpt lat="46.896722" lon="11.43205"><ele>947.0</ele></trkpt>
    <trkpt lat="46.896436" lon="11.432117"><ele>947.0</ele></trkpt>
    <trkpt lat="46.896425" lon="11.432119"><ele>947.0</ele></trkpt>
    <trkpt lat="46.896365" lon="11.432138"><ele>946.75</ele></trkpt>
    <trkpt lat="46.896367" lon="11.432198"><ele>946.75</ele></trkpt>
    <trkpt lat="46.89639" lon="11.432577"><ele>947.0</ele></trkpt>
    <trkpt lat="46.896446" lon="11.432872"><ele>947.0</ele></trkpt>
    <trkpt lat="46.895936" lon="11.432845"><ele>946.75</ele></trkpt>
    <trkpt lat="46.895927" lon="11.43299"><ele>946.0</ele></trkpt>
    <trkpt lat="46.895936" lon="11.432845"><ele>946.75</ele></trkpt>
    <trkpt lat="46.896446" lon="11.432872"><ele>947.0</ele></trkpt>
    <trkpt lat="46.89639" lon="11.432577"><ele>947.0</ele></trkpt>
    <trkpt lat="46.896367" lon="11.432198"><ele>946.75</ele></trkpt>
    <trkpt lat="46.896365" lon="11.432138"><ele>946.75</ele></trkpt>
    <trkpt lat="46.896188" lon="11.432173"><ele>946.25</ele></trkpt>
    <trkpt lat="46.896159" lon="11.43218"><ele>946.25</ele></trkpt>
    <trkpt lat="46.895962" lon="11.432234"><ele>946.0</ele></trkpt>
    <trkpt lat="46.895325" lon="11.432483"><ele>946.0</ele></trkpt>
    <trkpt lat="46.894951" lon="11.432621"><ele>945.25</ele></trkpt>
    <trkpt lat="46.894918" lon="11.432632"><ele>945.25</ele></trkpt>
    <trkpt lat="46.894821" lon="11.432656"><ele>945.5</ele></trkpt>
    <trkpt lat="46.894288" lon="11.432668"><ele>945.0</ele></trkpt>
    <trkpt lat="46.8942" lon="11.432679"><ele>945.0</ele></trkpt>
    <trkpt lat="46.894132" lon="11.432697"><ele>945.0</ele></trkpt>
    <trkpt lat="46.894029" lon="11.43274"><ele>945.0</ele></trkpt>
    <trkpt lat="46.893913" lon="11.432811"><ele>945.0</ele></trkpt>
    <trkpt lat="46.893621" lon="11.433019"><ele>945.0</ele></trkpt>
    <trkpt lat="46.893337" lon="11.433227"><ele>944.5</ele></trkpt>
    <trkpt lat="46.893071" lon="11.433373"><ele>944.0</ele></trkpt>
    <trkpt lat="46.892904" lon="11.433465"><ele>944.0</ele></trkpt>
    <trkpt lat="46.892867" lon="11.433496"><ele>944.0</ele></trkpt>
    <trkpt lat="46.892835" lon="11.43354"><ele>944.0</ele></trkpt>
    <trkpt lat="46.892815" lon="11.433591"><ele>944.0</ele></trkpt>
    <trkpt lat="46.892772" lon="11.433579"><ele>944.0</ele></trkpt>
    <trkpt lat="46.892725" lon="11.433577"><ele>944.0</ele></trkpt>
    <trkpt lat="46.892579" lon="11.433673"><ele>944.0</ele></trkpt>
    <trkpt lat="46.892439" lon="11.433751"><ele>943.75</ele></trkpt>
    <trkpt lat="46.892368" lon="11.433786"><ele>943.75</ele></trkpt>
    <trkpt lat="46.892206" lon="11.433855"><ele>943.75</ele></trkpt>
    <trkpt lat="46.892099" lon="11.433864"><ele>943.5</ele></trkpt>
    <trkpt lat="46.891997" lon="11.433853"><ele>943.0</ele></trkpt>
    <trkpt lat="46.891603" lon="11.43377"><ele>943.0</ele></trkpt>
    <trkpt lat="46.891507" lon="11.43374"><ele>943.0</ele></trkpt>
    <trkpt lat="46.891467" lon="11.433717"><ele>943.0</ele></trkpt>
    <trkpt lat="46.891376" lon="11.433596"><ele>942.75</ele></trkpt>
    <trkpt lat="46.891357" lon="11.433557"><ele>942.75</ele></trkpt>
    <trkpt lat="46.891335" lon="11.433589"><ele>942.75</ele></trkpt>
    <trkpt lat="46.891323" lon="11.433605"><ele>942.75</ele></trkpt>
    <trkpt lat="46.890981" lon="11.434077"><ele>942.25</ele></trkpt>
    <trkpt lat="46.890924" lon="11.43412"><ele>942.25</ele></trkpt>
    <trkpt lat="46.890506" lon="11.434274"><ele>941.75</ele></trkpt>
    <trkpt lat="46.890239" lon="11.434381"><ele>941.5</ele></trkpt>
    <trkpt lat="46.890127" lon="11.434369"><ele>941.25</ele></trkpt>
    <trkpt lat="46.890012" lon="11.434369"><ele>941.0</ele></trkpt>
    <trkpt lat="46.889927" lon="11.434391"><ele>941.0</ele></trkpt>
    <trkpt lat="46.889778" lon="11.434496"><ele>941.0</ele></trkpt>
    <trkpt lat="46.889682" lon="11.434554"><ele>941.0</ele></trkpt>
    <trkpt lat="46.889523" lon="11.434654"><ele>941.0</ele></trkpt>
    <trkpt lat="46.889433" lon="11.434785"><ele>940.5</ele></trkpt>
    <trkpt lat="46.887711" lon="11.43558"><ele>940.75</ele></trkpt>
    <trkpt lat="46.886983" lon="11.435915"><ele>940.0</ele></trkpt>
    <trkpt lat="46.885897" lon="11.436643"><ele>940.75</ele></trkpt>
    <trkpt lat="46.885528" lon="11.436828"><ele>940.0</ele></trkpt>
    <trkpt lat="46.885445" lon="11.437001"><ele>940.5</ele></trkpt>
    <trkpt lat="46.885291" lon="11.437419"><ele>939.5</ele></trkpt>
    <trkpt lat="46.885205" lon="11.437601"><ele>939.5</ele></trkpt>
    <trkpt lat="46.885058" lon="11.437877"><ele>940.0</ele></trkpt>
    <trkpt lat="46.884893" lon="11.438122"><ele>939.75</ele></trkpt>
    <trkpt lat="46.884731" lon="11.438322"><ele>939.0</ele></trkpt>
    <trkpt lat="46.884313" lon="11.438787"><ele>939.75</ele></trkpt>
    <trkpt lat="46.88422" lon="11.438963"><ele>939.5</ele></trkpt>
    <trkpt lat="46.884156" lon="11.439134"><ele>939.0</ele></trkpt>
    <trkpt lat="46.884026" lon="11.439552"><ele>939.5</ele></trkpt>
    <trkpt lat="46.883878" lon="11.439984"><ele>939.0</ele></trkpt>
    <trkpt lat="46.883708" lon="11.440367"><ele>939.75</ele></trkpt>
    <trkpt lat="46.883543" lon="11.440708"><ele>939.25</ele></trkpt>
    <trkpt lat="46.883471" lon="11.440876"><ele>940.0</ele></trkpt>
    <trkpt lat="46.883355" lon="11.441503"><ele>938.5</ele></trkpt>
    <trkpt lat="46.883125" lon="11.442393"><ele>938.5</ele></trkpt>
    <trkpt lat="46.882963" lon="11.443055"><ele>938.0</ele></trkpt>
    <trkpt lat="46.882772" lon="11.443694"><ele>938.0</ele></trkpt>
    <trkpt lat="46.881335" lon="11.447766"><ele>938.5</ele></trkpt>
    <trkpt lat="46.881295" lon="11.447913"><ele>938.25</ele></trkpt>
    <trkpt lat="46.881283" lon="11.448019"><ele>938.0</ele></trkpt>
    <trkpt lat="46.881218" lon="11.447979"><ele>937.25</ele></trkpt>
    <trkpt lat="46.881091" lon="11.447884"><ele>936.75</ele></trkpt>
    <trkpt lat="46.881054" lon="11.44786"><ele>937.25</ele></trkpt>
    <trkpt lat="46.881034" lon="11.447861"><ele>937.25</ele></trkpt>
    <trkpt lat="46.88102" lon="11.447878"><ele>937.25</ele></trkpt>
    <trkpt lat="46.880939" lon="11.448174"><ele>936.5</ele></trkpt>
    <trkpt lat="46.875222" lon="11.464334"><ele>933.25</ele></trkpt>
    <trkpt lat="46.873837" lon="11.468317"><ele>931.75</ele></trkpt>
    <trkpt lat="46.872774" lon="11.471293"><ele>931.5</ele></trkpt>
    <trkpt lat="46.872748" lon="11.471367"><ele>931.5</ele></trkpt>
    <trkpt lat="46.872423" lon="11.472276"><ele>931.5</ele></trkpt>
    <trkpt lat="46.870602" lon="11.477489"><ele>931.5</ele></trkpt>
    <trkpt lat="46.870409" lon="11.478091"><ele>931.0</ele></trkpt>
    <trkpt lat="46.870302" lon="11.47848"><ele>931.25</ele></trkpt>
    <trkpt lat="46.870291" lon="11.478525"><ele>931.25</ele></trkpt>
    <trkpt lat="46.86993" lon="11.479943"><ele>931.5</ele></trkpt>
    <trkpt lat="46.869901" lon="11.480044"><ele>931.5</ele></trkpt>
    <trkpt lat="46.869666" lon="11.48073"><ele>932.5</ele></trkpt>
    <trkpt lat="46.869569" lon="11.480981"><ele>932.25</ele></trkpt>
    <trkpt lat="46.86954" lon="11.481095"><ele>932.25</ele></trkpt>
    <trkpt lat="46.869534" lon="11.48115"><ele>932.25</ele></trkpt>
    <trkpt lat="46.869537" lon="11.481199"><ele>932.0</ele></trkpt>
    <trkpt lat="46.869561" lon="11.481296"><ele>931.75</ele></trkpt>
    <trkpt lat="46.869577" lon="11.481337"><ele>931.5</ele></trkpt>
    <trkpt lat="46.869618" lon="11.48139"><ele>931.0</ele></trkpt>
    <trkpt lat="46.869718" lon="11.481437"><ele>929.75</ele></trkpt>
    <trkpt lat="46.869948" lon="11.481546"><ele>931.5</ele></trkpt>
    <trkpt lat="46.869988" lon="11.481571"><ele>932.0</ele></trkpt>
    <trkpt lat="46.870059" lon="11.48164"><ele>932.25</ele></trkpt>
    <trkpt lat="46.870105" lon="11.481716"><ele>932.0</ele></trkpt>
    <trkpt lat="46.870288" lon="11.481199"><ele>932.5</ele></trkpt>
    <trkpt lat="46.87054" lon="11.480413"><ele>934.25</ele></trkpt>
    <trkpt lat="46.870332" lon="11.480264"><ele>933.75</ele></trkpt>
    <trkpt lat="46.869469" lon="11.47972"><ele>938.5</ele></trkpt>
    <trkpt lat="46.869382" lon="11.479659"><ele>940.5</ele></trkpt>
    <trkpt lat="46.869262" lon="11.479562"><ele>942.25</ele></trkpt>
    <trkpt lat="46.869183" lon="11.479482"><ele>942.25</ele></trkpt>
    <trkpt lat="46.868858" lon="11.479042"><ele>942.25</ele></trkpt>
    <trkpt lat="46.868794" lon="11.478975"><ele>943.0</ele></trkpt>
    <trkpt lat="46.868718" lon="11.478919"><ele>944.25</ele></trkpt>
    <trkpt lat="46.868434" lon="11.478775"><ele>948.0</ele></trkpt>
    <trkpt lat="46.868281" lon="11.478722"><ele>949.25</ele></trkpt>
    <trkpt lat="46.868161" lon="11.478703"><ele>950.5</ele></trkpt>
    <trkpt lat="46.868016" lon="11.478708"><ele>952.0</ele></trkpt>
    <trkpt lat="46.86767" lon="11.478751"><ele>954.0</ele></trkpt>
    <trkpt lat="46.867163" lon="11.478788"><ele>958.5</ele></trkpt>
    <trkpt lat="46.86708" lon="11.478785"><ele>959.5</ele></trkpt>
    <trkpt lat="46.867052" lon="11.478774"><ele>959.75</ele></trkpt>
    <trkpt lat="46.867018" lon="11.478745"><ele>960.0</ele></trkpt>
    <trkpt lat="46.866798" lon="11.478524"><ele>959.0</ele></trkpt>
    <trkpt lat="46.866766" lon="11.47851"><ele>959.0</ele></trkpt>
    <trkpt lat="46.866722" lon="11.478515"><ele>959.25</ele></trkpt>
    <trkpt lat="46.866699" lon="11.478528"><ele>959.5</ele></trkpt>
    <trkpt lat="46.866678" lon="11.478553"><ele>959.75</ele></trkpt>
    <trkpt lat="46.866601" lon="11.478688"><ele>961.0</ele></trkpt>
    <trkpt lat="46.866553" lon="11.478739"><ele>961.75</ele></trkpt>
    <trkpt lat="46.866513" lon="11.478758"><ele>962.25</ele></trkpt>
    <trkpt lat="46.866477" lon="11.47877"><ele>962.75</ele></trkpt>
    <trkpt lat="46.86629" lon="11.478789"><ele>963.75</ele></trkpt>
    <trkpt lat="46.86602" lon="11.478934"><ele>965.5</ele></trkpt>
    <trkpt lat="46.865972" lon="11.478987"><ele>966.0</ele></trkpt>
    <trkpt lat="46.865845" lon="11.47934"><ele>966.5</ele></trkpt>
    <trkpt lat="46.865757" lon="11.479553"><ele>967.75</ele></trkpt>
    <trkpt lat="46.865727" lon="11.479606"><ele>968.0</ele></trkpt>
    <trkpt lat="46.865691" lon="11.479652"><ele>968.25</ele></trkpt>
    <trkpt lat="46.865618" lon="11.479633"><ele>968.5</ele></trkpt>
    <trkpt lat="46.865522" lon="11.479577"><ele>969.0</ele></trkpt>
    <trkpt lat="46.865462" lon="11.479553"><ele>969.25</ele></trkpt>
    <trkpt lat="46.865379" lon="11.479548"><ele>969.5</ele></trkpt>
    <trkpt lat="46.864967" lon="11.479569"><ele>968.75</ele></trkpt>
    <trkpt lat="46.864715" lon="11.479572"><ele>968.0</ele></trkpt>
    <trkpt lat="46.864647" lon="11.47959"><ele>968.25</ele></trkpt>
    <trkpt lat="46.864551" lon="11.47964"><ele>968.25</ele></trkpt>
    <trkpt lat="46.86435" lon="11.479808"><ele>968.5</ele></trkpt>
    <trkpt lat="46.864246" lon="11.479878"><ele>968.75</ele></trkpt>
    <trkpt lat="46.864181" lon="11.479899"><ele>969.0</ele></trkpt>
    <trkpt lat="46.864027" lon="11.479913"><ele>970.5</ele></trkpt>
    <trkpt lat="46.863951" lon="11.479928"><ele>971.0</ele></trkpt>
    <trkpt lat="46.863825" lon="11.479952"><ele>971.75</ele></trkpt>
    <trkpt lat="46.863585" lon="11.480084"><ele>971.75</ele></trkpt>
    <trkpt lat="46.863508" lon="11.480146"><ele>972.0</ele></trkpt>
    <trkpt lat="46.86346" lon="11.480196"><ele>972.0</ele></trkpt>
    <trkpt lat="46.86342" lon="11.480251"><ele>971.75</ele></trkpt>
    <trkpt lat="46.863379" lon="11.480328"><ele>971.5</ele></trkpt>
    <trkpt lat="46.863218" lon="11.480783"><ele>971.5</ele></trkpt>
    <trkpt lat="46.862782" lon="11.48208"><ele>969.75</ele></trkpt>
    <trkpt lat="46.862672" lon="11.48256"><ele>968.5</ele></trkpt>
    <trkpt lat="46.862615" lon="11.48292"><ele>968.0</ele></trkpt>
    <trkpt lat="46.862596" lon="11.484012"><ele>961.0</ele></trkpt>
    <trkpt lat="46.862625" lon="11.484606"><ele>958.0</ele></trkpt>
    <trkpt lat="46.862711" lon="11.48516"><ele>958.25</ele></trkpt>
    <trkpt lat="46.862949" lon="11.485977"><ele>953.75</ele></trkpt>
    <trkpt lat="46.863021" lon="11.486348"><ele>952.75</ele></trkpt>
    <trkpt lat="46.863038" lon="11.486811"><ele>950.0</ele></trkpt>
    <trkpt lat="46.863024" lon="11.487545"><ele>946.75</ele></trkpt>
    <trkpt lat="46.862929" lon="11.488342"><ele>946.0</ele></trkpt>
    <trkpt lat="46.862913" lon="11.488614"><ele>946.75</ele></trkpt>
    <trkpt lat="46.862917" lon="11.48893"><ele>947.0</ele></trkpt>
    <trkpt lat="46.862967" lon="11.489389"><ele>946.25</ele></trkpt>
    <trkpt lat="46.862828" lon="11.491417"><ele>940.0</ele></trkpt>
    <trkpt lat="46.862753" lon="11.49173"><ele>940.25</ele></trkpt>
    <trkpt lat="46.86232" lon="11.492584"><ele>936.25</ele></trkpt>
    <trkpt lat="46.862259" lon="11.492797"><ele>935.5</ele></trkpt>
    <trkpt lat="46.862196" lon="11.493474"><ele>934.75</ele></trkpt>
    <trkpt lat="46.862133" lon="11.49376"><ele>934.5</ele></trkpt>
    <trkpt lat="46.862039" lon="11.494026"><ele>934.25</ele></trkpt>
    <trkpt lat="46.861892" lon="11.494277"><ele>934.5</ele></trkpt>
    <trkpt lat="46.861679" lon="11.494597"><ele>933.75</ele></trkpt>
    <trkpt lat="46.861545" lon="11.49489"><ele>933.25</ele></trkpt>
    <trkpt lat="46.861301" lon="11.495566"><ele>932.75</ele></trkpt>
    <trkpt lat="46.861182" lon="11.495795"><ele>933.25</ele></trkpt>
    <trkpt lat="46.861115" lon="11.495895"><ele>933.0</ele></trkpt>
    <trkpt lat="46.860866" lon="11.496157"><ele>934.75</ele></trkpt>
    <trkpt lat="46.860777" lon="11.496266"><ele>935.25</ele></trkpt>
    <trkpt lat="46.860572" lon="11.496586"><ele>936.0</ele></trkpt>
    <trkpt lat="46.860176" lon="11.497459"><ele>936.25</ele></trkpt>
    <trkpt lat="46.860092" lon="11.497725"><ele>935.25</ele></trkpt>
    <trkpt lat="46.860071" lon="11.49783"><ele>935.0</ele></trkpt>
    <trkpt lat="46.859847" lon="11.498274"><ele>935.25</ele></trkpt>
    <trkpt lat="46.859674" lon="11.498511"><ele>935.5</ele></trkpt>
    <trkpt lat="46.859547" lon="11.498686"><ele>937.25</ele></trkpt>
    <trkpt lat="46.859101" lon="11.499939"><ele>946.25</ele></trkpt>
    <trkpt lat="46.858827" lon="11.500763"><ele>950.75</ele></trkpt>
    <trkpt lat="46.858765" lon="11.500903"><ele>952.25</ele></trkpt>
    <trkpt lat="46.858682" lon="11.501024"><ele>953.5</ele></trkpt>
    <trkpt lat="46.85855" lon="11.501162"><ele>954.25</ele></trkpt>
    <trkpt lat="46.858424" lon="11.501314"><ele>954.75</ele></trkpt>
    <trkpt lat="46.858152" lon="11.501565"><ele>959.5</ele></trkpt>
    <trkpt lat="46.858079" lon="11.501666"><ele>959.0</ele></trkpt>
    <trkpt lat="46.858014" lon="11.501797"><ele>961.25</ele></trkpt>
    <trkpt lat="46.857771" lon="11.502385"><ele>964.25</ele></trkpt>
    <trkpt lat="46.857653" lon="11.502686"><ele>968.75</ele></trkpt>
    <trkpt lat="46.857525" lon="11.502851"><ele>968.0</ele></trkpt>
    <trkpt lat="46.857273" lon="11.503223"><ele>968.75</ele></trkpt>
    <trkpt lat="46.857226" lon="11.50327"><ele>968.0</ele></trkpt>
    <trkpt lat="46.857166" lon="11.503309"><ele>966.75</ele></trkpt>
    <trkpt lat="46.857098" lon="11.503333"><ele>966.25</ele></trkpt>
    <trkpt lat="46.857031" lon="11.503343"><ele>966.5</ele></trkpt>
    <trkpt lat="46.856886" lon="11.503329"><ele>967.0</ele></trkpt>
    <trkpt lat="46.856793" lon="11.503298"><ele>967.25</ele></trkpt>
    <trkpt lat="46.856741" lon="11.503274"><ele>967.5</ele></trkpt>
    <trkpt lat="46.856501" lon="11.503109"><ele>968.5</ele></trkpt>
    <trkpt lat="46.856414" lon="11.503066"><ele>968.75</ele></trkpt>
    <trkpt lat="46.856233" lon="11.502994"><ele>969.25</ele></trkpt>
    <trkpt lat="46.856013" lon="11.502924"><ele>970.25</ele></trkpt>
    <trkpt lat="46.855942" lon="11.502888"><ele>970.75</ele></trkpt>
    <trkpt lat="46.855762" lon="11.502755"><ele>972.0</ele></trkpt>
    <trkpt lat="46.855428" lon="11.502425"><ele>975.25</ele></trkpt>
    <trkpt lat="46.855335" lon="11.502377"><ele>975.75</ele></trkpt>
    <trkpt lat="46.855298" lon="11.502383"><ele>975.75</ele></trkpt>
    <trkpt lat="46.855233" lon="11.502461"><ele>975.5</ele></trkpt>
    <trkpt lat="46.85514" lon="11.502623"><ele>975.25</ele></trkpt>
    <trkpt lat="46.855006" lon="11.502908"><ele>975.25</ele></trkpt>
    <trkpt lat="46.854974" lon="11.502956"><ele>974.75</ele></trkpt>
    <trkpt lat="46.85495" lon="11.502971"><ele>974.25</ele></trkpt>
    <trkpt lat="46.854879" lon="11.502975"><ele>973.0</ele></trkpt>
    <trkpt lat="46.854789" lon="11.502932"><ele>972.25</ele></trkpt>
    <trkpt lat="46.854685" lon="11.502815"><ele>972.75</ele></trkpt>
    <trkpt lat="46.854485" lon="11.502488"><ele>968.75</ele></trkpt>
    <trkpt lat="46.854392" lon="11.502355"><ele>969.5</ele></trkpt>
    <trkpt lat="46.85435" lon="11.502306"><ele>969.25</ele></trkpt>
    <trkpt lat="46.854307" lon="11.502277"><ele>968.25</ele></trkpt>
    <trkpt lat="46.854215" lon="11.502241"><ele>965.5</ele></trkpt>
    <trkpt lat="46.854124" lon="11.502197"><ele>964.0</ele></trkpt>
    <trkpt lat="46.854077" lon="11.502183"><ele>964.0</ele></trkpt>
    <trkpt lat="46.854015" lon="11.50221"><ele>963.5</ele></trkpt>
    <trkpt lat="46.853914" lon="11.502317"><ele>963.25</ele></trkpt>
    <trkpt lat="46.853873" lon="11.502362"><ele>964.0</ele></trkpt>
    <trkpt lat="46.853855" lon="11.502394"><ele>964.5</ele></trkpt>
    <trkpt lat="46.853844" lon="11.502416"><ele>965.0</ele></trkpt>
    <trkpt lat="46.853824" lon="11.502492"><ele>966.25</ele></trkpt>
    <trkpt lat="46.853815" lon="11.502571"><ele>967.25</ele></trkpt>
    <trkpt lat="46.853816" lon="11.50265"><ele>968.0</ele></trkpt>
    <trkpt lat="46.853823" lon="11.502745"><ele>968.75</ele></trkpt>
    <trkpt lat="46.853844" lon="11.502847"><ele>969.25</ele></trkpt>
    <trkpt lat="46.853917" lon="11.503131"><ele>971.0</ele></trkpt>
    <trkpt lat="46.853916" lon="11.503195"><ele>971.75</ele></trkpt>
    <trkpt lat="46.853907" lon="11.503254"><ele>973.0</ele></trkpt>
    <trkpt lat="46.853885" lon="11.503303"><ele>974.5</ele></trkpt>
    <trkpt lat="46.853791" lon="11.503421"><ele>976.0</ele></trkpt>
    <trkpt lat="46.853605" lon="11.503615"><ele>977.0</ele></trkpt>
    <trkpt lat="46.85343" lon="11.503782"><ele>976.75</ele></trkpt>
    <trkpt lat="46.853226" lon="11.503889"><ele>975.75</ele></trkpt>
    <trkpt lat="46.853124" lon="11.503956"><ele>975.5</ele></trkpt>
    <trkpt lat="46.853043" lon="11.503989"><ele>975.25</ele></trkpt>
    <trkpt lat="46.852949" lon="11.50401"><ele>974.75</ele></trkpt>
    <trkpt lat="46.852905" lon="11.504012"><ele>974.75</ele></trkpt>
    <trkpt lat="46.852622" lon="11.504031"><ele>974.25</ele></trkpt>
    <trkpt lat="46.852493" lon="11.504074"><ele>974.0</ele></trkpt>
    <trkpt lat="46.85218" lon="11.504209"><ele>974.5</ele></trkpt>
    <trkpt lat="46.852056" lon="11.50428"><ele>973.25</ele></trkpt>
    <trkpt lat="46.851808" lon="11.504471"><ele>970.25</ele></trkpt>
    <trkpt lat="46.851597" lon="11.504518"><ele>969.25</ele></trkpt>
    <trkpt lat="46.851527" lon="11.504546"><ele>968.75</ele></trkpt>
    <trkpt lat="46.851415" lon="11.504622"><ele>967.75</ele></trkpt>
    <trkpt lat="46.851371" lon="11.504662"><ele>967.5</ele></trkpt>
    <trkpt lat="46.851259" lon="11.504887"><ele>966.5</ele></trkpt>
    <trkpt lat="46.851194" lon="11.504979"><ele>966.0</ele></trkpt>
    <trkpt lat="46.851165" lon="11.505007"><ele>965.75</ele></trkpt>
    <trkpt lat="46.851039" lon="11.505098"><ele>966.25</ele></trkpt>
    <trkpt lat="46.850988" lon="11.505185"><ele>966.0</ele></trkpt>
    <trkpt lat="46.850804" lon="11.505647"><ele>963.5</ele></trkpt>
    <trkpt lat="46.85036" lon="11.506594"><ele>956.0</ele></trkpt>
    <trkpt lat="46.850266" lon="11.50684"><ele>953.5</ele></trkpt>
    <trkpt lat="46.850218" lon="11.507057"><ele>952.25</ele></trkpt>
    <trkpt lat="46.850194" lon="11.507217"><ele>950.5</ele></trkpt>
    <trkpt lat="46.850183" lon="11.507663"><ele>947.25</ele></trkpt>
    <trkpt lat="46.850161" lon="11.507881"><ele>945.5</ele></trkpt>
    <trkpt lat="46.85012" lon="11.508099"><ele>944.0</ele></trkpt>
    <trkpt lat="46.850079" lon="11.508237"><ele>943.25</ele></trkpt>
    <trkpt lat="46.849825" lon="11.508778"><ele>939.5</ele></trkpt>
    <trkpt lat="46.849776" lon="11.508902"><ele>938.75</ele></trkpt>
    <trkpt lat="46.849737" lon="11.509024"><ele>938.25</ele></trkpt>
    <trkpt lat="46.849567" lon="11.509742"><ele>933.75</ele></trkpt>
    <trkpt lat="46.84953" lon="11.509988"><ele>932.0</ele></trkpt>
    <trkpt lat="46.849506" lon="11.510386"><ele>930.0</ele></trkpt>
    <trkpt lat="46.849468" lon="11.510651"><ele>928.25</ele></trkpt>
    <trkpt lat="46.849356" lon="11.511071"><ele>925.5</ele></trkpt>
    <trkpt lat="46.849302" lon="11.511227"><ele>924.75</ele></trkpt>
    <trkpt lat="46.849227" lon="11.51141"><ele>923.75</ele></trkpt>
    <trkpt lat="46.849219" lon="11.511461"><ele>923.5</ele></trkpt>
    <trkpt lat="46.849226" lon="11.511517"><ele>923.5</ele></trkpt>
    <trkpt lat="46.849294" lon="11.511699"><ele>922.75</ele></trkpt>
    <trkpt lat="46.849349" lon="11.511927"><ele>921.5</ele></trkpt>
    <trkpt lat="46.84937" lon="11.512161"><ele>919.5</ele></trkpt>
    <trkpt lat="46.849367" lon="11.512383"><ele>918.0</ele></trkpt>
    <trkpt lat="46.849375" lon="11.512632"><ele>916.5</ele></trkpt>
    <trkpt lat="46.849425" lon="11.512932"><ele>914.75</ele></trkpt>
    <trkpt lat="46.849452" lon="11.513195"><ele>913.25</ele></trkpt>
    <trkpt lat="46.849458" lon="11.513509"><ele>912.25</ele></trkpt>
    <trkpt lat="46.849467" lon="11.513639"><ele>911.5</ele></trkpt>
    <trkpt lat="46.849512" lon="11.513887"><ele>909.75</ele></trkpt>
    <trkpt lat="46.849521" lon="11.513965"><ele>909.25</ele></trkpt>
    <trkpt lat="46.849514" lon="11.514037"><ele>909.0</ele></trkpt>
    <trkpt lat="46.849487" lon="11.514127"><ele>908.75</ele></trkpt>
    <trkpt lat="46.849442" lon="11.514231"><ele>908.75</ele></trkpt>
    <trkpt lat="46.849375" lon="11.514306"><ele>907.75</ele></trkpt>
    <trkpt lat="46.848354" lon="11.514953"><ele>902.25</ele></trkpt>
    <trkpt lat="46.848219" lon="11.51505"><ele>902.0</ele></trkpt>
    <trkpt lat="46.84816" lon="11.515112"><ele>901.75</ele></trkpt>
    <trkpt lat="46.848127" lon="11.515161"><ele>901.75</ele></trkpt>
    <trkpt lat="46.848109" lon="11.515228"><ele>901.75</ele></trkpt>
    <trkpt lat="46.848013" lon="11.515265"><ele>900.75</ele></trkpt>
    <trkpt lat="46.847823" lon="11.515404"><ele>900.75</ele></trkpt>
    <trkpt lat="46.847576" lon="11.515626"><ele>899.75</ele></trkpt>
    <trkpt lat="46.847387" lon="11.515814"><ele>898.0</ele></trkpt>
    <trkpt lat="46.847217" lon="11.516011"><ele>896.25</ele></trkpt>
    <trkpt lat="46.847087" lon="11.51618"><ele>896.75</ele></trkpt>
    <trkpt lat="46.846826" lon="11.516564"><ele>897.0</ele></trkpt>
    <trkpt lat="46.8467" lon="11.516802"><ele>896.5</ele></trkpt>
    <trkpt lat="46.846425" lon="11.517386"><ele>898.75</ele></trkpt>
    <trkpt lat="46.846072" lon="11.518035"><ele>905.25</ele></trkpt>
    <trkpt lat="46.846003" lon="11.518198"><ele>906.25</ele></trkpt>
    <trkpt lat="46.845962" lon="11.518324"><ele>907.0</ele></trkpt>
    <trkpt lat="46.845946" lon="11.518426"><ele>905.75</ele></trkpt>
    <trkpt lat="46.845939" lon="11.518536"><ele>903.75</ele></trkpt>
    <trkpt lat="46.84593" lon="11.518676"><ele>903.25</ele></trkpt>
    <trkpt lat="46.845919" lon="11.518759"><ele>904.25</ele></trkpt>
    <trkpt lat="46.845817" lon="11.519237"><ele>904.5</ele></trkpt>
    <trkpt lat="46.845795" lon="11.5195"><ele>901.75</ele></trkpt>
    <trkpt lat="46.845768" lon="11.519679"><ele>899.75</ele></trkpt>
    <trkpt lat="46.845686" lon="11.520108"><ele>895.75</ele></trkpt>
    <trkpt lat="46.84563" lon="11.520318"><ele>894.25</ele></trkpt>
    <trkpt lat="46.845469" lon="11.520798"><ele>890.0</ele></trkpt>
    <trkpt lat="46.845394" lon="11.520992"><ele>888.5</ele></trkpt>
    <trkpt lat="46.845296" lon="11.521158"><ele>886.0</ele></trkpt>
    <trkpt lat="46.845104" lon="11.521396"><ele>883.0</ele></trkpt>
    <trkpt lat="46.844906" lon="11.521607"><ele>880.5</ele></trkpt>
    <trkpt lat="46.844515" lon="11.521947"><ele>878.5</ele></trkpt>
    <trkpt lat="46.844149" lon="11.522287"><ele>877.0</ele></trkpt>
    <trkpt lat="46.843344" lon="11.522965"><ele>875.0</ele></trkpt>
    <trkpt lat="46.843084" lon="11.523219"><ele>876.25</ele></trkpt>
    <trkpt lat="46.842727" lon="11.523511"><ele>876.0</ele></trkpt>
    <trkpt lat="46.842668" lon="11.523539"><ele>875.75</ele></trkpt>
    <trkpt lat="46.842584" lon="11.52356"><ele>875.0</ele></trkpt>
    <trkpt lat="46.842187" lon="11.523624"><ele>873.0</ele></trkpt>
    <trkpt lat="46.842134" lon="11.523651"><ele>873.25</ele></trkpt>
    <trkpt lat="46.842092" lon="11.523714"><ele>872.75</ele></trkpt>
    <trkpt lat="46.841996" lon="11.523718"><ele>873.0</ele></trkpt>
    <trkpt lat="46.841865" lon="11.523762"><ele>873.75</ele></trkpt>
    <trkpt lat="46.841727" lon="11.523824"><ele>873.75</ele></trkpt>
    <trkpt lat="46.841587" lon="11.523911"><ele>872.75</ele></trkpt>
    <trkpt lat="46.841423" lon="11.524064"><ele>872.5</ele></trkpt>
    <trkpt lat="46.84125" lon="11.524252"><ele>872.5</ele></trkpt>
    <trkpt lat="46.840993" lon="11.524573"><ele>872.25</ele></trkpt>
    <trkpt lat="46.840904" lon="11.524652"><ele>872.0</ele></trkpt>
    <trkpt lat="46.840784" lon="11.52473"><ele>870.75</ele></trkpt>
    <trkpt lat="46.840661" lon="11.524773"><ele>870.5</ele></trkpt>
    <trkpt lat="46.840531" lon="11.524842"><ele>870.5</ele></trkpt>
    <trkpt lat="46.840362" lon="11.524971"><ele>871.25</ele></trkpt>
    <trkpt lat="46.840068" lon="11.525219"><ele>872.5</ele></trkpt>
    <trkpt lat="46.839973" lon="11.525277"><ele>872.0</ele></trkpt>
    <trkpt lat="46.839894" lon="11.525307"><ele>871.5</ele></trkpt>
    <trkpt lat="46.839443" lon="11.525361"><ele>871.0</ele></trkpt>
    <trkpt lat="46.839283" lon="11.525435"><ele>870.25</ele></trkpt>
    <trkpt lat="46.83904" lon="11.525596"><ele>869.0</ele></trkpt>
    <trkpt lat="46.838809" lon="11.525815"><ele>869.0</ele></trkpt>
    <trkpt lat="46.838622" lon="11.525973"><ele>868.75</ele></trkpt>
    <trkpt lat="46.838453" lon="11.526095"><ele>867.75</ele></trkpt>
    <trkpt lat="46.838223" lon="11.52623"><ele>868.25</ele></trkpt>
    <trkpt lat="46.837518" lon="11.526622"><ele>867.0</ele></trkpt>
    <trkpt lat="46.837224" lon="11.526769"><ele>866.5</ele></trkpt>
    <trkpt lat="46.837094" lon="11.526846"><ele>867.25</ele></trkpt>
    <trkpt lat="46.836997" lon="11.526935"><ele>867.5</ele></trkpt>
    <trkpt lat="46.83694" lon="11.527032"><ele>867.5</ele></trkpt>
    <trkpt lat="46.836871" lon="11.527194"><ele>868.25</ele></trkpt>
    <trkpt lat="46.83679" lon="11.527471"><ele>868.25</ele></trkpt>
    <trkpt lat="46.836732" lon="11.527624"><ele>868.25</ele></trkpt>
    <trkpt lat="46.836671" lon="11.527761"><ele>868.0</ele></trkpt>
    <trkpt lat="46.836616" lon="11.527847"><ele>868.0</ele></trkpt>
    <trkpt lat="46.836551" lon="11.527921"><ele>868.0</ele></trkpt>
    <trkpt lat="46.83647" lon="11.527965"><ele>868.0</ele></trkpt>
    <trkpt lat="46.83638" lon="11.527969"><ele>868.0</ele></trkpt>
    <trkpt lat="46.836225" lon="11.527923"><ele>868.75</ele></trkpt>
    <trkpt lat="46.835671" lon="11.52789"><ele>867.0</ele></trkpt>
    <trkpt lat="46.835521" lon="11.527918"><ele>866.75</ele></trkpt>
    <trkpt lat="46.835391" lon="11.528018"><ele>866.5</ele></trkpt>
    <trkpt lat="46.835222" lon="11.528249"><ele>865.25</ele></trkpt>
    <trkpt lat="46.83509" lon="11.528484"><ele>865.75</ele></trkpt>
    <trkpt lat="46.834965" lon="11.528665"><ele>865.75</ele></trkpt>
    <trkpt lat="46.834859" lon="11.528767"><ele>865.75</ele></trkpt>
    <trkpt lat="46.834755" lon="11.528822"><ele>865.75</ele></trkpt>
    <trkpt lat="46.834665" lon="11.528832"><ele>866.0</ele></trkpt>
    <trkpt lat="46.834575" lon="11.528815"><ele>866.25</ele></trkpt>
    <trkpt lat="46.834423" lon="11.528751"><ele>867.25</ele></trkpt>
    <trkpt lat="46.834194" lon="11.528684"><ele>867.0</ele></trkpt>
    <trkpt lat="46.834093" lon="11.5287"><ele>870.0</ele></trkpt>
    <trkpt lat="46.834028" lon="11.528757"><ele>870.25</ele></trkpt>
    <trkpt lat="46.833825" lon="11.529068"><ele>864.5</ele></trkpt>
    <trkpt lat="46.833611" lon="11.529332"><ele>862.0</ele></trkpt>
    <trkpt lat="46.833517" lon="11.529489"><ele>860.75</ele></trkpt>
    <trkpt lat="46.833455" lon="11.529659"><ele>860.25</ele></trkpt>
    <trkpt lat="46.833413" lon="11.529739"><ele>860.0</ele></trkpt>
    <trkpt lat="46.833201" lon="11.529999"><ele>860.25</ele></trkpt>
    <trkpt lat="46.833149" lon="11.530047"><ele>860.5</ele></trkpt>
    <trkpt lat="46.833074" lon="11.530092"><ele>860.5</ele></trkpt>
    <trkpt lat="46.833019" lon="11.530145"><ele>861.0</ele></trkpt>
    <trkpt lat="46.832958" lon="11.530236"><ele>861.0</ele></trkpt>
    <trkpt lat="46.832898" lon="11.530371"><ele>860.75</ele></trkpt>
    <trkpt lat="46.83276" lon="11.530829"><ele>861.0</ele></trkpt>
    <trkpt lat="46.832705" lon="11.530949"><ele>860.75</ele></trkpt>
    <trkpt lat="46.832618" lon="11.53108"><ele>860.0</ele></trkpt>
    <trkpt lat="46.832527" lon="11.531183"><ele>859.5</ele></trkpt>
    <trkpt lat="46.832275" lon="11.531464"><ele>857.25</ele></trkpt>
    <trkpt lat="46.831987" lon="11.531802"><ele>856.75</ele></trkpt>
    <trkpt lat="46.831854" lon="11.531938"><ele>856.25</ele></trkpt>
    <trkpt lat="46.831699" lon="11.532058"><ele>856.0</ele></trkpt>
    <trkpt lat="46.83163" lon="11.532144"><ele>856.25</ele></trkpt>
    <trkpt lat="46.831384" lon="11.532496"><ele>854.0</ele></trkpt>
    <trkpt lat="46.831226" lon="11.532752"><ele>854.25</ele></trkpt>
    <trkpt lat="46.831054" lon="11.533051"><ele>854.0</ele></trkpt>
    <trkpt lat="46.830958" lon="11.533192"><ele>854.0</ele></trkpt>
    <trkpt lat="46.830679" lon="11.533491"><ele>854.5</ele></trkpt>
    <trkpt lat="46.830542" lon="11.533611"><ele>854.0</ele></trkpt>
    <trkpt lat="46.830292" lon="11.533768"><ele>854.0</ele></trkpt>
    <trkpt lat="46.829785" lon="11.534049"><ele>856.75</ele></trkpt>
    <trkpt lat="46.829519" lon="11.534179"><ele>858.0</ele></trkpt>
    <trkpt lat="46.829346" lon="11.534274"><ele>861.0</ele></trkpt>
    <trkpt lat="46.828745" lon="11.534618"><ele>863.5</ele></trkpt>
    <trkpt lat="46.828567" lon="11.534705"><ele>862.75</ele></trkpt>
    <trkpt lat="46.828413" lon="11.534761"><ele>863.25</ele></trkpt>
    <trkpt lat="46.82825" lon="11.534802"><ele>860.75</ele></trkpt>
    <trkpt lat="46.828116" lon="11.534825"><ele>857.0</ele></trkpt>
    <trkpt lat="46.827846" lon="11.534933"><ele>852.75</ele></trkpt>
    <trkpt lat="46.827514" lon="11.534983"><ele>854.75</ele></trkpt>
    <trkpt lat="46.827157" lon="11.534977"><ele>856.75</ele></trkpt>
    <trkpt lat="46.82685" lon="11.535053"><ele>857.5</ele></trkpt>
    <trkpt lat="46.826619" lon="11.535088"><ele>857.25</ele></trkpt>
    <trkpt lat="46.826029" lon="11.535078"><ele>862.5</ele></trkpt>
    <trkpt lat="46.825958" lon="11.535074"><ele>862.75</ele></trkpt>
    <trkpt lat="46.825919" lon="11.535052"><ele>863.0</ele></trkpt>
    <trkpt lat="46.825891" lon="11.534991"><ele>864.25</ele></trkpt>
    <trkpt lat="46.825835" lon="11.534739"><ele>865.75</ele></trkpt>
    <trkpt lat="46.825801" lon="11.534691"><ele>866.0</ele></trkpt>
    <trkpt lat="46.82575" lon="11.534688"><ele>865.75</ele></trkpt>
    <trkpt lat="46.825448" lon="11.534857"><ele>860.5</ele></trkpt>
    <trkpt lat="46.82524" lon="11.534928"><ele>857.75</ele></trkpt>
    <trkpt lat="46.825077" lon="11.534994"><ele>855.5</ele></trkpt>
    <trkpt lat="46.8248" lon="11.535021"><ele>852.5</ele></trkpt>
    <trkpt lat="46.824255" lon="11.535102"><ele>849.5</ele></trkpt>
    <trkpt lat="46.823838" lon="11.53505"><ele>848.0</ele></trkpt>
    <trkpt lat="46.823605" lon="11.535068"><ele>846.75</ele></trkpt>
    <trkpt lat="46.823321" lon="11.535127"><ele>847.0</ele></trkpt>
    <trkpt lat="46.822745" lon="11.535035"><ele>844.75</ele></trkpt>
    <trkpt lat="46.822029" lon="11.5351"><ele>843.0</ele></trkpt>
    <trkpt lat="46.820796" lon="11.535009"><ele>844.0</ele></trkpt>
    <trkpt lat="46.820511" lon="11.534921"><ele>845.75</ele></trkpt>
    <trkpt lat="46.820246" lon="11.534824"><ele>847.75</ele></trkpt>
    <trkpt lat="46.820133" lon="11.534833"><ele>848.5</ele></trkpt>
    <trkpt lat="46.820075" lon="11.53489"><ele>848.75</ele></trkpt>
    <trkpt lat="46.820045" lon="11.534933"><ele>848.75</ele></trkpt>
    <trkpt lat="46.819977" lon="11.535084"><ele>848.75</ele></trkpt>
    <trkpt lat="46.81979" lon="11.535337"><ele>849.25</ele></trkpt>
    <trkpt lat="46.819719" lon="11.535401"><ele>849.5</ele></trkpt>
    <trkpt lat="46.819292" lon="11.535481"><ele>849.25</ele></trkpt>
    <trkpt lat="46.81917" lon="11.535588"><ele>848.75</ele></trkpt>
    <trkpt lat="46.819039" lon="11.535787"><ele>847.75</ele></trkpt>
    <trkpt lat="46.818778" lon="11.536231"><ele>844.75</ele></trkpt>
    <trkpt lat="46.818702" lon="11.536322"><ele>844.25</ele></trkpt>
    <trkpt lat="46.818633" lon="11.536367"><ele>844.0</ele></trkpt>
    <trkpt lat="46.818321" lon="11.536526"><ele>842.75</ele></trkpt>
    <trkpt lat="46.818272" lon="11.536478"><ele>843.0</ele></trkpt>
    <trkpt lat="46.818176" lon="11.536505"><ele>842.5</ele></trkpt>
    <trkpt lat="46.818028" lon="11.536591"><ele>841.25</ele></trkpt>
    <trkpt lat="46.817923" lon="11.536696"><ele>841.25</ele></trkpt>
    <trkpt lat="46.817883" lon="11.536762"><ele>841.75</ele></trkpt>
    <trkpt lat="46.817819" lon="11.536912"><ele>842.0</ele></trkpt>
    <trkpt lat="46.817769" lon="11.536978"><ele>842.0</ele></trkpt>
    <trkpt lat="46.817723" lon="11.537022"><ele>842.25</ele></trkpt>
    <trkpt lat="46.817634" lon="11.537054"><ele>842.5</ele></trkpt>
    <trkpt lat="46.8175" lon="11.53709"><ele>842.25</ele></trkpt>
    <trkpt lat="46.817455" lon="11.537112"><ele>842.5</ele></trkpt>
    <trkpt lat="46.817412" lon="11.53716"><ele>842.75</ele></trkpt>
    <trkpt lat="46.817328" lon="11.537305"><ele>843.25</ele></trkpt>
    <trkpt lat="46.817283" lon="11.537355"><ele>843.5</ele></trkpt>
    <trkpt lat="46.817153" lon="11.53745"><ele>844.25</ele></trkpt>
    <trkpt lat="46.816942" lon="11.537568"><ele>845.25</ele></trkpt>
    <trkpt lat="46.816778" lon="11.537619"><ele>846.75</ele></trkpt>
    <trkpt lat="46.816523" lon="11.537771"><ele>847.0</ele></trkpt>
    <trkpt lat="46.81625" lon="11.537959"><ele>845.0</ele></trkpt>
    <trkpt lat="46.816064" lon="11.538064"><ele>844.0</ele></trkpt>
    <trkpt lat="46.81578" lon="11.538136"><ele>843.75</ele></trkpt>
    <trkpt lat="46.815477" lon="11.538193"><ele>843.5</ele></trkpt>
    <trkpt lat="46.815121" lon="11.538335"><ele>845.5</ele></trkpt>
    <trkpt lat="46.815016" lon="11.538399"><ele>846.75</ele></trkpt>
    <trkpt lat="46.814935" lon="11.538461"><ele>847.75</ele></trkpt>
    <trkpt lat="46.814851" lon="11.538536"><ele>848.75</ele></trkpt>
    <trkpt lat="46.814583" lon="11.538855"><ele>847.75</ele></trkpt>
    <trkpt lat="46.814434" lon="11.539067"><ele>845.5</ele></trkpt>
    <trkpt lat="46.814364" lon="11.539182"><ele>844.0</ele></trkpt>
    <trkpt lat="46.81403" lon="11.539861"><ele>839.25</ele></trkpt>
    <trkpt lat="46.813917" lon="11.540022"><ele>838.75</ele></trkpt>
    <trkpt lat="46.813768" lon="11.540183"><ele>838.5</ele></trkpt>
    <trkpt lat="46.813485" lon="11.540448"><ele>837.25</ele></trkpt>
    <trkpt lat="46.813237" lon="11.54084"><ele>838.25</ele></trkpt>
    <trkpt lat="46.813129" lon="11.541019"><ele>838.0</ele></trkpt>
    <trkpt lat="46.813069" lon="11.541202"><ele>836.0</ele></trkpt>
    <trkpt lat="46.812986" lon="11.541422"><ele>837.0</ele></trkpt>
    <trkpt lat="46.812955" lon="11.541674"><ele>835.5</ele></trkpt>
    <trkpt lat="46.81296" lon="11.541964"><ele>835.25</ele></trkpt>
    <trkpt lat="46.81305" lon="11.542224"><ele>835.0</ele></trkpt>
    <trkpt lat="46.813151" lon="11.542546"><ele>834.5</ele></trkpt>
    <trkpt lat="46.813423" lon="11.543323"><ele>832.75</ele></trkpt>
    <trkpt lat="46.813465" lon="11.54349"><ele>833.75</ele></trkpt>
    <trkpt lat="46.813474" lon="11.543659"><ele>834.5</ele></trkpt>
    <trkpt lat="46.813555" lon="11.544041"><ele>837.25</ele></trkpt>
    <trkpt lat="46.813664" lon="11.544789"><ele>838.75</ele></trkpt>
    <trkpt lat="46.813692" lon="11.544937"><ele>837.75</ele></trkpt>
    <trkpt lat="46.813785" lon="11.545451"><ele>836.75</ele></trkpt>
    <trkpt lat="46.813788" lon="11.545954"><ele>836.0</ele></trkpt>
    <trkpt lat="46.813721" lon="11.546475"><ele>837.25</ele></trkpt>
    <trkpt lat="46.813662" lon="11.546761"><ele>836.75</ele></trkpt>
    <trkpt lat="46.813566" lon="11.547154"><ele>836.5</ele></trkpt>
    <trkpt lat="46.813493" lon="11.547386"><ele>835.5</ele></trkpt>
    <trkpt lat="46.813266" lon="11.547939"><ele>835.25</ele></trkpt>
    <trkpt lat="46.812275" lon="11.549978"><ele>830.25</ele></trkpt>
    <trkpt lat="46.81214" lon="11.550498"><ele>831.0</ele></trkpt>
    <trkpt lat="46.81208" lon="11.550952"><ele>831.25</ele></trkpt>
    <trkpt lat="46.812047" lon="11.551584"><ele>833.25</ele></trkpt>
    <trkpt lat="46.812022" lon="11.553023"><ele>827.25</ele></trkpt>
    <trkpt lat="46.811958" lon="11.555973"><ele>817.75</ele></trkpt>
    <trkpt lat="46.811914" lon="11.55618"><ele>818.25</ele></trkpt>
    <trkpt lat="46.811877" lon="11.556282"><ele>819.0</ele></trkpt>
    <trkpt lat="46.811853" lon="11.556347"><ele>819.5</ele></trkpt>
    <trkpt lat="46.811658" lon="11.55689"><ele>820.75</ele></trkpt>
    <trkpt lat="46.81165" lon="11.557024"><ele>821.0</ele></trkpt>
    <trkpt lat="46.811651" lon="11.557155"><ele>821.0</ele></trkpt>
    <trkpt lat="46.811661" lon="11.557613"><ele>818.0</ele></trkpt>
    <trkpt lat="46.811646" lon="11.557701"><ele>817.75</ele></trkpt>
    <trkpt lat="46.811558" lon="11.5579"><ele>817.0</ele></trkpt>
    <trkpt lat="46.811308" lon="11.558428"><ele>815.0</ele></trkpt>
    <trkpt lat="46.811186" lon="11.558644"><ele>815.0</ele></trkpt>
    <trkpt lat="46.811066" lon="11.55883"><ele>815.5</ele></trkpt>
    <trkpt lat="46.81007" lon="11.560249"><ele>818.5</ele></trkpt>
    <trkpt lat="46.809802" lon="11.560795"><ele>822.75</ele></trkpt>
    <trkpt lat="46.809657" lon="11.561112"><ele>820.5</ele></trkpt>
    <trkpt lat="46.80925" lon="11.562064"><ele>817.25</ele></trkpt>
    <trkpt lat="46.808968" lon="11.562536"><ele>817.25</ele></trkpt>
    <trkpt lat="46.808912" lon="11.562651"><ele>817.25</ele></trkpt>
    <trkpt lat="46.808878" lon="11.562859"><ele>817.5</ele></trkpt>
    <trkpt lat="46.808874" lon="11.563017"><ele>818.0</ele></trkpt>
    <trkpt lat="46.808808" lon="11.563264"><ele>819.75</ele></trkpt>
    <trkpt lat="46.808421" lon="11.564254"><ele>813.5</ele></trkpt>
    <trkpt lat="46.80841" lon="11.56439"><ele>812.25</ele></trkpt>
    <trkpt lat="46.808398" lon="11.56455"><ele>811.0</ele></trkpt>
    <trkpt lat="46.808377" lon="11.564639"><ele>810.25</ele></trkpt>
    <trkpt lat="46.808183" lon="11.565311"><ele>808.0</ele></trkpt>
    <trkpt lat="46.807761" lon="11.566686"><ele>807.75</ele></trkpt>
    <trkpt lat="46.807599" lon="11.56712"><ele>806.75</ele></trkpt>
    <trkpt lat="46.807498" lon="11.567357"><ele>806.25</ele></trkpt>
    <trkpt lat="46.807456" lon="11.567441"><ele>806.5</ele></trkpt>
    <trkpt lat="46.807381" lon="11.567533"><ele>806.5</ele></trkpt>
    <trkpt lat="46.807282" lon="11.567723"><ele>806.0</ele></trkpt>
    <trkpt lat="46.807217" lon="11.567918"><ele>805.75</ele></trkpt>
    <trkpt lat="46.80703" lon="11.568853"><ele>806.0</ele></trkpt>
    <trkpt lat="46.806974" lon="11.569033"><ele>805.5</ele></trkpt>
    <trkpt lat="46.80693" lon="11.569239"><ele>805.25</ele></trkpt>
    <trkpt lat="46.806903" lon="11.569406"><ele>806.0</ele></trkpt>
    <trkpt lat="46.806902" lon="11.569554"><ele>806.75</ele></trkpt>
    <trkpt lat="46.806868" lon="11.569757"><ele>807.5</ele></trkpt>
    <trkpt lat="46.806746" lon="11.570171"><ele>807.75</ele></trkpt>
    <trkpt lat="46.806586" lon="11.57065"><ele>807.75</ele></trkpt>
    <trkpt lat="46.806419" lon="11.571222"><ele>807.75</ele></trkpt>
    <trkpt lat="46.806248" lon="11.571733"><ele>806.25</ele></trkpt>
    <trkpt lat="46.806159" lon="11.571974"><ele>805.75</ele></trkpt>
    <trkpt lat="46.80611" lon="11.572048"><ele>805.5</ele></trkpt>
    <trkpt lat="46.806045" lon="11.572088"><ele>806.0</ele></trkpt>
    <trkpt lat="46.805986" lon="11.572189"><ele>806.0</ele></trkpt>
    <trkpt lat="46.805975" lon="11.572325"><ele>805.25</ele></trkpt>
    <trkpt lat="46.805927" lon="11.572602"><ele>804.0</ele></trkpt>
    <trkpt lat="46.806068" lon="11.572683"><ele>804.5</ele></trkpt>
    <trkpt lat="46.806408" lon="11.572932"><ele>804.0</ele></trkpt>
    <trkpt lat="46.806524" lon="11.573007"><ele>801.75</ele></trkpt>
    <trkpt lat="46.806623" lon="11.573132"><ele>800.25</ele></trkpt>
    <trkpt lat="46.806961" lon="11.573634"><ele>798.75</ele></trkpt>
    <trkpt lat="46.807058" lon="11.573775"><ele>798.75</ele></trkpt>
    <trkpt lat="46.807086" lon="11.573834"><ele>798.5</ele></trkpt>
    <trkpt lat="46.807458" lon="11.574168"><ele>797.0</ele></trkpt>
    <trkpt lat="46.807681" lon="11.574362"><ele>798.25</ele></trkpt>
    <trkpt lat="46.807713" lon="11.574391"><ele>798.75</ele></trkpt>
    <trkpt lat="46.807932" lon="11.574574"><ele>801.5</ele></trkpt>
    <trkpt lat="46.807948" lon="11.574999"><ele>802.0</ele></trkpt>
    <trkpt lat="46.807912" lon="11.575204"><ele>803.0</ele></trkpt>
    <trkpt lat="46.80781" lon="11.575614"><ele>803.0</ele></trkpt>
    <trkpt lat="46.807362" lon="11.577201"><ele>801.75</ele></trkpt>
    <trkpt lat="46.80696" lon="11.578411"><ele>800.25</ele></trkpt>
    <trkpt lat="46.806801" lon="11.578871"><ele>797.75</ele></trkpt>
    <trkpt lat="46.806602" lon="11.579507"><ele>797.25</ele></trkpt>
    <trkpt lat="46.806295" lon="11.580464"><ele>797.75</ele></trkpt>
    <trkpt lat="46.806214" lon="11.580848"><ele>797.75</ele></trkpt>
    <trkpt lat="46.806034" lon="11.581846"><ele>797.0</ele></trkpt>
    <trkpt lat="46.805872" lon="11.582661"><ele>798.25</ele></trkpt>
    <trkpt lat="46.805691" lon="11.583525"><ele>797.25</ele></trkpt>
    <trkpt lat="46.805539" lon="11.583993"><ele>796.0</ele></trkpt>
    <trkpt lat="46.805402" lon="11.584297"><ele>796.0</ele></trkpt>
    <trkpt lat="46.805335" lon="11.584418"><ele>796.5</ele></trkpt>
    <trkpt lat="46.805314" lon="11.58447"><ele>796.5</ele></trkpt>
    <trkpt lat="46.805206" lon="11.584631"><ele>795.5</ele></trkpt>
    <trkpt lat="46.80404" lon="11.586023"><ele>793.5</ele></trkpt>
    <trkpt lat="46.803874" lon="11.586273"><ele>794.75</ele></trkpt>
    <trkpt lat="46.803759" lon="11.586468"><ele>795.25</ele></trkpt>
    <trkpt lat="46.80362" lon="11.586763"><ele>795.75</ele></trkpt>
    <trkpt lat="46.803517" lon="11.587049"><ele>794.5</ele></trkpt>
    <trkpt lat="46.803435" lon="11.587374"><ele>794.75</ele></trkpt>
    <trkpt lat="46.803376" lon="11.587706"><ele>797.25</ele></trkpt>
    <trkpt lat="46.803269" lon="11.588626"><ele>793.25</ele></trkpt>
    <trkpt lat="46.803181" lon="11.58917"><ele>791.75</ele></trkpt>
    <trkpt lat="46.803085" lon="11.589538"><ele>788.75</ele></trkpt>
    <trkpt lat="46.801738" lon="11.593492"><ele>777.0</ele></trkpt>
    <trkpt lat="46.801482" lon="11.594072"><ele>775.25</ele></trkpt>
    <trkpt lat="46.80119" lon="11.594648"><ele>774.5</ele></trkpt>
    <trkpt lat="46.801088" lon="11.594745"><ele>773.75</ele></trkpt>
    <trkpt lat="46.801026" lon="11.594857"><ele>773.5</ele></trkpt>
    <trkpt lat="46.800975" lon="11.594957"><ele>773.5</ele></trkpt>
    <trkpt lat="46.80096" lon="11.595032"><ele>774.0</ele></trkpt>
    <trkpt lat="46.800934" lon="11.595093"><ele>774.0</ele></trkpt>
    <trkpt lat="46.800566" lon="11.59563"><ele>770.5</ele></trkpt>
    <trkpt lat="46.800036" lon="11.596315"><ele>772.0</ele></trkpt>
    <trkpt lat="46.799871" lon="11.596481"><ele>771.25</ele></trkpt>
    <trkpt lat="46.799539" lon="11.596783"><ele>770.0</ele></trkpt>
    <trkpt lat="46.799096" lon="11.597167"><ele>768.75</ele></trkpt>
    <trkpt lat="46.798851" lon="11.597393"><ele>768.5</ele></trkpt>
    <trkpt lat="46.798629" lon="11.597687"><ele>768.0</ele></trkpt>
    <trkpt lat="46.798484" lon="11.597964"><ele>767.5</ele></trkpt>
    <trkpt lat="46.798416" lon="11.598107"><ele>767.5</ele></trkpt>
    <trkpt lat="46.798332" lon="11.598248"><ele>766.25</ele></trkpt>
    <trkpt lat="46.798322" lon="11.598279"><ele>765.75</ele></trkpt>
    <trkpt lat="46.798291" lon="11.598387"><ele>765.25</ele></trkpt>
    <trkpt lat="46.798282" lon="11.598426"><ele>765.5</ele></trkpt>
    <trkpt lat="46.798261" lon="11.598614"><ele>766.25</ele></trkpt>
    <trkpt lat="46.798181" lon="11.598983"><ele>766.5</ele></trkpt>
    <trkpt lat="46.79813" lon="11.599388"><ele>765.5</ele></trkpt>
    <trkpt lat="46.798105" lon="11.599529"><ele>764.75</ele></trkpt>
    <trkpt lat="46.798111" lon="11.599562"><ele>765.0</ele></trkpt>
    <trkpt lat="46.798144" lon="11.599612"><ele>766.75</ele></trkpt>
    <trkpt lat="46.79808" lon="11.599901"><ele>764.0</ele></trkpt>
    <trkpt lat="46.798005" lon="11.600162"><ele>762.5</ele></trkpt>
    <trkpt lat="46.79786" lon="11.600576"><ele>761.75</ele></trkpt>
    <trkpt lat="46.797836" lon="11.600643"><ele>761.75</ele></trkpt>
    <trkpt lat="46.79777" lon="11.600794"><ele>761.5</ele></trkpt>
    <trkpt lat="46.79753" lon="11.601276"><ele>759.0</ele></trkpt>
    <trkpt lat="46.797423" lon="11.601511"><ele>758.0</ele></trkpt>
    <trkpt lat="46.797385" lon="11.601609"><ele>757.75</ele></trkpt>
    <trkpt lat="46.797264" lon="11.601956"><ele>757.75</ele></trkpt>
    <trkpt lat="46.797137" lon="11.602466"><ele>757.0</ele></trkpt>
    <trkpt lat="46.796985" lon="11.603083"><ele>756.0</ele></trkpt>
    <trkpt lat="46.796853" lon="11.603711"><ele>756.0</ele></trkpt>
    <trkpt lat="46.796721" lon="11.604298"><ele>756.5</ele></trkpt>
    <trkpt lat="46.796663" lon="11.604273"><ele>756.25</ele></trkpt>
    <trkpt lat="46.796578" lon="11.604554"><ele>756.0</ele></trkpt>
    <trkpt lat="46.796484" lon="11.604807"><ele>755.5</ele></trkpt>
    <trkpt lat="46.796411" lon="11.604957"><ele>755.75</ele></trkpt>
    <trkpt lat="46.796301" lon="11.605149"><ele>755.5</ele></trkpt>
    <trkpt lat="46.796161" lon="11.605335"><ele>755.0</ele></trkpt>
    <trkpt lat="46.796016" lon="11.605499"><ele>755.75</ele></trkpt>
    <trkpt lat="46.795782" lon="11.605685"><ele>756.25</ele></trkpt>
    <trkpt lat="46.794785" lon="11.606403"><ele>756.5</ele></trkpt>
    <trkpt lat="46.794718" lon="11.60645"><ele>756.5</ele></trkpt>
    <trkpt lat="46.794352" lon="11.606729"><ele>756.0</ele></trkpt>
    <trkpt lat="46.794157" lon="11.606868"><ele>754.5</ele></trkpt>
    <trkpt lat="46.793849" lon="11.607116"><ele>752.75</ele></trkpt>
    <trkpt lat="46.793619" lon="11.607327"><ele>753.0</ele></trkpt>
    <trkpt lat="46.793474" lon="11.607499"><ele>752.0</ele></trkpt>
    <trkpt lat="46.793292" lon="11.607789"><ele>751.5</ele></trkpt>
    <trkpt lat="46.793253" lon="11.607774"><ele>751.0</ele></trkpt>
    <trkpt lat="46.793109" lon="11.6076"><ele>747.25</ele></trkpt>
    <trkpt lat="46.792274" lon="11.608451"><ele>744.75</ele></trkpt>
    <trkpt lat="46.791964" lon="11.608994"><ele>743.75</ele></trkpt>
    <trkpt lat="46.791695" lon="11.609576"><ele>743.0</ele></trkpt>
    <trkpt lat="46.791664" lon="11.609604"><ele>743.0</ele></trkpt>
    <trkpt lat="46.791623" lon="11.609598"><ele>742.75</ele></trkpt>
    <trkpt lat="46.791383" lon="11.609373"><ele>742.5</ele></trkpt>
    <trkpt lat="46.791143" lon="11.609159"><ele>746.5</ele></trkpt>
    <trkpt lat="46.790225" lon="11.609703"><ele>747.0</ele></trkpt>
    <trkpt lat="46.789982" lon="11.609884"><ele>746.25</ele></trkpt>
    <trkpt lat="46.789442" lon="11.610228"><ele>747.0</ele></trkpt>
    <trkpt lat="46.789345" lon="11.610389"><ele>745.75</ele></trkpt>
    <trkpt lat="46.789328" lon="11.6104"><ele>745.75</ele></trkpt>
    <trkpt lat="46.789078" lon="11.610536"><ele>747.0</ele></trkpt>
    <trkpt lat="46.789006" lon="11.610571"><ele>746.75</ele></trkpt>
    <trkpt lat="46.788991" lon="11.610551"><ele>747.0</ele></trkpt>
    <trkpt lat="46.788956" lon="11.610538"><ele>747.0</ele></trkpt>
    <trkpt lat="46.788937" lon="11.610545"><ele>747.0</ele></trkpt>
    <trkpt lat="46.788911" lon="11.610578"><ele>746.75</ele></trkpt>
    <trkpt lat="46.78888" lon="11.610565"><ele>747.0</ele></trkpt>
    <trkpt lat="46.788844" lon="11.610572"><ele>747.0</ele></trkpt>
    <trkpt lat="46.788815" lon="11.610591"><ele>747.0</ele></trkpt>
    <trkpt lat="46.788558" lon="11.610746"><ele>747.25</ele></trkpt>
    <trkpt lat="46.788443" lon="11.610924"><ele>747.25</ele></trkpt>
    <trkpt lat="46.787633" lon="11.61141"><ele>746.75</ele></trkpt>
    <trkpt lat="46.787521" lon="11.611499"><ele>746.5</ele></trkpt>
    <trkpt lat="46.787323" lon="11.611628"><ele>746.5</ele></trkpt>
    <trkpt lat="46.786349" lon="11.612103"><ele>744.25</ele></trkpt>
    <trkpt lat="46.786318" lon="11.612128"><ele>744.25</ele></trkpt>
    <trkpt lat="46.78629" lon="11.612172"><ele>744.0</ele></trkpt>
    <trkpt lat="46.786259" lon="11.612199"><ele>744.0</ele></trkpt>
    <trkpt lat="46.786091" lon="11.612307"><ele>744.5</ele></trkpt>
    <trkpt lat="46.785901" lon="11.612415"><ele>742.75</ele></trkpt>
    <trkpt lat="46.785864" lon="11.612435"><ele>742.25</ele></trkpt>
    <trkpt lat="46.785342" lon="11.612808"><ele>738.25</ele></trkpt>
    <trkpt lat="46.784995" lon="11.613095"><ele>735.5</ele></trkpt>
    <trkpt lat="46.784433" lon="11.613678"><ele>733.25</ele></trkpt>
    <trkpt lat="46.784419" lon="11.613725"><ele>733.0</ele></trkpt>
    <trkpt lat="46.784433" lon="11.613779"><ele>731.75</ele></trkpt>
    <trkpt lat="46.784538" lon="11.614038"><ele>729.0</ele></trkpt>
    <trkpt lat="46.784523" lon="11.614076"><ele>728.75</ele></trkpt>
    <trkpt lat="46.784397" lon="11.61424"><ele>728.0</ele></trkpt>
    <trkpt lat="46.784256" lon="11.61443"><ele>728.0</ele></trkpt>
    <trkpt lat="46.784235" lon="11.61451"><ele>727.5</ele></trkpt>
    <trkpt lat="46.784217" lon="11.614581"><ele>727.25</ele></trkpt>
    <trkpt lat="46.783592" lon="11.615397"><ele>725.75</ele></trkpt>
    <trkpt lat="46.782881" lon="11.616288"><ele>729.0</ele></trkpt>
    <trkpt lat="46.782806" lon="11.616387"><ele>727.75</ele></trkpt>
    <trkpt lat="46.782665" lon="11.616571"><ele>730.25</ele></trkpt>
    <trkpt lat="46.782373" lon="11.617034"><ele>730.25</ele></trkpt>
    <trkpt lat="46.782155" lon="11.617486"><ele>729.25</ele></trkpt>
    <trkpt lat="46.781999" lon="11.617901"><ele>733.0</ele></trkpt>
    <trkpt lat="46.781841" lon="11.61827"><ele>731.5</ele></trkpt>
    <trkpt lat="46.781526" lon="11.61876"><ele>733.5</ele></trkpt>
    <trkpt lat="46.781129" lon="11.619456"><ele>734.75</ele></trkpt>
    <trkpt lat="46.781086" lon="11.619654"><ele>729.5</ele></trkpt>
    <trkpt lat="46.781022" lon="11.619778"><ele>729.75</ele></trkpt>
    <trkpt lat="46.781007" lon="11.619809"><ele>730.0</ele></trkpt>
    <trkpt lat="46.780177" lon="11.621165"><ele>731.5</ele></trkpt>
    <trkpt lat="46.779718" lon="11.62164"><ele>741.25</ele></trkpt>
    <trkpt lat="46.778706" lon="11.62326"><ele>737.5</ele></trkpt>
    <trkpt lat="46.778525" lon="11.623533"><ele>736.0</ele></trkpt>
    <trkpt lat="46.778243" lon="11.62409"><ele>737.25</ele></trkpt>
    <trkpt lat="46.778173" lon="11.624154"><ele>738.75</ele></trkpt>
    <trkpt lat="46.778146" lon="11.624273"><ele>738.75</ele></trkpt>
    <trkpt lat="46.778105" lon="11.625111"><ele>736.5</ele></trkpt>
    <trkpt lat="46.778115" lon="11.62517"><ele>735.5</ele></trkpt>
    <trkpt lat="46.778085" lon="11.625414"><ele>735.5</ele></trkpt>
    <trkpt lat="46.778087" lon="11.625538"><ele>734.5</ele></trkpt>
    <trkpt lat="46.777997" lon="11.625971"><ele>737.75</ele></trkpt>
    <trkpt lat="46.777904" lon="11.626279"><ele>738.75</ele></trkpt>
    <trkpt lat="46.777841" lon="11.626437"><ele>739.0</ele></trkpt>
    <trkpt lat="46.777764" lon="11.626563"><ele>739.25</ele></trkpt>
    <trkpt lat="46.777684" lon="11.626664"><ele>739.75</ele></trkpt>
    <trkpt lat="46.777222" lon="11.627213"><ele>740.25</ele></trkpt>
    <trkpt lat="46.776772" lon="11.627699"><ele>739.75</ele></trkpt>
    <trkpt lat="46.776825" lon="11.627793"><ele>737.75</ele></trkpt>
    <trkpt lat="46.776381" lon="11.628329"><ele>736.0</ele></trkpt>
    <trkpt lat="46.776413" lon="11.628385"><ele>735.5</ele></trkpt>
    <trkpt lat="46.776448" lon="11.628524"><ele>735.25</ele></trkpt>
    <trkpt lat="46.77646" lon="11.62872"><ele>735.0</ele></trkpt>
    <trkpt lat="46.77645" lon="11.628924"><ele>734.75</ele></trkpt>
    <trkpt lat="46.776437" lon="11.629382"><ele>731.5</ele></trkpt>
    <trkpt lat="46.77644" lon="11.63043"><ele>726.5</ele></trkpt>
    <trkpt lat="46.776443" lon="11.631518"><ele>723.25</ele></trkpt>
    <trkpt lat="46.77645" lon="11.631647"><ele>723.0</ele></trkpt>
    <trkpt lat="46.776463" lon="11.631734"><ele>722.75</ele></trkpt>
    <trkpt lat="46.77648" lon="11.631793"><ele>722.25</ele></trkpt>
    <trkpt lat="46.776511" lon="11.631856"><ele>721.5</ele></trkpt>
    <trkpt lat="46.776609" lon="11.631993"><ele>719.75</ele></trkpt>
    <trkpt lat="46.776724" lon="11.63211"><ele>720.25</ele></trkpt>
    <trkpt lat="46.776842" lon="11.632206"><ele>719.5</ele></trkpt>
    <trkpt lat="46.776978" lon="11.632292"><ele>717.75</ele></trkpt>
    <trkpt lat="46.777052" lon="11.632325"><ele>717.0</ele></trkpt>
    <trkpt lat="46.777248" lon="11.632363"><ele>716.0</ele></trkpt>
    <trkpt lat="46.777314" lon="11.632389"><ele>715.75</ele></trkpt>
    <trkpt lat="46.777352" lon="11.632414"><ele>714.75</ele></trkpt>
    <trkpt lat="46.77738" lon="11.632453"><ele>712.75</ele></trkpt>
    <trkpt lat="46.7774" lon="11.632503"><ele>710.0</ele></trkpt>
    <trkpt lat="46.777539" lon="11.633036"><ele>712.75</ele></trkpt>
    <trkpt lat="46.777553" lon="11.633108"><ele>715.75</ele></trkpt>
    <trkpt lat="46.77756" lon="11.63319"><ele>717.25</ele></trkpt>
    <trkpt lat="46.777552" lon="11.633284"><ele>719.0</ele></trkpt>
    <trkpt lat="46.777529" lon="11.633392"><ele>720.25</ele></trkpt>
    <trkpt lat="46.777485" lon="11.633531"><ele>720.75</ele></trkpt>
    <trkpt lat="46.777406" lon="11.633695"><ele>722.25</ele></trkpt>
    <trkpt lat="46.77735" lon="11.633806"><ele>723.25</ele></trkpt>
    <trkpt lat="46.777291" lon="11.633956"><ele>724.0</ele></trkpt>
    <trkpt lat="46.777225" lon="11.634186"><ele>724.25</ele></trkpt>
    <trkpt lat="46.777134" lon="11.634602"><ele>727.75</ele></trkpt>
    <trkpt lat="46.77711" lon="11.634761"><ele>728.25</ele></trkpt>
    <trkpt lat="46.7771" lon="11.634848"><ele>728.5</ele></trkpt>
    <trkpt lat="46.777085" lon="11.635099"><ele>728.75</ele></trkpt>
    <trkpt lat="46.77709" lon="11.635219"><ele>728.5</ele></trkpt>
    <trkpt lat="46.777093" lon="11.635308"><ele>728.25</ele></trkpt>
    <trkpt lat="46.777102" lon="11.635625"><ele>727.75</ele></trkpt>
    <trkpt lat="46.777091" lon="11.636013"><ele>726.25</ele></trkpt>
    <trkpt lat="46.777085" lon="11.636706"><ele>725.0</ele></trkpt>
    <trkpt lat="46.777093" lon="11.637079"><ele>725.5</ele></trkpt>
    <trkpt lat="46.777102" lon="11.637172"><ele>726.0</ele></trkpt>
    <trkpt lat="46.77711" lon="11.637259"><ele>726.25</ele></trkpt>
    <trkpt lat="46.777133" lon="11.637381"><ele>726.25</ele></trkpt>
    <trkpt lat="46.777187" lon="11.637548"><ele>726.25</ele></trkpt>
    <trkpt lat="46.777239" lon="11.63768"><ele>726.5</ele></trkpt>
    <trkpt lat="46.777378" lon="11.637971"><ele>727.5</ele></trkpt>
    <trkpt lat="46.777531" lon="11.638284"><ele>727.75</ele></trkpt>
    <trkpt lat="46.777601" lon="11.638414"><ele>727.0</ele></trkpt>
    <trkpt lat="46.777649" lon="11.638467"><ele>726.5</ele></trkpt>
    <trkpt lat="46.777725" lon="11.638504"><ele>726.0</ele></trkpt>
    <trkpt lat="46.777933" lon="11.638554"><ele>725.75</ele></trkpt>
    <trkpt lat="46.777968" lon="11.63858"><ele>725.25</ele></trkpt>
    <trkpt lat="46.777997" lon="11.638629"><ele>724.5</ele></trkpt>
    <trkpt lat="46.778004" lon="11.638658"><ele>725.0</ele></trkpt>
    <trkpt lat="46.778013" lon="11.63874"><ele>725.75</ele></trkpt>
    <trkpt lat="46.778012" lon="11.638777"><ele>726.0</ele></trkpt>
    <trkpt lat="46.778003" lon="11.638809"><ele>726.25</ele></trkpt>
    <trkpt lat="46.777976" lon="11.638848"><ele>725.5</ele></trkpt>
    <trkpt lat="46.777716" lon="11.639164"><ele>723.5</ele></trkpt>
    <trkpt lat="46.77727" lon="11.639673"><ele>725.25</ele></trkpt>
    <trkpt lat="46.777142" lon="11.639825"><ele>726.0</ele></trkpt>
    <trkpt lat="46.776944" lon="11.640079"><ele>727.25</ele></trkpt>
    <trkpt lat="46.776857" lon="11.640213"><ele>727.0</ele></trkpt>
    <trkpt lat="46.776784" lon="11.64035"><ele>726.75</ele></trkpt>
    <trkpt lat="46.776718" lon="11.640498"><ele>726.5</ele></trkpt>
    <trkpt lat="46.776663" lon="11.640674"><ele>726.25</ele></trkpt>
    <trkpt lat="46.776531" lon="11.641245"><ele>725.25</ele></trkpt>
    <trkpt lat="46.776484" lon="11.641392"><ele>725.0</ele></trkpt>
    <trkpt lat="46.776434" lon="11.641523"><ele>725.0</ele></trkpt>
    <trkpt lat="46.776382" lon="11.641629"><ele>725.5</ele></trkpt>
    <trkpt lat="46.776354" lon="11.641678"><ele>726.0</ele></trkpt>
    <trkpt lat="46.776322" lon="11.641716"><ele>726.75</ele></trkpt>
    <trkpt lat="46.776074" lon="11.6419"><ele>728.25</ele></trkpt>
    <trkpt lat="46.776009" lon="11.641938"><ele>728.0</ele></trkpt>
    <trkpt lat="46.775829" lon="11.642014"><ele>727.25</ele></trkpt>
    <trkpt lat="46.775728" lon="11.642097"><ele>726.75</ele></trkpt>
    <trkpt lat="46.775289" lon="11.642567"><ele>723.0</ele></trkpt>
    <trkpt lat="46.774702" lon="11.643098"><ele>719.5</ele></trkpt>
    <trkpt lat="46.774661" lon="11.643138"><ele>718.75</ele></trkpt>
    <trkpt lat="46.774604" lon="11.643187"><ele>718.0</ele></trkpt>
    <trkpt lat="46.77441" lon="11.643358"><ele>718.25</ele></trkpt>
    <trkpt lat="46.774079" lon="11.64366"><ele>716.0</ele></trkpt>
    <trkpt lat="46.773217" lon="11.644455"><ele>711.25</ele></trkpt>
    <trkpt lat="46.772875" lon="11.644771"><ele>712.0</ele></trkpt>
    <trkpt lat="46.772736" lon="11.644932"><ele>712.5</ele></trkpt>
    <trkpt lat="46.772665" lon="11.645024"><ele>712.75</ele></trkpt>
    <trkpt lat="46.772585" lon="11.645152"><ele>713.0</ele></trkpt>
    <trkpt lat="46.772531" lon="11.645285"><ele>712.5</ele></trkpt>
    <trkpt lat="46.772501" lon="11.645395"><ele>711.25</ele></trkpt>
    <trkpt lat="46.772474" lon="11.645551"><ele>711.25</ele></trkpt>
    <trkpt lat="46.772468" lon="11.64564"><ele>711.0</ele></trkpt>
    <trkpt lat="46.772476" lon="11.645873"><ele>710.5</ele></trkpt>
    <trkpt lat="46.772471" lon="11.645963"><ele>710.0</ele></trkpt>
    <trkpt lat="46.772459" lon="11.646062"><ele>709.5</ele></trkpt>
    <trkpt lat="46.77243" lon="11.646178"><ele>709.5</ele></trkpt>
    <trkpt lat="46.772392" lon="11.64627"><ele>709.75</ele></trkpt>
    <trkpt lat="46.77235" lon="11.646356"><ele>709.5</ele></trkpt>
    <trkpt lat="46.772301" lon="11.646429"><ele>709.5</ele></trkpt>
    <trkpt lat="46.772241" lon="11.646483"><ele>709.5</ele></trkpt>
    <trkpt lat="46.772161" lon="11.646542"><ele>709.75</ele></trkpt>
    <trkpt lat="46.772055" lon="11.646569"><ele>709.75</ele></trkpt>
    <trkpt lat="46.771714" lon="11.64659"><ele>710.25</ele></trkpt>
    <trkpt lat="46.771568" lon="11.64662"><ele>710.25</ele></trkpt>
    <trkpt lat="46.771036" lon="11.646765"><ele>711.5</ele></trkpt>
    <trkpt lat="46.770769" lon="11.646793"><ele>711.75</ele></trkpt>
    <trkpt lat="46.770451" lon="11.646765"><ele>712.75</ele></trkpt>
    <trkpt lat="46.769958" lon="11.646642"><ele>716.5</ele></trkpt>
    <trkpt lat="46.769749" lon="11.646599"><ele>716.75</ele></trkpt>
    <trkpt lat="46.769568" lon="11.646584"><ele>717.5</ele></trkpt>
    <trkpt lat="46.76931" lon="11.646605"><ele>718.5</ele></trkpt>
    <trkpt lat="46.769081" lon="11.646652"><ele>718.75</ele></trkpt>
    <trkpt lat="46.768846" lon="11.646732"><ele>720.25</ele></trkpt>
    <trkpt lat="46.768771" lon="11.646774"><ele>721.25</ele></trkpt>
    <trkpt lat="46.768576" lon="11.646938"><ele>723.75</ele></trkpt>
    <trkpt lat="46.768513" lon="11.647025"><ele>724.5</ele></trkpt>
    <trkpt lat="46.768441" lon="11.647145"><ele>724.75</ele></trkpt>
    <trkpt lat="46.768354" lon="11.647353"><ele>726.25</ele></trkpt>
    <trkpt lat="46.768315" lon="11.647485"><ele>726.0</ele></trkpt>
    <trkpt lat="46.76828" lon="11.647633"><ele>725.5</ele></trkpt>
    <trkpt lat="46.768248" lon="11.647822"><ele>726.0</ele></trkpt>
    <trkpt lat="46.768233" lon="11.647995"><ele>727.75</ele></trkpt>
    <trkpt lat="46.76823" lon="11.648209"><ele>731.5</ele></trkpt>
    <trkpt lat="46.768247" lon="11.64861"><ele>734.25</ele></trkpt>
    <trkpt lat="46.768246" lon="11.648771"><ele>733.0</ele></trkpt>
    <trkpt lat="46.768233" lon="11.649134"><ele>732.25</ele></trkpt>
    <trkpt lat="46.768213" lon="11.649361"><ele>734.75</ele></trkpt>
    <trkpt lat="46.768205" lon="11.64955"><ele>735.75</ele></trkpt>
    <trkpt lat="46.768219" lon="11.649691"><ele>736.0</ele></trkpt>
    <trkpt lat="46.768255" lon="11.64989"><ele>734.5</ele></trkpt>
    <trkpt lat="46.768343" lon="11.650266"><ele>735.0</ele></trkpt>
    <trkpt lat="46.768379" lon="11.650401"><ele>734.0</ele></trkpt>
    <trkpt lat="46.768434" lon="11.65053"><ele>733.5</ele></trkpt>
    <trkpt lat="46.768539" lon="11.650742"><ele>732.5</ele></trkpt>
    <trkpt lat="46.768925" lon="11.651412"><ele>731.25</ele></trkpt>
    <trkpt lat="46.768939" lon="11.651437"><ele>731.25</ele></trkpt>
    <trkpt lat="46.768997" lon="11.651547"><ele>730.75</ele></trkpt>
    <trkpt lat="46.769037" lon="11.651654"><ele>729.75</ele></trkpt>
    <trkpt lat="46.769059" lon="11.651752"><ele>729.0</ele></trkpt>
    <trkpt lat="46.769069" lon="11.651895"><ele>728.0</ele></trkpt>
    <trkpt lat="46.769059" lon="11.651985"><ele>727.25</ele></trkpt>
    <trkpt lat="46.769048" lon="11.652058"><ele>727.0</ele></trkpt>
    <trkpt lat="46.769039" lon="11.652118"><ele>726.75</ele></trkpt>
    <trkpt lat="46.769074" lon="11.652159"><ele>726.5</ele></trkpt>
    <trkpt lat="46.769113" lon="11.652229"><ele>726.0</ele></trkpt>
    <trkpt lat="46.769262" lon="11.652942"><ele>727.25</ele></trkpt>
    <trkpt lat="46.769345" lon="11.653276"><ele>728.0</ele></trkpt>
    <trkpt lat="46.769419" lon="11.653526"><ele>728.0</ele></trkpt>
    <trkpt lat="46.769473" lon="11.653688"><ele>728.0</ele></trkpt>
    <trkpt lat="46.769631" lon="11.654158"><ele>728.75</ele></trkpt>
    <trkpt lat="46.769646" lon="11.654217"><ele>728.75</ele></trkpt>
    <trkpt lat="46.769651" lon="11.65428"><ele>729.0</ele></trkpt>
    <trkpt lat="46.769646" lon="11.654349"><ele>729.25</ele></trkpt>
    <trkpt lat="46.76963" lon="11.654402"><ele>729.5</ele></trkpt>
    <trkpt lat="46.7696" lon="11.654455"><ele>729.75</ele></trkpt>
    <trkpt lat="46.769562" lon="11.654498"><ele>730.0</ele></trkpt>
    <trkpt lat="46.769473" lon="11.654564"><ele>730.75</ele></trkpt>
    <trkpt lat="46.769432" lon="11.654588"><ele>730.75</ele></trkpt>
    <trkpt lat="46.769394" lon="11.654598"><ele>730.5</ele></trkpt>
    <trkpt lat="46.769399" lon="11.654646"><ele>730.75</ele></trkpt>
    <trkpt lat="46.769395" lon="11.654713"><ele>730.75</ele></trkpt>
    <trkpt lat="46.76937" lon="11.655093"><ele>732.75</ele></trkpt>
    <trkpt lat="46.769371" lon="11.655179"><ele>733.25</ele></trkpt>
    <trkpt lat="46.769384" lon="11.655282"><ele>733.75</ele></trkpt>
    <trkpt lat="46.769481" lon="11.655629"><ele>734.25</ele></trkpt>
    <trkpt lat="46.769514" lon="11.655709"><ele>734.75</ele></trkpt>
    <trkpt lat="46.769564" lon="11.655759"><ele>735.25</ele></trkpt>
    <trkpt lat="46.769737" lon="11.655848"><ele>736.0</ele></trkpt>
    <trkpt lat="46.76987" lon="11.655916"><ele>737.0</ele></trkpt>
    <trkpt lat="46.769993" lon="11.655982"><ele>737.75</ele></trkpt>
    <trkpt lat="46.770021" lon="11.656015"><ele>738.0</ele></trkpt>
    <trkpt lat="46.770051" lon="11.656077"><ele>738.25</ele></trkpt>
    <trkpt lat="46.770362" lon="11.656922"><ele>738.25</ele></trkpt>
    <trkpt lat="46.77053" lon="11.657413"><ele>739.5</ele></trkpt>
    <trkpt lat="46.771299" lon="11.659764"><ele>748.0</ele></trkpt>
    <trkpt lat="46.771477" lon="11.66023"><ele>749.5</ele></trkpt>
    <trkpt lat="46.771584" lon="11.66047"><ele>752.75</ele></trkpt>
    <trkpt lat="46.771803" lon="11.660859"><ele>755.25</ele></trkpt>
    <trkpt lat="46.772271" lon="11.661664"><ele>762.0</ele></trkpt>
    <trkpt lat="46.77238" lon="11.661903"><ele>763.0</ele></trkpt>
    <trkpt lat="46.772537" lon="11.662361"><ele>766.75</ele></trkpt>
    <trkpt lat="46.772705" lon="11.662701"><ele>768.25</ele></trkpt>
    <trkpt lat="46.772746" lon="11.662795"><ele>769.0</ele></trkpt>
    <trkpt lat="46.772785" lon="11.662914"><ele>769.25</ele></trkpt>
    <trkpt lat="46.772804" lon="11.663033"><ele>769.75</ele></trkpt>
    <trkpt lat="46.772807" lon="11.663164"><ele>770.0</ele></trkpt>
    <trkpt lat="46.772796" lon="11.663333"><ele>770.0</ele></trkpt>
    <trkpt lat="46.772781" lon="11.663515"><ele>770.0</ele></trkpt>
    <trkpt lat="46.772784" lon="11.663898"><ele>770.0</ele></trkpt>
    <trkpt lat="46.77278" lon="11.664042"><ele>770.0</ele></trkpt>
    <trkpt lat="46.772761" lon="11.664204"><ele>770.0</ele></trkpt>
    <trkpt lat="46.772662" lon="11.66472"><ele>771.0</ele></trkpt>
    <trkpt lat="46.772679" lon="11.664731"><ele>771.25</ele></trkpt>
    <trkpt lat="46.772703" lon="11.664747"><ele>771.5</ele></trkpt>
    <trkpt lat="46.77268" lon="11.664882"><ele>771.5</ele></trkpt>
    <trkpt lat="46.772679" lon="11.664944"><ele>771.75</ele></trkpt>
    <trkpt lat="46.772465" lon="11.664944"><ele>771.25</ele></trkpt>
    <trkpt lat="46.772278" lon="11.664933"><ele>770.0</ele></trkpt>
    <trkpt lat="46.77208" lon="11.664908"><ele>769.0</ele></trkpt>
    <trkpt lat="46.771385" lon="11.664823"><ele>766.0</ele></trkpt>
    <trkpt lat="46.769877" lon="11.664634"><ele>760.25</ele></trkpt>
    <trkpt lat="46.769753" lon="11.664618"><ele>760.5</ele></trkpt>
    <trkpt lat="46.769536" lon="11.66457"><ele>761.0</ele></trkpt>
    <trkpt lat="46.7694" lon="11.664526"><ele>761.5</ele></trkpt>
    <trkpt lat="46.76934" lon="11.664501"><ele>762.0</ele></trkpt>
    <trkpt lat="46.769268" lon="11.664463"><ele>762.5</ele></trkpt>
    <trkpt lat="46.769103" lon="11.664355"><ele>762.75</ele></trkpt>
    <trkpt lat="46.768977" lon="11.664248"><ele>763.25</ele></trkpt>
    <trkpt lat="46.76886" lon="11.664143"><ele>764.25</ele></trkpt>
    <trkpt lat="46.768336" lon="11.663542"><ele>765.5</ele></trkpt>
    <trkpt lat="46.768365" lon="11.663478"><ele>765.25</ele></trkpt>
    <trkpt lat="46.767378" lon="11.662329"><ele>766.5</ele></trkpt>
    <trkpt lat="46.767021" lon="11.66192"><ele>764.5</ele></trkpt>
    <trkpt lat="46.766769" lon="11.661604"><ele>764.5</ele></trkpt>
    <trkpt lat="46.766052" lon="11.660615"><ele>767.25</ele></trkpt>
    <trkpt lat="46.765508" lon="11.659762"><ele>769.5</ele></trkpt>
    <trkpt lat="46.765249" lon="11.659404"><ele>767.0</ele></trkpt>
    <trkpt lat="46.764602" lon="11.658643"><ele>764.5</ele></trkpt>
    <trkpt lat="46.764265" lon="11.658277"><ele>764.25</ele></trkpt>
    <trkpt lat="46.76321" lon="11.657351"><ele>758.0</ele></trkpt>
    <trkpt lat="46.762301" lon="11.656407"><ele>756.0</ele></trkpt>
    <trkpt lat="46.762164" lon="11.656247"><ele>755.0</ele></trkpt>
    <trkpt lat="46.761357" lon="11.655354"><ele>753.0</ele></trkpt>
    <trkpt lat="46.760975" lon="11.654967"><ele>752.75</ele></trkpt>
    <trkpt lat="46.760653" lon="11.654702"><ele>752.75</ele></trkpt>
    <trkpt lat="46.759974" lon="11.65425"><ele>747.5</ele></trkpt>
    <trkpt lat="46.758782" lon="11.653477"><ele>748.25</ele></trkpt>
    <trkpt lat="46.758485" lon="11.653259"><ele>746.0</ele></trkpt>
    <trkpt lat="46.758178" lon="11.653007"><ele>742.5</ele></trkpt>
    <trkpt lat="46.757667" lon="11.652465"><ele>738.5</ele></trkpt>
    <trkpt lat="46.756947" lon="11.651665"><ele>731.75</ele></trkpt>
    <trkpt lat="46.75665" lon="11.651375"><ele>727.5</ele></trkpt>
    <trkpt lat="46.756359" lon="11.65118"><ele>725.5</ele></trkpt>
    <trkpt lat="46.756136" lon="11.651091"><ele>724.25</ele></trkpt>
    <trkpt lat="46.755518" lon="11.650938"><ele>717.0</ele></trkpt>
    <trkpt lat="46.755046" lon="11.65078"><ele>714.0</ele></trkpt>
    <trkpt lat="46.754568" lon="11.650541"><ele>710.5</ele></trkpt>
    <trkpt lat="46.754143" lon="11.65028"><ele>709.0</ele></trkpt>
    <trkpt lat="46.753654" lon="11.649927"><ele>703.75</ele></trkpt>
    <trkpt lat="46.752895" lon="11.649274"><ele>697.25</ele></trkpt>
    <trkpt lat="46.752584" lon="11.648936"><ele>693.5</ele></trkpt>
    <trkpt lat="46.75183" lon="11.648055"><ele>686.5</ele></trkpt>
    <trkpt lat="46.751718" lon="11.647932"><ele>686.25</ele></trkpt>
    <trkpt lat="46.751536" lon="11.647762"><ele>685.75</ele></trkpt>
    <trkpt lat="46.75138" lon="11.647631"><ele>685.25</ele></trkpt>
    <trkpt lat="46.751336" lon="11.647671"><ele>685.75</ele></trkpt>
    <trkpt lat="46.751185" lon="11.647558"><ele>684.5</ele></trkpt>
    <trkpt lat="46.750948" lon="11.647408"><ele>682.0</ele></trkpt>
    <trkpt lat="46.750816" lon="11.647335"><ele>680.75</ele></trkpt>
    <trkpt lat="46.750494" lon="11.647228"><ele>679.5</ele></trkpt>
    <trkpt lat="46.750342" lon="11.647207"><ele>678.0</ele></trkpt>
    <trkpt lat="46.750147" lon="11.647207"><ele>676.75</ele></trkpt>
    <trkpt lat="46.750131" lon="11.647162"><ele>676.0</ele></trkpt>
    <trkpt lat="46.750084" lon="11.647135"><ele>675.5</ele></trkpt>
    <trkpt lat="46.749518" lon="11.647052"><ele>670.25</ele></trkpt>
    <trkpt lat="46.749002" lon="11.647039"><ele>663.25</ele></trkpt>
    <trkpt lat="46.74878" lon="11.647044"><ele>658.75</ele></trkpt>
    <trkpt lat="46.748338" lon="11.647118"><ele>652.75</ele></trkpt>
    <trkpt lat="46.748241" lon="11.647114"><ele>651.75</ele></trkpt>
    <trkpt lat="46.747965" lon="11.647106"><ele>649.75</ele></trkpt>
    <trkpt lat="46.747929" lon="11.647105"><ele>649.5</ele></trkpt>
    <trkpt lat="46.747606" lon="11.647092"><ele>646.75</ele></trkpt>
    <trkpt lat="46.747402" lon="11.647119"><ele>644.0</ele></trkpt>
    <trkpt lat="46.74723" lon="11.647221"><ele>642.0</ele></trkpt>
    <trkpt lat="46.746994" lon="11.647344"><ele>640.5</ele></trkpt>
    <trkpt lat="46.746824" lon="11.647401"><ele>639.75</ele></trkpt>
    <trkpt lat="46.746594" lon="11.647444"><ele>638.25</ele></trkpt>
    <trkpt lat="46.746414" lon="11.647487"><ele>638.0</ele></trkpt>
    <trkpt lat="46.746113" lon="11.647595"><ele>635.5</ele></trkpt>
    <trkpt lat="46.745836" lon="11.647758"><ele>633.0</ele></trkpt>
    <trkpt lat="46.745612" lon="11.647958"><ele>631.0</ele></trkpt>
    <trkpt lat="46.745227" lon="11.648543"><ele>625.75</ele></trkpt>
    <trkpt lat="46.7449" lon="11.649004"><ele>621.5</ele></trkpt>
    <trkpt lat="46.744609" lon="11.649443"><ele>619.75</ele></trkpt>
    <trkpt lat="46.744472" lon="11.649629"><ele>621.75</ele></trkpt>
    <trkpt lat="46.74429" lon="11.649852"><ele>620.75</ele></trkpt>
    <trkpt lat="46.744091" lon="11.650136"><ele>622.5</ele></trkpt>
    <trkpt lat="46.743987" lon="11.650235"><ele>621.75</ele></trkpt>
    <trkpt lat="46.743647" lon="11.65051"><ele>619.0</ele></trkpt>
    <trkpt lat="46.743523" lon="11.650665"><ele>619.0</ele></trkpt>
    <trkpt lat="46.743293" lon="11.650919"><ele>618.75</ele></trkpt>
    <trkpt lat="46.743045" lon="11.651126"><ele>617.75</ele></trkpt>
    <trkpt lat="46.74285" lon="11.651301"><ele>616.25</ele></trkpt>
    <trkpt lat="46.742772" lon="11.651357"><ele>616.0</ele></trkpt>
    <trkpt lat="46.742699" lon="11.651397"><ele>616.25</ele></trkpt>
    <trkpt lat="46.742534" lon="11.651455"><ele>615.5</ele></trkpt>
    <trkpt lat="46.742083" lon="11.651561"><ele>612.0</ele></trkpt>
    <trkpt lat="46.742042" lon="11.651582"><ele>611.75</ele></trkpt>
    <trkpt lat="46.742024" lon="11.651603"><ele>612.25</ele></trkpt>
    <trkpt lat="46.742031" lon="11.651652"><ele>613.75</ele></trkpt>
    <trkpt lat="46.74202" lon="11.651695"><ele>614.25</ele></trkpt>
    <trkpt lat="46.741973" lon="11.651733"><ele>614.25</ele></trkpt>
    <trkpt lat="46.74181" lon="11.651817"><ele>614.0</ele></trkpt>
    <trkpt lat="46.741717" lon="11.651891"><ele>615.0</ele></trkpt>
    <trkpt lat="46.741666" lon="11.651974"><ele>616.0</ele></trkpt>
    <trkpt lat="46.741624" lon="11.652104"><ele>615.5</ele></trkpt>
    <trkpt lat="46.741611" lon="11.652192"><ele>615.5</ele></trkpt>
    <trkpt lat="46.741567" lon="11.652251"><ele>614.75</ele></trkpt>
    <trkpt lat="46.741406" lon="11.652256"><ele>611.5</ele></trkpt>
    <trkpt lat="46.74133" lon="11.652254"><ele>611.25</ele></trkpt>
    <trkpt lat="46.740917" lon="11.652216"><ele>610.25</ele></trkpt>
    <trkpt lat="46.740728" lon="11.652183"><ele>608.5</ele></trkpt>
    <trkpt lat="46.740453" lon="11.652122"><ele>605.75</ele></trkpt>
    <trkpt lat="46.739935" lon="11.651951"><ele>603.75</ele></trkpt>
    <trkpt lat="46.739559" lon="11.651807"><ele>599.25</ele></trkpt>
    <trkpt lat="46.739315" lon="11.651673"><ele>597.75</ele></trkpt>
    <trkpt lat="46.738962" lon="11.651455"><ele>598.0</ele></trkpt>
    <trkpt lat="46.738788" lon="11.651357"><ele>596.5</ele></trkpt>
    <trkpt lat="46.738694" lon="11.651314"><ele>594.75</ele></trkpt>
    <trkpt lat="46.738458" lon="11.651216"><ele>594.0</ele></trkpt>
    <trkpt lat="46.738326" lon="11.651182"><ele>594.5</ele></trkpt>
    <trkpt lat="46.738155" lon="11.65115"><ele>593.25</ele></trkpt>
    <trkpt lat="46.73781" lon="11.651116"><ele>591.0</ele></trkpt>
    <trkpt lat="46.737611" lon="11.651118"><ele>589.75</ele></trkpt>
    <trkpt lat="46.73739" lon="11.651141"><ele>588.75</ele></trkpt>
    <trkpt lat="46.73696" lon="11.651205"><ele>586.75</ele></trkpt>
    <trkpt lat="46.736745" lon="11.651207"><ele>585.75</ele></trkpt>
    <trkpt lat="46.736451" lon="11.651165"><ele>584.25</ele></trkpt>
    <trkpt lat="46.736385" lon="11.651154"><ele>584.0</ele></trkpt>
    <trkpt lat="46.736295" lon="11.651135"><ele>583.25</ele></trkpt>
    <trkpt lat="46.735631" lon="11.650993"><ele>579.25</ele></trkpt>
    <trkpt lat="46.734692" lon="11.650798"><ele>580.75</ele></trkpt>
    <trkpt lat="46.734225" lon="11.650697"><ele>578.25</ele></trkpt>
    <trkpt lat="46.733536" lon="11.650546"><ele>579.75</ele></trkpt>
    <trkpt lat="46.733289" lon="11.650495"><ele>579.5</ele></trkpt>
    <trkpt lat="46.73307" lon="11.650444"><ele>578.25</ele></trkpt>
    <trkpt lat="46.732948" lon="11.650412"><ele>577.5</ele></trkpt>
    <trkpt lat="46.732789" lon="11.650324"><ele>576.75</ele></trkpt>
    <trkpt lat="46.732709" lon="11.650251"><ele>577.0</ele></trkpt>
    <trkpt lat="46.732673" lon="11.650206"><ele>577.0</ele></trkpt>
    <trkpt lat="46.732638" lon="11.650139"><ele>577.0</ele></trkpt>
    <trkpt lat="46.732634" lon="11.650057"><ele>577.25</ele></trkpt>
    <trkpt lat="46.732594" lon="11.649971"><ele>577.25</ele></trkpt>
    <trkpt lat="46.732532" lon="11.649929"><ele>577.0</ele></trkpt>
    <trkpt lat="46.73239" lon="11.64983"><ele>576.75</ele></trkpt>
    <trkpt lat="46.73232" lon="11.649826"><ele>576.75</ele></trkpt>
    <trkpt lat="46.732259" lon="11.64986"><ele>576.5</ele></trkpt>
    <trkpt lat="46.732231" lon="11.649923"><ele>576.25</ele></trkpt>
    <trkpt lat="46.732218" lon="11.649985"><ele>576.0</ele></trkpt>
    <trkpt lat="46.732218" lon="11.65005"><ele>575.75</ele></trkpt>
    <trkpt lat="46.732144" lon="11.650161"><ele>575.75</ele></trkpt>
    <trkpt lat="46.732085" lon="11.650198"><ele>575.5</ele></trkpt>
    <trkpt lat="46.73199" lon="11.650268"><ele>575.0</ele></trkpt>
    <trkpt lat="46.731409" lon="11.650556"><ele>574.75</ele></trkpt>
    <trkpt lat="46.731166" lon="11.650695"><ele>574.25</ele></trkpt>
    <trkpt lat="46.730984" lon="11.650789"><ele>574.0</ele></trkpt>
    <trkpt lat="46.730901" lon="11.650834"><ele>574.0</ele></trkpt>
    <trkpt lat="46.730857" lon="11.65086"><ele>574.0</ele></trkpt>
    <trkpt lat="46.730694" lon="11.650962"><ele>574.0</ele></trkpt>
    <trkpt lat="46.73049" lon="11.651094"><ele>574.0</ele></trkpt>
    <trkpt lat="46.730044" lon="11.651381"><ele>573.75</ele></trkpt>
    <trkpt lat="46.729804" lon="11.651512"><ele>573.0</ele></trkpt>
    <trkpt lat="46.729727" lon="11.651548"><ele>573.0</ele></trkpt>
    <trkpt lat="46.72968" lon="11.651572"><ele>573.0</ele></trkpt>
    <trkpt lat="46.729562" lon="11.651633"><ele>573.0</ele></trkpt>
    <trkpt lat="46.729206" lon="11.651802"><ele>572.5</ele></trkpt>
    <trkpt lat="46.728928" lon="11.651942"><ele>572.0</ele></trkpt>
    <trkpt lat="46.728875" lon="11.651968"><ele>572.0</ele></trkpt>
    <trkpt lat="46.728582" lon="11.652107"><ele>571.75</ele></trkpt>
    <trkpt lat="46.728542" lon="11.652132"><ele>571.75</ele></trkpt>
    <trkpt lat="46.728493" lon="11.65216"><ele>571.5</ele></trkpt>
    <trkpt lat="46.727896" lon="11.652506"><ele>570.75</ele></trkpt>
    <trkpt lat="46.727623" lon="11.65267"><ele>570.0</ele></trkpt>
    <trkpt lat="46.727532" lon="11.652727"><ele>570.0</ele></trkpt>
    <trkpt lat="46.727209" lon="11.652924"><ele>570.0</ele></trkpt>
    <trkpt lat="46.727076" lon="11.65301"><ele>570.0</ele></trkpt>
    <trkpt lat="46.726902" lon="11.653128"><ele>570.0</ele></trkpt>
    <trkpt lat="46.72665" lon="11.653275"><ele>570.0</ele></trkpt>
    <trkpt lat="46.726561" lon="11.653319"><ele>570.0</ele></trkpt>
    <trkpt lat="46.726043" lon="11.653579"><ele>570.0</ele></trkpt>
    <trkpt lat="46.725836" lon="11.653694"><ele>570.5</ele></trkpt>
    <trkpt lat="46.725622" lon="11.653851"><ele>570.0</ele></trkpt>
    <trkpt lat="46.725474" lon="11.653976"><ele>569.5</ele></trkpt>
    <trkpt lat="46.725405" lon="11.654034"><ele>569.25</ele></trkpt>
    <trkpt lat="46.72509" lon="11.654325"><ele>569.25</ele></trkpt>
    <trkpt lat="46.7249" lon="11.654507"><ele>569.25</ele></trkpt>
    <trkpt lat="46.724694" lon="11.65468"><ele>569.0</ele></trkpt>
    <trkpt lat="46.72438" lon="11.654879"><ele>568.25</ele></trkpt>
    <trkpt lat="46.723944" lon="11.655112"><ele>568.25</ele></trkpt>
    <trkpt lat="46.723531" lon="11.655349"><ele>567.0</ele></trkpt>
    <trkpt lat="46.723406" lon="11.655386"><ele>567.25</ele></trkpt>
    <trkpt lat="46.72333" lon="11.655428"><ele>567.25</ele></trkpt>
    <trkpt lat="46.723286" lon="11.65544"><ele>567.25</ele></trkpt>
    <trkpt lat="46.72323" lon="11.655435"><ele>567.25</ele></trkpt>
    <trkpt lat="46.723165" lon="11.655412"><ele>567.0</ele></trkpt>
    <trkpt lat="46.723135" lon="11.655383"><ele>567.0</ele></trkpt>
    <trkpt lat="46.723101" lon="11.655369"><ele>567.0</ele></trkpt>
    <trkpt lat="46.723064" lon="11.65537"><ele>567.0</ele></trkpt>
    <trkpt lat="46.723029" lon="11.655387"><ele>567.0</ele></trkpt>
    <trkpt lat="46.722999" lon="11.655418"><ele>567.0</ele></trkpt>
    <trkpt lat="46.722977" lon="11.655462"><ele>567.0</ele></trkpt>
    <trkpt lat="46.722901" lon="11.655537"><ele>567.0</ele></trkpt>
    <trkpt lat="46.722845" lon="11.655576"><ele>567.0</ele></trkpt>
    <trkpt lat="46.722783" lon="11.655591"><ele>567.0</ele></trkpt>
    <trkpt lat="46.722668" lon="11.655602"><ele>566.5</ele></trkpt>
    <trkpt lat="46.722603" lon="11.655636"><ele>566.5</ele></trkpt>
    <trkpt lat="46.722116" lon="11.655676"><ele>565.5</ele></trkpt>
    <trkpt lat="46.721683" lon="11.655688"><ele>565.5</ele></trkpt>
    <trkpt lat="46.721343" lon="11.655705"><ele>565.5</ele></trkpt>
    <trkpt lat="46.721188" lon="11.655716"><ele>565.75</ele></trkpt>
    <trkpt lat="46.721134" lon="11.655717"><ele>565.75</ele></trkpt>
    <trkpt lat="46.721005" lon="11.655695"><ele>566.0</ele></trkpt>
    <trkpt lat="46.720957" lon="11.655682"><ele>566.0</ele></trkpt>
    <trkpt lat="46.720848" lon="11.655627"><ele>566.0</ele></trkpt>
    <trkpt lat="46.72076" lon="11.655562"><ele>565.75</ele></trkpt>
    <trkpt lat="46.72069" lon="11.655491"><ele>565.75</ele></trkpt>
    <trkpt lat="46.720585" lon="11.655347"><ele>565.25</ele></trkpt>
    <trkpt lat="46.720528" lon="11.655255"><ele>565.0</ele></trkpt>
    <trkpt lat="46.720456" lon="11.655105"><ele>565.0</ele></trkpt>
    <trkpt lat="46.72039" lon="11.654928"><ele>564.75</ele></trkpt>
    <trkpt lat="46.720346" lon="11.654753"><ele>564.75</ele></trkpt>
    <trkpt lat="46.720291" lon="11.6544"><ele>565.0</ele></trkpt>
    <trkpt lat="46.720249" lon="11.654079"><ele>564.75</ele></trkpt>
    <trkpt lat="46.720235" lon="11.653965"><ele>564.75</ele></trkpt>
    <trkpt lat="46.720191" lon="11.653594"><ele>564.5</ele></trkpt>
    <trkpt lat="46.720168" lon="11.653408"><ele>564.75</ele></trkpt>
    <trkpt lat="46.720132" lon="11.653109"><ele>565.0</ele></trkpt>
    <trkpt lat="46.720078" lon="11.652701"><ele>565.0</ele></trkpt>
    <trkpt lat="46.720031" lon="11.65267"><ele>565.0</ele></trkpt>
    <trkpt lat="46.72001" lon="11.65266"><ele>565.0</ele></trkpt>
    <trkpt lat="46.719934" lon="11.652653"><ele>565.0</ele></trkpt>
    <trkpt lat="46.719742" lon="11.65272"><ele>565.0</ele></trkpt>
    <trkpt lat="46.719687" lon="11.652752"><ele>564.75</ele></trkpt>
    <trkpt lat="46.719633" lon="11.652797"><ele>564.5</ele></trkpt>
    <trkpt lat="46.719616" lon="11.652814"><ele>564.25</ele></trkpt>
    <trkpt lat="46.719575" lon="11.652857"><ele>564.0</ele></trkpt>
    <trkpt lat="46.719524" lon="11.652935"><ele>563.75</ele></trkpt>
    <trkpt lat="46.71935" lon="11.65324"><ele>563.25</ele></trkpt>
    <trkpt lat="46.71924" lon="11.653398"><ele>563.0</ele></trkpt>
    <trkpt lat="46.719198" lon="11.653459"><ele>562.75</ele></trkpt>
    <trkpt lat="46.719024" lon="11.653672"><ele>563.0</ele></trkpt>
    <trkpt lat="46.718942" lon="11.653659"><ele>563.0</ele></trkpt>
    <trkpt lat="46.718888" lon="11.653682"><ele>563.0</ele></trkpt>
    <trkpt lat="46.718846" lon="11.653729"><ele>563.0</ele></trkpt>
    <trkpt lat="46.718814" lon="11.653732"><ele>563.0</ele></trkpt>
    <trkpt lat="46.718776" lon="11.653749"><ele>563.0</ele></trkpt>
    <trkpt lat="46.718494" lon="11.653905"><ele>562.75</ele></trkpt>
    <trkpt lat="46.718285" lon="11.654073"><ele>562.25</ele></trkpt>
    <trkpt lat="46.717918" lon="11.654411"><ele>561.5</ele></trkpt>
    <trkpt lat="46.717851" lon="11.654478"><ele>561.25</ele></trkpt>
    <trkpt lat="46.717358" lon="11.654949"><ele>561.5</ele></trkpt>
    <trkpt lat="46.717259" lon="11.655046"><ele>561.75</ele></trkpt>
    <trkpt lat="46.717065" lon="11.65519"><ele>562.0</ele></trkpt>
    <trkpt lat="46.716967" lon="11.655217"><ele>562.0</ele></trkpt>
    <trkpt lat="46.716904" lon="11.655237"><ele>562.0</ele></trkpt>
    <trkpt lat="46.71687" lon="11.655244"><ele>562.0</ele></trkpt>
    <trkpt lat="46.716647" lon="11.655302"><ele>561.75</ele></trkpt>
    <trkpt lat="46.71656" lon="11.655344"><ele>561.75</ele></trkpt>
    <trkpt lat="46.716499" lon="11.655438"><ele>561.25</ele></trkpt>
    <trkpt lat="46.716194" lon="11.655491"><ele>561.0</ele></trkpt>
    <trkpt lat="46.715985" lon="11.655507"><ele>560.5</ele></trkpt>
    <trkpt lat="46.715913" lon="11.655587"><ele>560.25</ele></trkpt>
    <trkpt lat="46.715872" lon="11.655745"><ele>560.0</ele></trkpt>
    <trkpt lat="46.715879" lon="11.65581"><ele>560.0</ele></trkpt>
    <trkpt lat="46.715885" lon="11.655863"><ele>560.0</ele></trkpt>
    <trkpt lat="46.715904" lon="11.656109"><ele>560.25</ele></trkpt>
    <trkpt lat="46.716004" lon="11.656099"><ele>560.75</ele></trkpt>
    <trkpt lat="46.715904" lon="11.656109"><ele>560.25</ele></trkpt>
    <trkpt lat="46.715799" lon="11.656511"><ele>560.0</ele></trkpt>
    <trkpt lat="46.715787" lon="11.656584"><ele>560.0</ele></trkpt>
    <trkpt lat="46.715823" lon="11.656893"><ele>560.0</ele></trkpt>
    <trkpt lat="46.71636" lon="11.6572"><ele>560.0</ele></trkpt>
    <trkpt lat="46.716561" lon="11.657198"><ele>560.0</ele></trkpt>
    <trkpt lat="46.716539" lon="11.657283"><ele>560.0</ele></trkpt>
    <trkpt lat="46.716525" lon="11.65737"><ele>560.25</ele></trkpt>
    <trkpt lat="46.716534" lon="11.657494"><ele>560.25</ele></trkpt>
    <trkpt lat="46.716559" lon="11.657635"><ele>560.0</ele></trkpt>
    <trkpt lat="46.716591" lon="11.657757"><ele>560.0</ele></trkpt>
    <trkpt lat="46.716598" lon="11.657804"><ele>559.75</ele></trkpt>
    <trkpt lat="46.716614" lon="11.657896"><ele>560.0</ele></trkpt>
    <trkpt lat="46.716651" lon="11.658242"><ele>560.0</ele></trkpt>
    <trkpt lat="46.716721" lon="11.658519"><ele>560.0</ele></trkpt>
    <trkpt lat="46.716767" lon="11.658663"><ele>560.0</ele></trkpt>
    <trkpt lat="46.716816" lon="11.658769"><ele>559.5</ele></trkpt>
    <trkpt lat="46.716835" lon="11.658789"><ele>559.25</ele></trkpt>
    <trkpt lat="46.716597" lon="11.659008"><ele>559.0</ele></trkpt>
    <trkpt lat="46.716405" lon="11.659244"><ele>558.5</ele></trkpt>
    <trkpt lat="46.716111" lon="11.659646"><ele>559.0</ele></trkpt>
    <trkpt lat="46.715893" lon="11.659869"><ele>558.75</ele></trkpt>
    <trkpt lat="46.715713" lon="11.660034"><ele>558.25</ele></trkpt>
    <trkpt lat="46.715481" lon="11.660199"><ele>557.75</ele></trkpt>
    <trkpt lat="46.715303" lon="11.660298"><ele>557.75</ele></trkpt>
    <trkpt lat="46.715112" lon="11.660379"><ele>557.75</ele></trkpt>
    <trkpt lat="46.714834" lon="11.660454"><ele>557.75</ele></trkpt>
    <trkpt lat="46.71452" lon="11.66049"><ele>558.75</ele></trkpt>
    <trkpt lat="46.714485" lon="11.660449"><ele>558.75</ele></trkpt>
    <trkpt lat="46.714066" lon="11.660407"><ele>558.0</ele></trkpt>
    <trkpt lat="46.713964" lon="11.660329"><ele>558.5</ele></trkpt>
    <trkpt lat="46.713564" lon="11.660265"><ele>558.75</ele></trkpt>
    <trkpt lat="46.713046" lon="11.660174"><ele>558.75</ele></trkpt>
    <trkpt lat="46.712365" lon="11.660043"><ele>557.5</ele></trkpt>
    <trkpt lat="46.711415" lon="11.659786"><ele>557.5</ele></trkpt>
    <trkpt lat="46.711163" lon="11.659691"><ele>557.75</ele></trkpt>
    <trkpt lat="46.710878" lon="11.659549"><ele>557.25</ele></trkpt>
    <trkpt lat="46.710717" lon="11.65943"><ele>558.0</ele></trkpt>
    <trkpt lat="46.710655" lon="11.659398"><ele>558.75</ele></trkpt>
    <trkpt lat="46.71048" lon="11.659317"><ele>558.75</ele></trkpt>
    <trkpt lat="46.710258" lon="11.65925"><ele>557.0</ele></trkpt>
    <trkpt lat="46.710071" lon="11.659171"><ele>556.75</ele></trkpt>
    <trkpt lat="46.70926" lon="11.658607"><ele>557.25</ele></trkpt>
    <trkpt lat="46.708877" lon="11.658233"><ele>556.5</ele></trkpt>
    <trkpt lat="46.708839" lon="11.658195"><ele>556.25</ele></trkpt>
    <trkpt lat="46.707572" lon="11.657025"><ele>555.0</ele></trkpt>
    <trkpt lat="46.707174" lon="11.656614"><ele>555.5</ele></trkpt>
    <trkpt lat="46.706995" lon="11.656418"><ele>555.0</ele></trkpt>
    <trkpt lat="46.704594" lon="11.653322"><ele>554.0</ele></trkpt>
    <trkpt lat="46.704066" lon="11.652723"><ele>553.5</ele></trkpt>
    <trkpt lat="46.703939" lon="11.652648"><ele>553.5</ele></trkpt>
    <trkpt lat="46.70373" lon="11.652438"><ele>554.0</ele></trkpt>
    <trkpt lat="46.70367" lon="11.65232"><ele>554.0</ele></trkpt>
    <trkpt lat="46.703393" lon="11.652072"><ele>554.0</ele></trkpt>
    <trkpt lat="46.702998" lon="11.651747"><ele>553.25</ele></trkpt>
    <trkpt lat="46.702759" lon="11.651551"><ele>553.25</ele></trkpt>
    <trkpt lat="46.701827" lon="11.650785"><ele>553.5</ele></trkpt>
    <trkpt lat="46.701727" lon="11.650794"><ele>553.25</ele></trkpt>
    <trkpt lat="46.699938" lon="11.64933"><ele>553.0</ele></trkpt>
    <trkpt lat="46.698366" lon="11.648057"><ele>552.75</ele></trkpt>
    <trkpt lat="46.695505" lon="11.645722"><ele>550.75</ele></trkpt>
    <trkpt lat="46.694519" lon="11.644843"><ele>551.5</ele></trkpt>
    <trkpt lat="46.694191" lon="11.644589"><ele>551.5</ele></trkpt>
    <trkpt lat="46.694114" lon="11.644532"><ele>551.5</ele></trkpt>
    <trkpt lat="46.693984" lon="11.644447"><ele>551.75</ele></trkpt>
    <trkpt lat="46.693764" lon="11.644326"><ele>551.75</ele></trkpt>
    <trkpt lat="46.693496" lon="11.6442"><ele>551.5</ele></trkpt>
    <trkpt lat="46.69202" lon="11.643674"><ele>549.75</ele></trkpt>
    <trkpt lat="46.690574" lon="11.643159"><ele>549.5</ele></trkpt>
    <trkpt lat="46.690245" lon="11.643065"><ele>550.5</ele></trkpt>
    <trkpt lat="46.69004" lon="11.64303"><ele>550.0</ele></trkpt>
    <trkpt lat="46.689857" lon="11.643015"><ele>550.0</ele></trkpt>
    <trkpt lat="46.689259" lon="11.643001"><ele>549.75</ele></trkpt>
    <trkpt lat="46.688865" lon="11.642971"><ele>549.75</ele></trkpt>
    <trkpt lat="46.688649" lon="11.642944"><ele>548.75</ele></trkpt>
    <trkpt lat="46.688495" lon="11.642878"><ele>548.75</ele></trkpt>
    <trkpt lat="46.688311" lon="11.642758"><ele>549.5</ele></trkpt>
    <trkpt lat="46.688103" lon="11.642569"><ele>549.0</ele></trkpt>
    <trkpt lat="46.687854" lon="11.642285"><ele>548.75</ele></trkpt>
    <trkpt lat="46.687644" lon="11.641959"><ele>548.25</ele></trkpt>
    <trkpt lat="46.687465" lon="11.641635"><ele>548.5</ele></trkpt>
    <trkpt lat="46.687065" lon="11.640817"><ele>548.0</ele></trkpt>
    <trkpt lat="46.686752" lon="11.640233"><ele>548.0</ele></trkpt>
    <trkpt lat="46.686361" lon="11.639582"><ele>548.5</ele></trkpt>
    <trkpt lat="46.684558" lon="11.636904"><ele>547.25</ele></trkpt>
    <trkpt lat="46.684108" lon="11.636209"><ele>547.0</ele></trkpt>
    <trkpt lat="46.683993" lon="11.636102"><ele>546.75</ele></trkpt>
    <trkpt lat="46.683843" lon="11.635915"><ele>546.75</ele></trkpt>
    <trkpt lat="46.683401" lon="11.635146"><ele>545.25</ele></trkpt>
    <trkpt lat="46.683227" lon="11.634666"><ele>544.75</ele></trkpt>
    <trkpt lat="46.683162" lon="11.634436"><ele>544.75</ele></trkpt>
    <trkpt lat="46.683107" lon="11.63409"><ele>544.5</ele></trkpt>
    <trkpt lat="46.683055" lon="11.633379"><ele>544.75</ele></trkpt>
    <trkpt lat="46.683115" lon="11.632319"><ele>544.75</ele></trkpt>
    <trkpt lat="46.683215" lon="11.631831"><ele>545.0</ele></trkpt>
    <trkpt lat="46.683349" lon="11.631433"><ele>546.0</ele></trkpt>
    <trkpt lat="46.683692" lon="11.63052"><ele>544.25</ele></trkpt>
    <trkpt lat="46.683746" lon="11.630418"><ele>544.5</ele></trkpt>
    <trkpt lat="46.683908" lon="11.630208"><ele>545.25</ele></trkpt>
    <trkpt lat="46.684106" lon="11.629803"><ele>544.25</ele></trkpt>
    <trkpt lat="46.684129" lon="11.629737"><ele>544.5</ele></trkpt>
    <trkpt lat="46.684143" lon="11.629665"><ele>544.5</ele></trkpt>
    <trkpt lat="46.684167" lon="11.629427"><ele>544.0</ele></trkpt>
    <trkpt lat="46.684178" lon="11.629175"><ele>544.0</ele></trkpt>
    <trkpt lat="46.684168" lon="11.62901"><ele>544.5</ele></trkpt>
    <trkpt lat="46.684051" lon="11.628321"><ele>543.0</ele></trkpt>
    <trkpt lat="46.683982" lon="11.628041"><ele>542.5</ele></trkpt>
    <trkpt lat="46.683815" lon="11.62751"><ele>544.0</ele></trkpt>
    <trkpt lat="46.683635" lon="11.626983"><ele>543.75</ele></trkpt>
    <trkpt lat="46.68356" lon="11.626807"><ele>543.5</ele></trkpt>
    <trkpt lat="46.683159" lon="11.626082"><ele>543.75</ele></trkpt>
    <trkpt lat="46.683118" lon="11.625971"><ele>544.25</ele></trkpt>
    <trkpt lat="46.683095" lon="11.625819"><ele>546.0</ele></trkpt>
    <trkpt lat="46.683007" lon="11.62577"><ele>545.25</ele></trkpt>
    <trkpt lat="46.682955" lon="11.625713"><ele>544.75</ele></trkpt>
    <trkpt lat="46.682907" lon="11.625647"><ele>544.25</ele></trkpt>
    <trkpt lat="46.682653" lon="11.625256"><ele>542.75</ele></trkpt>
    <trkpt lat="46.68246" lon="11.624927"><ele>543.5</ele></trkpt>
    <trkpt lat="46.68216" lon="11.624513"><ele>542.25</ele></trkpt>
    <trkpt lat="46.682" lon="11.624333"><ele>543.0</ele></trkpt>
    <trkpt lat="46.681855" lon="11.6242"><ele>543.75</ele></trkpt>
    <trkpt lat="46.681564" lon="11.623937"><ele>541.75</ele></trkpt>
    <trkpt lat="46.681326" lon="11.623743"><ele>541.75</ele></trkpt>
    <trkpt lat="46.680677" lon="11.623267"><ele>541.0</ele></trkpt>
    <trkpt lat="46.680413" lon="11.623061"><ele>541.75</ele></trkpt>
    <trkpt lat="46.680137" lon="11.622879"><ele>542.5</ele></trkpt>
    <trkpt lat="46.679095" lon="11.622462"><ele>542.25</ele></trkpt>
    <trkpt lat="46.679017" lon="11.622446"><ele>542.0</ele></trkpt>
    <trkpt lat="46.677932" lon="11.622312"><ele>541.25</ele></trkpt>
    <trkpt lat="46.676137" lon="11.621763"><ele>539.5</ele></trkpt>
    <trkpt lat="46.673657" lon="11.620875"><ele>538.5</ele></trkpt>
    <trkpt lat="46.671901" lon="11.619932"><ele>538.5</ele></trkpt>
    <trkpt lat="46.671446" lon="11.619383"><ele>539.0</ele></trkpt>
    <trkpt lat="46.671209" lon="11.619242"><ele>538.25</ele></trkpt>
    <trkpt lat="46.670971" lon="11.61917"><ele>537.25</ele></trkpt>
    <trkpt lat="46.670891" lon="11.619102"><ele>537.25</ele></trkpt>
    <trkpt lat="46.670521" lon="11.618666"><ele>536.75</ele></trkpt>
    <trkpt lat="46.669834" lon="11.618274"><ele>536.5</ele></trkpt>
    <trkpt lat="46.669582" lon="11.617983"><ele>536.5</ele></trkpt>
    <trkpt lat="46.669441" lon="11.617821"><ele>536.5</ele></trkpt>
    <trkpt lat="46.669256" lon="11.617682"><ele>536.25</ele></trkpt>
    <trkpt lat="46.669182" lon="11.617611"><ele>536.75</ele></trkpt>
    <trkpt lat="46.669004" lon="11.617447"><ele>537.5</ele></trkpt>
    <trkpt lat="46.66844" lon="11.617117"><ele>537.0</ele></trkpt>
    <trkpt lat="46.667707" lon="11.616674"><ele>537.0</ele></trkpt>
    <trkpt lat="46.666549" lon="11.615737"><ele>535.75</ele></trkpt>
    <trkpt lat="46.66623" lon="11.615367"><ele>536.25</ele></trkpt>
    <trkpt lat="46.665817" lon="11.614819"><ele>536.0</ele></trkpt>
    <trkpt lat="46.665453" lon="11.614135"><ele>535.75</ele></trkpt>
    <trkpt lat="46.665338" lon="11.613837"><ele>536.0</ele></trkpt>
    <trkpt lat="46.665265" lon="11.613553"><ele>536.25</ele></trkpt>
    <trkpt lat="46.665208" lon="11.613264"><ele>537.0</ele></trkpt>
    <trkpt lat="46.665019" lon="11.612654"><ele>536.25</ele></trkpt>
    <trkpt lat="46.664935" lon="11.612382"><ele>535.75</ele></trkpt>
    <trkpt lat="46.664763" lon="11.612015"><ele>536.25</ele></trkpt>
    <trkpt lat="46.664696" lon="11.61183"><ele>536.0</ele></trkpt>
    <trkpt lat="46.664678" lon="11.611645"><ele>535.5</ele></trkpt>
    <trkpt lat="46.664672" lon="11.611278"><ele>535.25</ele></trkpt>
    <trkpt lat="46.664629" lon="11.610965"><ele>534.75</ele></trkpt>
    <trkpt lat="46.664518" lon="11.610529"><ele>535.5</ele></trkpt>
    <trkpt lat="46.664351" lon="11.610182"><ele>536.0</ele></trkpt>
    <trkpt lat="46.664217" lon="11.609946"><ele>536.0</ele></trkpt>
    <trkpt lat="46.663981" lon="11.609639"><ele>535.5</ele></trkpt>
    <trkpt lat="46.663654" lon="11.609241"><ele>537.0</ele></trkpt>
    <trkpt lat="46.663298" lon="11.608875"><ele>537.5</ele></trkpt>
    <trkpt lat="46.663016" lon="11.608642"><ele>536.25</ele></trkpt>
    <trkpt lat="46.662884" lon="11.608433"><ele>537.0</ele></trkpt>
    <trkpt lat="46.662825" lon="11.608377"><ele>537.0</ele></trkpt>
    <trkpt lat="46.662695" lon="11.608296"><ele>536.75</ele></trkpt>
    <trkpt lat="46.662648" lon="11.608276"><ele>536.75</ele></trkpt>
    <trkpt lat="46.662593" lon="11.608268"><ele>536.75</ele></trkpt>
    <trkpt lat="46.662505" lon="11.60828"><ele>536.25</ele></trkpt>
    <trkpt lat="46.662375" lon="11.608321"><ele>536.5</ele></trkpt>
    <trkpt lat="46.66228" lon="11.608364"><ele>536.25</ele></trkpt>
    <trkpt lat="46.662217" lon="11.608369"><ele>536.5</ele></trkpt>
    <trkpt lat="46.662008" lon="11.608347"><ele>537.5</ele></trkpt>
    <trkpt lat="46.66172" lon="11.6083"><ele>538.0</ele></trkpt>
    <trkpt lat="46.661526" lon="11.608234"><ele>537.75</ele></trkpt>
    <trkpt lat="46.661352" lon="11.608129"><ele>538.0</ele></trkpt>
    <trkpt lat="46.661263" lon="11.608091"><ele>538.25</ele></trkpt>
    <trkpt lat="46.660857" lon="11.60798"><ele>538.5</ele></trkpt>
    <trkpt lat="46.660717" lon="11.607954"><ele>538.0</ele></trkpt>
    <trkpt lat="46.660613" lon="11.607914"><ele>538.0</ele></trkpt>
    <trkpt lat="46.660553" lon="11.607902"><ele>537.75</ele></trkpt>
    <trkpt lat="46.660417" lon="11.607913"><ele>536.0</ele></trkpt>
    <trkpt lat="46.659882" lon="11.607826"><ele>538.25</ele></trkpt>
    <trkpt lat="46.659834" lon="11.607804"><ele>537.5</ele></trkpt>
    <trkpt lat="46.659791" lon="11.607769"><ele>537.0</ele></trkpt>
    <trkpt lat="46.659695" lon="11.607655"><ele>538.25</ele></trkpt>
    <trkpt lat="46.659311" lon="11.60726"><ele>539.0</ele></trkpt>
    <trkpt lat="46.65922" lon="11.607176"><ele>538.5</ele></trkpt>
    <trkpt lat="46.658854" lon="11.606916"><ele>537.25</ele></trkpt>
    <trkpt lat="46.658705" lon="11.606849"><ele>537.75</ele></trkpt>
    <trkpt lat="46.658602" lon="11.606746"><ele>541.75</ele></trkpt>
    <trkpt lat="46.658566" lon="11.60672"><ele>541.75</ele></trkpt>
    <trkpt lat="46.658475" lon="11.606696"><ele>540.0</ele></trkpt>
    <trkpt lat="46.658388" lon="11.606643"><ele>538.75</ele></trkpt>
    <trkpt lat="46.658314" lon="11.606611"><ele>538.25</ele></trkpt>
    <trkpt lat="46.658257" lon="11.606572"><ele>538.5</ele></trkpt>
    <trkpt lat="46.65821" lon="11.606518"><ele>538.75</ele></trkpt>
    <trkpt lat="46.658063" lon="11.60628"><ele>540.0</ele></trkpt>
    <trkpt lat="46.657972" lon="11.606151"><ele>542.25</ele></trkpt>
    <trkpt lat="46.657907" lon="11.606068"><ele>541.0</ele></trkpt>
    <trkpt lat="46.65779" lon="11.605945"><ele>535.75</ele></trkpt>
    <trkpt lat="46.657756" lon="11.605862"><ele>536.0</ele></trkpt>
    <trkpt lat="46.657663" lon="11.605519"><ele>537.0</ele></trkpt>
    <trkpt lat="46.657483" lon="11.605012"><ele>534.5</ele></trkpt>
    <trkpt lat="46.657103" lon="11.603652"><ele>532.5</ele></trkpt>
    <trkpt lat="46.657052" lon="11.603335"><ele>533.5</ele></trkpt>
    <trkpt lat="46.657026" lon="11.603041"><ele>535.0</ele></trkpt>
    <trkpt lat="46.657024" lon="11.60295"><ele>535.0</ele></trkpt>
    <trkpt lat="46.65704" lon="11.602609"><ele>536.5</ele></trkpt>
    <trkpt lat="46.657033" lon="11.602528"><ele>536.25</ele></trkpt>
    <trkpt lat="46.656989" lon="11.602389"><ele>536.5</ele></trkpt>
    <trkpt lat="46.656986" lon="11.602326"><ele>537.5</ele></trkpt>
    <trkpt lat="46.656996" lon="11.601838"><ele>535.0</ele></trkpt>
    <trkpt lat="46.657019" lon="11.601622"><ele>531.75</ele></trkpt>
    <trkpt lat="46.657033" lon="11.60139"><ele>532.5</ele></trkpt>
    <trkpt lat="46.657047" lon="11.600934"><ele>532.0</ele></trkpt>
    <trkpt lat="46.657123" lon="11.599592"><ele>532.75</ele></trkpt>
    <trkpt lat="46.657042" lon="11.598659"><ele>533.25</ele></trkpt>
    <trkpt lat="46.657015" lon="11.598531"><ele>533.0</ele></trkpt>
    <trkpt lat="46.65702" lon="11.598382"><ele>533.25</ele></trkpt>
    <trkpt lat="46.656997" lon="11.598052"><ele>533.0</ele></trkpt>
    <trkpt lat="46.656967" lon="11.59789"><ele>533.5</ele></trkpt>
    <trkpt lat="46.656931" lon="11.597753"><ele>534.0</ele></trkpt>
    <trkpt lat="46.656889" lon="11.597642"><ele>534.0</ele></trkpt>
    <trkpt lat="46.656814" lon="11.59748"><ele>533.75</ele></trkpt>
    <trkpt lat="46.656695" lon="11.5973"><ele>533.75</ele></trkpt>
    <trkpt lat="46.656542" lon="11.597122"><ele>533.25</ele></trkpt>
    <trkpt lat="46.656501" lon="11.597052"><ele>533.25</ele></trkpt>
    <trkpt lat="46.65641" lon="11.596773"><ele>533.75</ele></trkpt>
    <trkpt lat="46.656311" lon="11.596527"><ele>533.0</ele></trkpt>
    <trkpt lat="46.6563" lon="11.596461"><ele>533.0</ele></trkpt>
    <trkpt lat="46.656297" lon="11.596383"><ele>533.0</ele></trkpt>
    <trkpt lat="46.656314" lon="11.595933"><ele>533.5</ele></trkpt>
    <trkpt lat="46.656345" lon="11.595253"><ele>533.5</ele></trkpt>
    <trkpt lat="46.656336" lon="11.594991"><ele>533.25</ele></trkpt>
    <trkpt lat="46.656213" lon="11.593747"><ele>535.0</ele></trkpt>
    <trkpt lat="46.656187" lon="11.593545"><ele>534.75</ele></trkpt>
    <trkpt lat="46.656159" lon="11.593403"><ele>534.25</ele></trkpt>
    <trkpt lat="46.65597" lon="11.592783"><ele>535.25</ele></trkpt>
    <trkpt lat="46.655911" lon="11.592616"><ele>534.75</ele></trkpt>
    <trkpt lat="46.655834" lon="11.592465"><ele>534.25</ele></trkpt>
    <trkpt lat="46.655771" lon="11.592367"><ele>534.25</ele></trkpt>
    <trkpt lat="46.655629" lon="11.592213"><ele>534.0</ele></trkpt>
    <trkpt lat="46.65554" lon="11.592141"><ele>535.0</ele></trkpt>
    <trkpt lat="46.654817" lon="11.591629"><ele>534.75</ele></trkpt>
    <trkpt lat="46.65477" lon="11.591592"><ele>534.75</ele></trkpt>
    <trkpt lat="46.653237" lon="11.590527"><ele>533.0</ele></trkpt>
    <trkpt lat="46.652819" lon="11.590225"><ele>534.0</ele></trkpt>
    <trkpt lat="46.652701" lon="11.590077"><ele>532.75</ele></trkpt>
    <trkpt lat="46.651911" lon="11.588833"><ele>530.5</ele></trkpt>
    <trkpt lat="46.651661" lon="11.588409"><ele>530.75</ele></trkpt>
    <trkpt lat="46.651587" lon="11.588299"><ele>529.75</ele></trkpt>
    <trkpt lat="46.651357" lon="11.587987"><ele>529.25</ele></trkpt>
    <trkpt lat="46.651044" lon="11.587445"><ele>527.75</ele></trkpt>
    <trkpt lat="46.650724" lon="11.586975"><ele>527.0</ele></trkpt>
    <trkpt lat="46.650637" lon="11.586875"><ele>526.5</ele></trkpt>
    <trkpt lat="46.65057" lon="11.586816"><ele>526.5</ele></trkpt>
    <trkpt lat="46.650494" lon="11.586764"><ele>526.75</ele></trkpt>
    <trkpt lat="46.650309" lon="11.586677"><ele>524.5</ele></trkpt>
    <trkpt lat="46.650161" lon="11.586597"><ele>524.75</ele></trkpt>
    <trkpt lat="46.650128" lon="11.586569"><ele>525.0</ele></trkpt>
    <trkpt lat="46.650103" lon="11.586536"><ele>525.5</ele></trkpt>
    <trkpt lat="46.650042" lon="11.586426"><ele>527.0</ele></trkpt>
    <trkpt lat="46.649533" lon="11.585949"><ele>524.5</ele></trkpt>
    <trkpt lat="46.648999" lon="11.585339"><ele>524.5</ele></trkpt>
    <trkpt lat="46.64872" lon="11.585122"><ele>524.0</ele></trkpt>
    <trkpt lat="46.64849" lon="11.584923"><ele>523.5</ele></trkpt>
    <trkpt lat="46.648297" lon="11.584783"><ele>523.75</ele></trkpt>
    <trkpt lat="46.6477" lon="11.584387"><ele>524.0</ele></trkpt>
    <trkpt lat="46.647335" lon="11.584155"><ele>523.25</ele></trkpt>
    <trkpt lat="46.646997" lon="11.583947"><ele>524.0</ele></trkpt>
    <trkpt lat="46.646563" lon="11.583569"><ele>524.0</ele></trkpt>
    <trkpt lat="46.646399" lon="11.583458"><ele>525.75</ele></trkpt>
    <trkpt lat="46.646142" lon="11.583314"><ele>524.5</ele></trkpt>
    <trkpt lat="46.645999" lon="11.583219"><ele>522.5</ele></trkpt>
    <trkpt lat="46.645885" lon="11.583125"><ele>522.25</ele></trkpt>
    <trkpt lat="46.645765" lon="11.58297"><ele>522.0</ele></trkpt>
    <trkpt lat="46.645685" lon="11.582825"><ele>521.25</ele></trkpt>
    <trkpt lat="46.645605" lon="11.582641"><ele>521.5</ele></trkpt>
    <trkpt lat="46.645455" lon="11.582258"><ele>521.5</ele></trkpt>
    <trkpt lat="46.645307" lon="11.581912"><ele>522.0</ele></trkpt>
    <trkpt lat="46.645198" lon="11.581584"><ele>521.0</ele></trkpt>
    <trkpt lat="46.645032" lon="11.581005"><ele>521.25</ele></trkpt>
    <trkpt lat="46.64502" lon="11.580914"><ele>522.25</ele></trkpt>
    <trkpt lat="46.645019" lon="11.580836"><ele>523.0</ele></trkpt>
    <trkpt lat="46.645026" lon="11.580415"><ele>522.5</ele></trkpt>
    <trkpt lat="46.644968" lon="11.579985"><ele>522.25</ele></trkpt>
    <trkpt lat="46.644775" lon="11.578823"><ele>520.75</ele></trkpt>
    <trkpt lat="46.644704" lon="11.578511"><ele>521.25</ele></trkpt>
    <trkpt lat="46.644603" lon="11.578173"><ele>520.25</ele></trkpt>
    <trkpt lat="46.644555" lon="11.577938"><ele>519.5</ele></trkpt>
    <trkpt lat="46.644552" lon="11.577908"><ele>519.75</ele></trkpt>
    <trkpt lat="46.644559" lon="11.577891"><ele>519.75</ele></trkpt>
    <trkpt lat="46.644546" lon="11.577676"><ele>519.75</ele></trkpt>
    <trkpt lat="46.64456" lon="11.577148"><ele>519.5</ele></trkpt>
    <trkpt lat="46.644589" lon="11.576428"><ele>519.5</ele></trkpt>
    <trkpt lat="46.644646" lon="11.575572"><ele>519.75</ele></trkpt>
    <trkpt lat="46.644741" lon="11.575121"><ele>520.25</ele></trkpt>
    <trkpt lat="46.64486" lon="11.574664"><ele>519.75</ele></trkpt>
    <trkpt lat="46.644995" lon="11.57396"><ele>520.0</ele></trkpt>
    <trkpt lat="46.645024" lon="11.573664"><ele>520.25</ele></trkpt>
    <trkpt lat="46.645033" lon="11.572781"><ele>520.25</ele></trkpt>
    <trkpt lat="46.644986" lon="11.572351"><ele>520.5</ele></trkpt>
    <trkpt lat="46.644945" lon="11.572098"><ele>520.75</ele></trkpt>
    <trkpt lat="46.644874" lon="11.571838"><ele>520.75</ele></trkpt>
    <trkpt lat="46.644767" lon="11.571566"><ele>521.0</ele></trkpt>
    <trkpt lat="46.644667" lon="11.571439"><ele>521.25</ele></trkpt>
    <trkpt lat="46.644577" lon="11.57138"><ele>521.5</ele></trkpt>
    <trkpt lat="46.644425" lon="11.571298"><ele>521.5</ele></trkpt>
    <trkpt lat="46.64405" lon="11.571105"><ele>521.5</ele></trkpt>
    <trkpt lat="46.643766" lon="11.570896"><ele>521.75</ele></trkpt>
    <trkpt lat="46.643606" lon="11.570784"><ele>520.75</ele></trkpt>
    <trkpt lat="46.643031" lon="11.570281"><ele>519.5</ele></trkpt>
    <trkpt lat="46.642695" lon="11.569987"><ele>519.0</ele></trkpt>
    <trkpt lat="46.642094" lon="11.569433"><ele>519.0</ele></trkpt>
    <trkpt lat="46.641597" lon="11.568894"><ele>519.0</ele></trkpt>
    <trkpt lat="46.641487" lon="11.5687"><ele>518.75</ele></trkpt>
    <trkpt lat="46.641481" lon="11.568677"><ele>519.0</ele></trkpt>
    <trkpt lat="46.641506" lon="11.568624"><ele>519.25</ele></trkpt>
    <trkpt lat="46.641553" lon="11.568577"><ele>519.5</ele></trkpt>
    <trkpt lat="46.641464" lon="11.568508"><ele>519.5</ele></trkpt>
    <trkpt lat="46.641346" lon="11.568436"><ele>519.25</ele></trkpt>
    <trkpt lat="46.641226" lon="11.568363"><ele>519.0</ele></trkpt>
    <trkpt lat="46.64117" lon="11.568297"><ele>519.25</ele></trkpt>
    <trkpt lat="46.640613" lon="11.567631"><ele>518.75</ele></trkpt>
    <trkpt lat="46.640436" lon="11.567402"><ele>518.5</ele></trkpt>
    <trkpt lat="46.640089" lon="11.566986"><ele>518.75</ele></trkpt>
    <trkpt lat="46.640013" lon="11.566829"><ele>519.75</ele></trkpt>
    <trkpt lat="46.63996" lon="11.566721"><ele>520.25</ele></trkpt>
    <trkpt lat="46.639833" lon="11.5666"><ele>520.5</ele></trkpt>
    <trkpt lat="46.63995" lon="11.566302"><ele>524.5</ele></trkpt>
    <trkpt lat="46.639987" lon="11.566212"><ele>527.75</ele></trkpt>
    <trkpt lat="46.639922" lon="11.566132"><ele>527.0</ele></trkpt>
    <trkpt lat="46.639832" lon="11.566023"><ele>527.0</ele></trkpt>
    <trkpt lat="46.639591" lon="11.56571"><ele>526.25</ele></trkpt>
    <trkpt lat="46.639488" lon="11.565596"><ele>523.5</ele></trkpt>
    <trkpt lat="46.63938" lon="11.565483"><ele>522.0</ele></trkpt>
    <trkpt lat="46.639232" lon="11.56525"><ele>522.25</ele></trkpt>
    <trkpt lat="46.639168" lon="11.565232"><ele>522.0</ele></trkpt>
    <trkpt lat="46.639061" lon="11.565297"><ele>521.75</ele></trkpt>
    <trkpt lat="46.638944" lon="11.565621"><ele>520.25</ele></trkpt>
    <trkpt lat="46.638753" lon="11.566099"><ele>519.5</ele></trkpt>
    <trkpt lat="46.63871" lon="11.56613"><ele>518.5</ele></trkpt>
    <trkpt lat="46.63865" lon="11.566126"><ele>518.0</ele></trkpt>
    <trkpt lat="46.638305" lon="11.565793"><ele>520.0</ele></trkpt>
    <trkpt lat="46.637508" lon="11.564844"><ele>516.75</ele></trkpt>
    <trkpt lat="46.637449" lon="11.564824"><ele>516.25</ele></trkpt>
    <trkpt lat="46.637427" lon="11.5648"><ele>516.25</ele></trkpt>
    <trkpt lat="46.637405" lon="11.564732"><ele>516.5</ele></trkpt>
    <trkpt lat="46.63736" lon="11.564537"><ele>519.75</ele></trkpt>
    <trkpt lat="46.637356" lon="11.56451"><ele>520.5</ele></trkpt>
    <trkpt lat="46.63717" lon="11.564462"><ele>519.0</ele></trkpt>
    <trkpt lat="46.637133" lon="11.564436"><ele>518.5</ele></trkpt>
    <trkpt lat="46.63709" lon="11.564378"><ele>517.75</ele></trkpt>
    <trkpt lat="46.637033" lon="11.564286"><ele>517.25</ele></trkpt>
    <trkpt lat="46.636832" lon="11.563902"><ele>518.75</ele></trkpt>
    <trkpt lat="46.636708" lon="11.563627"><ele>516.5</ele></trkpt>
    <trkpt lat="46.636508" lon="11.563071"><ele>516.0</ele></trkpt>
    <trkpt lat="46.636401" lon="11.562676"><ele>517.25</ele></trkpt>
    <trkpt lat="46.636288" lon="11.562116"><ele>516.5</ele></trkpt>
    <trkpt lat="46.636241" lon="11.561828"><ele>515.25</ele></trkpt>
    <trkpt lat="46.636202" lon="11.561532"><ele>515.0</ele></trkpt>
    <trkpt lat="46.636165" lon="11.561136"><ele>514.5</ele></trkpt>
    <trkpt lat="46.636143" lon="11.5608"><ele>514.0</ele></trkpt>
    <trkpt lat="46.636114" lon="11.559928"><ele>515.0</ele></trkpt>
    <trkpt lat="46.636095" lon="11.559002"><ele>515.0</ele></trkpt>
    <trkpt lat="46.636078" lon="11.558702"><ele>516.25</ele></trkpt>
    <trkpt lat="46.636028" lon="11.558288"><ele>515.5</ele></trkpt>
    <trkpt lat="46.635999" lon="11.558113"><ele>514.5</ele></trkpt>
    <trkpt lat="46.635952" lon="11.557908"><ele>513.75</ele></trkpt>
    <trkpt lat="46.635908" lon="11.557767"><ele>513.5</ele></trkpt>
    <trkpt lat="46.635898" lon="11.557676"><ele>514.25</ele></trkpt>
    <trkpt lat="46.635903" lon="11.557621"><ele>515.0</ele></trkpt>
    <trkpt lat="46.635903" lon="11.557562"><ele>515.75</ele></trkpt>
    <trkpt lat="46.635892" lon="11.557503"><ele>516.25</ele></trkpt>
    <trkpt lat="46.635689" lon="11.556951"><ele>514.0</ele></trkpt>
    <trkpt lat="46.635162" lon="11.55546"><ele>514.0</ele></trkpt>
    <trkpt lat="46.635018" lon="11.55501"><ele>514.5</ele></trkpt>
    <trkpt lat="46.634972" lon="11.55491"><ele>515.0</ele></trkpt>
    <trkpt lat="46.634791" lon="11.554666"><ele>512.5</ele></trkpt>
    <trkpt lat="46.63429" lon="11.553894"><ele>512.75</ele></trkpt>
    <trkpt lat="46.634214" lon="11.553768"><ele>513.5</ele></trkpt>
    <trkpt lat="46.634165" lon="11.553704"><ele>513.25</ele></trkpt>
    <trkpt lat="46.634093" lon="11.553604"><ele>513.5</ele></trkpt>
    <trkpt lat="46.634012" lon="11.553523"><ele>513.25</ele></trkpt>
    <trkpt lat="46.633861" lon="11.553392"><ele>512.25</ele></trkpt>
    <trkpt lat="46.632816" lon="11.552583"><ele>511.0</ele></trkpt>
    <trkpt lat="46.632694" lon="11.552523"><ele>510.75</ele></trkpt>
    <trkpt lat="46.63213" lon="11.552249"><ele>512.0</ele></trkpt>
    <trkpt lat="46.631091" lon="11.551969"><ele>511.5</ele></trkpt>
    <trkpt lat="46.630758" lon="11.551852"><ele>510.25</ele></trkpt>
    <trkpt lat="46.630527" lon="11.551622"><ele>511.0</ele></trkpt>
    <trkpt lat="46.630287" lon="11.551262"><ele>511.0</ele></trkpt>
    <trkpt lat="46.63019" lon="11.55116"><ele>509.5</ele></trkpt>
    <trkpt lat="46.630086" lon="11.551013"><ele>508.75</ele></trkpt>
    <trkpt lat="46.629809" lon="11.550535"><ele>509.25</ele></trkpt>
    <trkpt lat="46.629725" lon="11.550439"><ele>513.5</ele></trkpt>
    <trkpt lat="46.629641" lon="11.550372"><ele>513.25</ele></trkpt>
    <trkpt lat="46.629451" lon="11.550262"><ele>506.75</ele></trkpt>
    <trkpt lat="46.629261" lon="11.550095"><ele>510.5</ele></trkpt>
    <trkpt lat="46.629084" lon="11.549833"><ele>511.75</ele></trkpt>
    <trkpt lat="46.628968" lon="11.549636"><ele>510.25</ele></trkpt>
    <trkpt lat="46.628862" lon="11.549491"><ele>508.25</ele></trkpt>
    <trkpt lat="46.628599" lon="11.549194"><ele>508.5</ele></trkpt>
    <trkpt lat="46.628477" lon="11.549113"><ele>509.25</ele></trkpt>
    <trkpt lat="46.628437" lon="11.549092"><ele>509.25</ele></trkpt>
    <trkpt lat="46.628405" lon="11.549088"><ele>508.5</ele></trkpt>
    <trkpt lat="46.628378" lon="11.549097"><ele>507.0</ele></trkpt>
    <trkpt lat="46.628342" lon="11.549122"><ele>504.0</ele></trkpt>
    <trkpt lat="46.628244" lon="11.549218"><ele>505.0</ele></trkpt>
    <trkpt lat="46.628052" lon="11.549353"><ele>505.75</ele></trkpt>
    <trkpt lat="46.627999" lon="11.549371"><ele>504.25</ele></trkpt>
    <trkpt lat="46.627946" lon="11.549365"><ele>504.25</ele></trkpt>
    <trkpt lat="46.627887" lon="11.549345"><ele>505.0</ele></trkpt>
    <trkpt lat="46.627839" lon="11.549314"><ele>506.5</ele></trkpt>
    <trkpt lat="46.627748" lon="11.549227"><ele>510.0</ele></trkpt>
    <trkpt lat="46.627711" lon="11.549199"><ele>510.75</ele></trkpt>
    <trkpt lat="46.62767" lon="11.549181"><ele>511.0</ele></trkpt>
    <trkpt lat="46.62724" lon="11.549099"><ele>508.0</ele></trkpt>
    <trkpt lat="46.626939" lon="11.549015"><ele>508.25</ele></trkpt>
    <trkpt lat="46.626793" lon="11.548963"><ele>509.0</ele></trkpt>
    <trkpt lat="46.62648" lon="11.548774"><ele>508.25</ele></trkpt>
    <trkpt lat="46.626324" lon="11.548641"><ele>508.75</ele></trkpt>
    <trkpt lat="46.625983" lon="11.548237"><ele>509.0</ele></trkpt>
    <trkpt lat="46.625887" lon="11.548166"><ele>508.75</ele></trkpt>
    <trkpt lat="46.625811" lon="11.548073"><ele>510.25</ele></trkpt>
    <trkpt lat="46.625695" lon="11.547894"><ele>508.0</ele></trkpt>
    <trkpt lat="46.625557" lon="11.54759"><ele>510.5</ele></trkpt>
    <trkpt lat="46.625387" lon="11.547338"><ele>507.0</ele></trkpt>
    <trkpt lat="46.625006" lon="11.54654"><ele>506.25</ele></trkpt>
    <trkpt lat="46.62475" lon="11.546038"><ele>506.5</ele></trkpt>
    <trkpt lat="46.624491" lon="11.54566"><ele>506.0</ele></trkpt>
    <trkpt lat="46.624145" lon="11.545203"><ele>505.0</ele></trkpt>
    <trkpt lat="46.623499" lon="11.544513"><ele>506.0</ele></trkpt>
    <trkpt lat="46.62318" lon="11.544233"><ele>506.25</ele></trkpt>
    <trkpt lat="46.622905" lon="11.544114"><ele>505.25</ele></trkpt>
    <trkpt lat="46.622291" lon="11.543999"><ele>506.0</ele></trkpt>
    <trkpt lat="46.622094" lon="11.54392"><ele>505.25</ele></trkpt>
    <trkpt lat="46.62185" lon="11.543692"><ele>504.75</ele></trkpt>
    <trkpt lat="46.621717" lon="11.543513"><ele>504.0</ele></trkpt>
    <trkpt lat="46.621613" lon="11.543298"><ele>505.0</ele></trkpt>
    <trkpt lat="46.621552" lon="11.543151"><ele>503.25</ele></trkpt>
    <trkpt lat="46.621155" lon="11.54221"><ele>502.25</ele></trkpt>
    <trkpt lat="46.620763" lon="11.540947"><ele>504.5</ele></trkpt>
    <trkpt lat="46.620689" lon="11.540776"><ele>503.25</ele></trkpt>
    <trkpt lat="46.620565" lon="11.540582"><ele>504.25</ele></trkpt>
    <trkpt lat="46.620445" lon="11.540419"><ele>503.25</ele></trkpt>
    <trkpt lat="46.620095" lon="11.54005"><ele>504.0</ele></trkpt>
    <trkpt lat="46.620022" lon="11.540002"><ele>504.25</ele></trkpt>
    <trkpt lat="46.619951" lon="11.539972"><ele>503.75</ele></trkpt>
    <trkpt lat="46.619381" lon="11.539842"><ele>501.25</ele></trkpt>
    <trkpt lat="46.619101" lon="11.539738"><ele>502.5</ele></trkpt>
    <trkpt lat="46.618984" lon="11.539704"><ele>503.25</ele></trkpt>
    <trkpt lat="46.618563" lon="11.539636"><ele>501.25</ele></trkpt>
    <trkpt lat="46.618503" lon="11.539614"><ele>500.25</ele></trkpt>
    <trkpt lat="46.61847" lon="11.539582"><ele>500.0</ele></trkpt>
    <trkpt lat="46.618425" lon="11.539476"><ele>501.5</ele></trkpt>
    <trkpt lat="46.618404" lon="11.5391"><ele>503.25</ele></trkpt>
    <trkpt lat="46.61838" lon="11.538979"><ele>504.5</ele></trkpt>
    <trkpt lat="46.618362" lon="11.538933"><ele>504.5</ele></trkpt>
    <trkpt lat="46.617759" lon="11.538305"><ele>503.75</ele></trkpt>
    <trkpt lat="46.617691" lon="11.538243"><ele>504.5</ele></trkpt>
    <trkpt lat="46.617592" lon="11.538182"><ele>504.0</ele></trkpt>
    <trkpt lat="46.617517" lon="11.538146"><ele>502.75</ele></trkpt>
    <trkpt lat="46.617412" lon="11.538109"><ele>502.25</ele></trkpt>
    <trkpt lat="46.616764" lon="11.537942"><ele>501.75</ele></trkpt>
    <trkpt lat="46.616687" lon="11.537931"><ele>502.0</ele></trkpt>
    <trkpt lat="46.616379" lon="11.538002"><ele>503.0</ele></trkpt>
    <trkpt lat="46.616215" lon="11.538054"><ele>503.75</ele></trkpt>
    <trkpt lat="46.61617" lon="11.538087"><ele>503.25</ele></trkpt>
    <trkpt lat="46.616083" lon="11.53818"><ele>501.5</ele></trkpt>
    <trkpt lat="46.615806" lon="11.538353"><ele>501.0</ele></trkpt>
    <trkpt lat="46.615652" lon="11.538462"><ele>498.25</ele></trkpt>
    <trkpt lat="46.615599" lon="11.538478"><ele>498.25</ele></trkpt>
    <trkpt lat="46.615475" lon="11.538487"><ele>499.25</ele></trkpt>
    <trkpt lat="46.61538" lon="11.538516"><ele>499.5</ele></trkpt>
    <trkpt lat="46.615197" lon="11.5386"><ele>500.25</ele></trkpt>
    <trkpt lat="46.615133" lon="11.538604"><ele>500.5</ele></trkpt>
    <trkpt lat="46.614647" lon="11.538508"><ele>499.5</ele></trkpt>
    <trkpt lat="46.614283" lon="11.538387"><ele>497.75</ele></trkpt>
    <trkpt lat="46.614257" lon="11.538351"><ele>498.75</ele></trkpt>
    <trkpt lat="46.614246" lon="11.538319"><ele>499.25</ele></trkpt>
    <trkpt lat="46.614245" lon="11.538272"><ele>498.75</ele></trkpt>
    <trkpt lat="46.614256" lon="11.538226"><ele>498.25</ele></trkpt>
    <trkpt lat="46.614361" lon="11.538004"><ele>499.5</ele></trkpt>
    <trkpt lat="46.614482" lon="11.537666"><ele>502.25</ele></trkpt>
    <trkpt lat="46.614498" lon="11.537595"><ele>502.5</ele></trkpt>
    <trkpt lat="46.614495" lon="11.537549"><ele>502.25</ele></trkpt>
    <trkpt lat="46.614482" lon="11.53751"><ele>501.75</ele></trkpt>
    <trkpt lat="46.614445" lon="11.537474"><ele>501.0</ele></trkpt>
    <trkpt lat="46.614341" lon="11.537384"><ele>500.75</ele></trkpt>
    <trkpt lat="46.614292" lon="11.537338"><ele>501.0</ele></trkpt>
    <trkpt lat="46.614223" lon="11.537243"><ele>502.25</ele></trkpt>
    <trkpt lat="46.614148" lon="11.537257"><ele>502.25</ele></trkpt>
    <trkpt lat="46.6141" lon="11.537208"><ele>502.25</ele></trkpt>
    <trkpt lat="46.613882" lon="11.537247"><ele>499.5</ele></trkpt>
    <trkpt lat="46.613788" lon="11.537249"><ele>497.75</ele></trkpt>
    <trkpt lat="46.613706" lon="11.537212"><ele>496.75</ele></trkpt>
    <trkpt lat="46.61365" lon="11.537152"><ele>497.0</ele></trkpt>
    <trkpt lat="46.613515" lon="11.536905"><ele>497.75</ele></trkpt>
    <trkpt lat="46.613495" lon="11.536844"><ele>497.25</ele></trkpt>
    <trkpt lat="46.61348" lon="11.536728"><ele>497.25</ele></trkpt>
    <trkpt lat="46.613467" lon="11.536688"><ele>497.0</ele></trkpt>
    <trkpt lat="46.613347" lon="11.536488"><ele>495.5</ele></trkpt>
    <trkpt lat="46.613081" lon="11.536265"><ele>491.5</ele></trkpt>
    <trkpt lat="46.61303" lon="11.536205"><ele>491.25</ele></trkpt>
    <trkpt lat="46.612908" lon="11.536021"><ele>491.0</ele></trkpt>
    <trkpt lat="46.612871" lon="11.53598"><ele>490.25</ele></trkpt>
    <trkpt lat="46.612824" lon="11.535948"><ele>488.5</ele></trkpt>
    <trkpt lat="46.612712" lon="11.535891"><ele>484.75</ele></trkpt>
    <trkpt lat="46.612672" lon="11.535846"><ele>483.75</ele></trkpt>
    <trkpt lat="46.612446" lon="11.535444"><ele>483.75</ele></trkpt>
    <trkpt lat="46.612021" lon="11.534811"><ele>481.0</ele></trkpt>
    <trkpt lat="46.611476" lon="11.534284"><ele>481.0</ele></trkpt>
    <trkpt lat="46.610837" lon="11.53394"><ele>479.5</ele></trkpt>
    <trkpt lat="46.610711" lon="11.5339"><ele>479.25</ele></trkpt>
    <trkpt lat="46.61061" lon="11.533879"><ele>478.75</ele></trkpt>
    <trkpt lat="46.61027" lon="11.533878"><ele>478.0</ele></trkpt>
    <trkpt lat="46.610147" lon="11.533862"><ele>478.0</ele></trkpt>
    <trkpt lat="46.609824" lon="11.533771"><ele>477.5</ele></trkpt>
    <trkpt lat="46.60953" lon="11.533726"><ele>476.75</ele></trkpt>
    <trkpt lat="46.60944" lon="11.533702"><ele>477.0</ele></trkpt>
    <trkpt lat="46.609032" lon="11.533549"><ele>477.75</ele></trkpt>
    <trkpt lat="46.608372" lon="11.533418"><ele>481.0</ele></trkpt>
    <trkpt lat="46.608237" lon="11.533415"><ele>481.25</ele></trkpt>
    <trkpt lat="46.60813" lon="11.533433"><ele>480.5</ele></trkpt>
    <trkpt lat="46.607528" lon="11.533567"><ele>481.5</ele></trkpt>
    <trkpt lat="46.606861" lon="11.533567"><ele>481.5</ele></trkpt>
    <trkpt lat="46.606763" lon="11.533538"><ele>482.0</ele></trkpt>
    <trkpt lat="46.606673" lon="11.533498"><ele>483.0</ele></trkpt>
    <trkpt lat="46.606649" lon="11.533485"><ele>483.5</ele></trkpt>
    <trkpt lat="46.60661" lon="11.533497"><ele>483.25</ele></trkpt>
    <trkpt lat="46.606425" lon="11.533618"><ele>481.25</ele></trkpt>
    <trkpt lat="46.606179" lon="11.533679"><ele>478.5</ele></trkpt>
    <trkpt lat="46.606043" lon="11.533704"><ele>478.0</ele></trkpt>
    <trkpt lat="46.605848" lon="11.533772"><ele>477.75</ele></trkpt>
    <trkpt lat="46.605651" lon="11.533813"><ele>478.25</ele></trkpt>
    <trkpt lat="46.60546" lon="11.533813"><ele>478.25</ele></trkpt>
    <trkpt lat="46.605211" lon="11.533797"><ele>477.25</ele></trkpt>
    <trkpt lat="46.604951" lon="11.533737"><ele>476.5</ele></trkpt>
    <trkpt lat="46.604799" lon="11.533681"><ele>476.25</ele></trkpt>
    <trkpt lat="46.604672" lon="11.53358"><ele>476.75</ele></trkpt>
    <trkpt lat="46.603969" lon="11.532928"><ele>475.25</ele></trkpt>
    <trkpt lat="46.603085" lon="11.532367"><ele>472.5</ele></trkpt>
    <trkpt lat="46.602498" lon="11.532243"><ele>471.25</ele></trkpt>
    <trkpt lat="46.602005" lon="11.532076"><ele>469.75</ele></trkpt>
    <trkpt lat="46.600728" lon="11.531521"><ele>468.25</ele></trkpt>
    <trkpt lat="46.60006" lon="11.531193"><ele>467.25</ele></trkpt>
    <trkpt lat="46.599668" lon="11.530931"><ele>466.5</ele></trkpt>
    <trkpt lat="46.599478" lon="11.530695"><ele>466.75</ele></trkpt>
    <trkpt lat="46.598973" lon="11.529991"><ele>465.75</ele></trkpt>
    <trkpt lat="46.598912" lon="11.529943"><ele>465.25</ele></trkpt>
    <trkpt lat="46.598868" lon="11.529923"><ele>464.75</ele></trkpt>
    <trkpt lat="46.598801" lon="11.529862"><ele>464.5</ele></trkpt>
    <trkpt lat="46.598604" lon="11.529605"><ele>464.5</ele></trkpt>
    <trkpt lat="46.598561" lon="11.529537"><ele>464.75</ele></trkpt>
    <trkpt lat="46.598529" lon="11.529428"><ele>465.5</ele></trkpt>
    <trkpt lat="46.598491" lon="11.529367"><ele>465.75</ele></trkpt>
    <trkpt lat="46.598469" lon="11.529354"><ele>465.5</ele></trkpt>
    <trkpt lat="46.598435" lon="11.529336"><ele>465.25</ele></trkpt>
    <trkpt lat="46.59836" lon="11.529271"><ele>465.25</ele></trkpt>
    <trkpt lat="46.598144" lon="11.529161"><ele>464.25</ele></trkpt>
    <trkpt lat="46.598133" lon="11.529142"><ele>464.25</ele></trkpt>
    <trkpt lat="46.598133" lon="11.529052"><ele>465.75</ele></trkpt>
    <trkpt lat="46.598131" lon="11.52903"><ele>466.0</ele></trkpt>
    <trkpt lat="46.598121" lon="11.529009"><ele>466.25</ele></trkpt>
    <trkpt lat="46.598103" lon="11.529001"><ele>466.0</ele></trkpt>
    <trkpt lat="46.597785" lon="11.528884"><ele>465.25</ele></trkpt>
    <trkpt lat="46.597545" lon="11.52884"><ele>465.5</ele></trkpt>
    <trkpt lat="46.597394" lon="11.528823"><ele>465.0</ele></trkpt>
    <trkpt lat="46.597076" lon="11.528806"><ele>464.25</ele></trkpt>
    <trkpt lat="46.596249" lon="11.528879"><ele>466.25</ele></trkpt>
    <trkpt lat="46.596127" lon="11.528904"><ele>467.25</ele></trkpt>
    <trkpt lat="46.595983" lon="11.528949"><ele>467.0</ele></trkpt>
    <trkpt lat="46.595778" lon="11.529028"><ele>466.5</ele></trkpt>
    <trkpt lat="46.595731" lon="11.529036"><ele>466.5</ele></trkpt>
    <trkpt lat="46.595569" lon="11.529007"><ele>467.25</ele></trkpt>
    <trkpt lat="46.595502" lon="11.528925"><ele>468.5</ele></trkpt>
    <trkpt lat="46.595475" lon="11.528903"><ele>468.5</ele></trkpt>
    <trkpt lat="46.59532" lon="11.528851"><ele>467.25</ele></trkpt>
    <trkpt lat="46.595112" lon="11.528725"><ele>468.0</ele></trkpt>
    <trkpt lat="46.594765" lon="11.528468"><ele>469.25</ele></trkpt>
    <trkpt lat="46.594483" lon="11.528202"><ele>470.25</ele></trkpt>
    <trkpt lat="46.593482" lon="11.527159"><ele>474.25</ele></trkpt>
    <trkpt lat="46.593249" lon="11.52685"><ele>477.5</ele></trkpt>
    <trkpt lat="46.592985" lon="11.526555"><ele>477.75</ele></trkpt>
    <trkpt lat="46.592876" lon="11.526462"><ele>478.0</ele></trkpt>
    <trkpt lat="46.592749" lon="11.526385"><ele>478.75</ele></trkpt>
    <trkpt lat="46.592125" lon="11.526274"><ele>479.75</ele></trkpt>
    <trkpt lat="46.591848" lon="11.52627"><ele>480.75</ele></trkpt>
    <trkpt lat="46.591658" lon="11.52636"><ele>480.5</ele></trkpt>
    <trkpt lat="46.591539" lon="11.526553"><ele>476.75</ele></trkpt>
    <trkpt lat="46.591483" lon="11.526613"><ele>477.75</ele></trkpt>
    <trkpt lat="46.591407" lon="11.526781"><ele>478.75</ele></trkpt>
    <trkpt lat="46.59134" lon="11.526893"><ele>478.5</ele></trkpt>
    <trkpt lat="46.591161" lon="11.526995"><ele>479.75</ele></trkpt>
    <trkpt lat="46.591051" lon="11.527071"><ele>478.5</ele></trkpt>
    <trkpt lat="46.590912" lon="11.527082"><ele>478.0</ele></trkpt>
    <trkpt lat="46.590696" lon="11.526922"><ele>477.75</ele></trkpt>
    <trkpt lat="46.590593" lon="11.526798"><ele>478.25</ele></trkpt>
    <trkpt lat="46.590482" lon="11.52662"><ele>480.0</ele></trkpt>
    <trkpt lat="46.590383" lon="11.526312"><ele>480.5</ele></trkpt>
    <trkpt lat="46.590587" lon="11.525971"><ele>480.25</ele></trkpt>
    <trkpt lat="46.590588" lon="11.525941"><ele>479.75</ele></trkpt>
    <trkpt lat="46.590572" lon="11.525915"><ele>479.25</ele></trkpt>
    <trkpt lat="46.590474" lon="11.525763"><ele>479.5</ele></trkpt>
    <trkpt lat="46.590444" lon="11.525716"><ele>480.5</ele></trkpt>
    <trkpt lat="46.590439" lon="11.525684"><ele>481.0</ele></trkpt>
    <trkpt lat="46.590467" lon="11.525596"><ele>482.25</ele></trkpt>
    <trkpt lat="46.590465" lon="11.525574"><ele>482.5</ele></trkpt>
    <trkpt lat="46.590067" lon="11.525133"><ele>483.0</ele></trkpt>
    <trkpt lat="46.589871" lon="11.524957"><ele>483.0</ele></trkpt>
    <trkpt lat="46.589687" lon="11.524828"><ele>482.25</ele></trkpt>
    <trkpt lat="46.58964" lon="11.524792"><ele>482.0</ele></trkpt>
    <trkpt lat="46.589616" lon="11.524751"><ele>482.0</ele></trkpt>
    <trkpt lat="46.589445" lon="11.52465"><ele>482.0</ele></trkpt>
    <trkpt lat="46.589416" lon="11.524629"><ele>481.75</ele></trkpt>
    <trkpt lat="46.589369" lon="11.524606"><ele>481.75</ele></trkpt>
    <trkpt lat="46.5889" lon="11.52434"><ele>481.0</ele></trkpt>
    <trkpt lat="46.588684" lon="11.524241"><ele>480.0</ele></trkpt>
    <trkpt lat="46.588355" lon="11.524155"><ele>479.0</ele></trkpt>
    <trkpt lat="46.58749" lon="11.524049"><ele>469.5</ele></trkpt>
    <trkpt lat="46.587157" lon="11.52396"><ele>469.25</ele></trkpt>
    <trkpt lat="46.586853" lon="11.523824"><ele>467.25</ele></trkpt>
    <trkpt lat="46.585806" lon="11.523167"><ele>459.0</ele></trkpt>
    <trkpt lat="46.585754" lon="11.52316"><ele>458.5</ele></trkpt>
    <trkpt lat="46.585739" lon="11.523182"><ele>457.25</ele></trkpt>
    <trkpt lat="46.585735" lon="11.523212"><ele>455.75</ele></trkpt>
    <trkpt lat="46.585745" lon="11.523247"><ele>454.5</ele></trkpt>
    <trkpt lat="46.585769" lon="11.523278"><ele>453.75</ele></trkpt>
    <trkpt lat="46.585896" lon="11.523337"><ele>455.5</ele></trkpt>
    <trkpt lat="46.586101" lon="11.523468"><ele>459.75</ele></trkpt>
    <trkpt lat="46.586597" lon="11.52386"><ele>457.75</ele></trkpt>
    <trkpt lat="46.586647" lon="11.523908"><ele>457.0</ele></trkpt>
    <trkpt lat="46.586677" lon="11.523951"><ele>456.5</ele></trkpt>
    <trkpt lat="46.586689" lon="11.523985"><ele>455.75</ele></trkpt>
    <trkpt lat="46.586693" lon="11.524023"><ele>454.75</ele></trkpt>
    <trkpt lat="46.586688" lon="11.52406"><ele>453.5</ele></trkpt>
    <trkpt lat="46.586661" lon="11.524139"><ele>450.5</ele></trkpt>
    <trkpt lat="46.586386" lon="11.5247"><ele>451.25</ele></trkpt>
    <trkpt lat="46.586363" lon="11.524751"><ele>453.0</ele></trkpt>
    <trkpt lat="46.586333" lon="11.524744"><ele>453.5</ele></trkpt>
    <trkpt lat="46.586151" lon="11.524519"><ele>451.5</ele></trkpt>
    <trkpt lat="46.586049" lon="11.52442"><ele>451.25</ele></trkpt>
    <trkpt lat="46.585934" lon="11.524325"><ele>450.75</ele></trkpt>
    <trkpt lat="46.585457" lon="11.523967"><ele>449.25</ele></trkpt>
    <trkpt lat="46.585231" lon="11.523823"><ele>449.5</ele></trkpt>
    <trkpt lat="46.585057" lon="11.523732"><ele>449.25</ele></trkpt>
    <trkpt lat="46.584945" lon="11.523686"><ele>449.75</ele></trkpt>
    <trkpt lat="46.584808" lon="11.523651"><ele>450.0</ele></trkpt>
    <trkpt lat="46.584457" lon="11.523597"><ele>449.5</ele></trkpt>
    <trkpt lat="46.584147" lon="11.523585"><ele>449.0</ele></trkpt>
    <trkpt lat="46.58334" lon="11.523676"><ele>446.75</ele></trkpt>
    <trkpt lat="46.582008" lon="11.523776"><ele>443.5</ele></trkpt>
    <trkpt lat="46.581484" lon="11.523792"><ele>445.0</ele></trkpt>
    <trkpt lat="46.581215" lon="11.523773"><ele>445.0</ele></trkpt>
    <trkpt lat="46.580985" lon="11.523716"><ele>444.75</ele></trkpt>
    <trkpt lat="46.580507" lon="11.523488"><ele>439.25</ele></trkpt>
    <trkpt lat="46.580058" lon="11.523256"><ele>439.5</ele></trkpt>
    <trkpt lat="46.579593" lon="11.523013"><ele>444.25</ele></trkpt>
    <trkpt lat="46.579556" lon="11.522993"><ele>444.25</ele></trkpt>
    <trkpt lat="46.578874" lon="11.522639"><ele>444.5</ele></trkpt>
    <trkpt lat="46.57872" lon="11.522576"><ele>442.75</ele></trkpt>
    <trkpt lat="46.578138" lon="11.522433"><ele>438.5</ele></trkpt>
    <trkpt lat="46.577882" lon="11.522378"><ele>438.5</ele></trkpt>
    <trkpt lat="46.577508" lon="11.522338"><ele>438.25</ele></trkpt>
    <trkpt lat="46.577283" lon="11.522333"><ele>438.0</ele></trkpt>
    <trkpt lat="46.577096" lon="11.522302"><ele>438.5</ele></trkpt>
    <trkpt lat="46.576938" lon="11.522301"><ele>438.0</ele></trkpt>
    <trkpt lat="46.576142" lon="11.522371"><ele>439.5</ele></trkpt>
    <trkpt lat="46.575757" lon="11.522429"><ele>436.5</ele></trkpt>
    <trkpt lat="46.575564" lon="11.522428"><ele>436.25</ele></trkpt>
    <trkpt lat="46.574781" lon="11.52228"><ele>436.75</ele></trkpt>
    <trkpt lat="46.573405" lon="11.521995"><ele>432.25</ele></trkpt>
    <trkpt lat="46.572093" lon="11.521689"><ele>430.5</ele></trkpt>
    <trkpt lat="46.570848" lon="11.521412"><ele>430.5</ele></trkpt>
    <trkpt lat="46.569977" lon="11.521183"><ele>429.0</ele></trkpt>
    <trkpt lat="46.569345" lon="11.520976"><ele>428.0</ele></trkpt>
    <trkpt lat="46.568968" lon="11.520813"><ele>428.75</ele></trkpt>
    <trkpt lat="46.568545" lon="11.520617"><ele>428.5</ele></trkpt>
    <trkpt lat="46.568073" lon="11.520338"><ele>427.0</ele></trkpt>
    <trkpt lat="46.567641" lon="11.52003"><ele>427.5</ele></trkpt>
    <trkpt lat="46.567306" lon="11.519755"><ele>426.75</ele></trkpt>
    <trkpt lat="46.567008" lon="11.519482"><ele>427.25</ele></trkpt>
    <trkpt lat="46.566622" lon="11.519027"><ele>425.75</ele></trkpt>
    <trkpt lat="46.56637" lon="11.518671"><ele>426.5</ele></trkpt>
    <trkpt lat="46.566183" lon="11.518375"><ele>426.0</ele></trkpt>
    <trkpt lat="46.566061" lon="11.518142"><ele>425.25</ele></trkpt>
    <trkpt lat="46.565804" lon="11.517601"><ele>426.0</ele></trkpt>
    <trkpt lat="46.565415" lon="11.516706"><ele>424.75</ele></trkpt>
    <trkpt lat="46.565217" lon="11.516288"><ele>425.25</ele></trkpt>
    <trkpt lat="46.565014" lon="11.515914"><ele>426.0</ele></trkpt>
    <trkpt lat="46.564807" lon="11.515596"><ele>426.25</ele></trkpt>
    <trkpt lat="46.564587" lon="11.51529"><ele>426.25</ele></trkpt>
    <trkpt lat="46.564554" lon="11.515255"><ele>426.5</ele></trkpt>
    <trkpt lat="46.564528" lon="11.515231"><ele>426.5</ele></trkpt>
    <trkpt lat="46.564037" lon="11.514815"><ele>424.75</ele></trkpt>
    <trkpt lat="46.562825" lon="11.513913"><ele>423.75</ele></trkpt>
    <trkpt lat="46.562208" lon="11.513443"><ele>423.0</ele></trkpt>
    <trkpt lat="46.561382" lon="11.512818"><ele>420.25</ele></trkpt>
    <trkpt lat="46.561174" lon="11.512681"><ele>418.75</ele></trkpt>
    <trkpt lat="46.560953" lon="11.512555"><ele>418.75</ele></trkpt>
    <trkpt lat="46.560696" lon="11.512429"><ele>419.25</ele></trkpt>
    <trkpt lat="46.559771" lon="11.51204"><ele>416.0</ele></trkpt>
    <trkpt lat="46.559309" lon="11.511882"><ele>417.0</ele></trkpt>
    <trkpt lat="46.559122" lon="11.511846"><ele>416.5</ele></trkpt>
    <trkpt lat="46.558955" lon="11.51183"><ele>416.25</ele></trkpt>
    <trkpt lat="46.558818" lon="11.511819"><ele>416.0</ele></trkpt>
    <trkpt lat="46.558649" lon="11.511819"><ele>415.5</ele></trkpt>
    <trkpt lat="46.557022" lon="11.511922"><ele>412.75</ele></trkpt>
    <trkpt lat="46.556793" lon="11.511948"><ele>411.75</ele></trkpt>
    <trkpt lat="46.55659" lon="11.511982"><ele>411.0</ele></trkpt>
    <trkpt lat="46.556407" lon="11.512025"><ele>410.5</ele></trkpt>
    <trkpt lat="46.556086" lon="11.512121"><ele>410.5</ele></trkpt>
    <trkpt lat="46.555825" lon="11.51225"><ele>410.25</ele></trkpt>
    <trkpt lat="46.554959" lon="11.512714"><ele>407.5</ele></trkpt>
    <trkpt lat="46.553485" lon="11.513637"><ele>404.5</ele></trkpt>
    <trkpt lat="46.553133" lon="11.513822"><ele>403.5</ele></trkpt>
    <trkpt lat="46.552937" lon="11.513911"><ele>404.25</ele></trkpt>
    <trkpt lat="46.552747" lon="11.513976"><ele>404.5</ele></trkpt>
    <trkpt lat="46.552557" lon="11.514023"><ele>405.0</ele></trkpt>
    <trkpt lat="46.552361" lon="11.514048"><ele>405.0</ele></trkpt>
    <trkpt lat="46.552206" lon="11.514053"><ele>404.75</ele></trkpt>
    <trkpt lat="46.552067" lon="11.514039"><ele>404.5</ele></trkpt>
    <trkpt lat="46.551633" lon="11.51395"><ele>404.25</ele></trkpt>
    <trkpt lat="46.551444" lon="11.513882"><ele>403.25</ele></trkpt>
    <trkpt lat="46.551359" lon="11.513818"><ele>402.5</ele></trkpt>
    <trkpt lat="46.551269" lon="11.513733"><ele>401.75</ele></trkpt>
    <trkpt lat="46.551132" lon="11.51356"><ele>403.25</ele></trkpt>
    <trkpt lat="46.550623" lon="11.513007"><ele>400.0</ele></trkpt>
    <trkpt lat="46.550392" lon="11.512741"><ele>398.5</ele></trkpt>
    <trkpt lat="46.549586" lon="11.511648"><ele>396.0</ele></trkpt>
    <trkpt lat="46.54932" lon="11.511307"><ele>396.25</ele></trkpt>
    <trkpt lat="46.549142" lon="11.511117"><ele>397.75</ele></trkpt>
    <trkpt lat="46.54894" lon="11.510925"><ele>396.5</ele></trkpt>
    <trkpt lat="46.548623" lon="11.510687"><ele>394.75</ele></trkpt>
    <trkpt lat="46.547518" lon="11.510015"><ele>394.5</ele></trkpt>
    <trkpt lat="46.5472" lon="11.509798"><ele>392.25</ele></trkpt>
    <trkpt lat="46.546999" lon="11.509567"><ele>393.25</ele></trkpt>
    <trkpt lat="46.546559" lon="11.509142"><ele>391.5</ele></trkpt>
    <trkpt lat="46.546249" lon="11.508804"><ele>391.25</ele></trkpt>
    <trkpt lat="46.545644" lon="11.508044"><ele>391.75</ele></trkpt>
    <trkpt lat="46.545366" lon="11.507687"><ele>392.0</ele></trkpt>
    <trkpt lat="46.545172" lon="11.507463"><ele>391.5</ele></trkpt>
    <trkpt lat="46.545024" lon="11.507309"><ele>391.25</ele></trkpt>
    <trkpt lat="46.544051" lon="11.506415"><ele>390.25</ele></trkpt>
    <trkpt lat="46.543798" lon="11.506138"><ele>389.5</ele></trkpt>
    <trkpt lat="46.54363" lon="11.505928"><ele>388.25</ele></trkpt>
    <trkpt lat="46.543" lon="11.505005"><ele>386.5</ele></trkpt>
    <trkpt lat="46.542733" lon="11.50466"><ele>385.75</ele></trkpt>
    <trkpt lat="46.542505" lon="11.504415"><ele>385.75</ele></trkpt>
    <trkpt lat="46.542305" lon="11.50422"><ele>385.0</ele></trkpt>
    <trkpt lat="46.541479" lon="11.503547"><ele>382.75</ele></trkpt>
    <trkpt lat="46.541243" lon="11.503326"><ele>381.0</ele></trkpt>
    <trkpt lat="46.541088" lon="11.503152"><ele>380.5</ele></trkpt>
    <trkpt lat="46.540612" lon="11.502494"><ele>381.5</ele></trkpt>
    <trkpt lat="46.540285" lon="11.502079"><ele>378.25</ele></trkpt>
    <trkpt lat="46.539725" lon="11.501387"><ele>378.0</ele></trkpt>
    <trkpt lat="46.539484" lon="11.501106"><ele>378.25</ele></trkpt>
    <trkpt lat="46.539172" lon="11.500785"><ele>377.25</ele></trkpt>
    <trkpt lat="46.538847" lon="11.500482"><ele>376.5</ele></trkpt>
    <trkpt lat="46.538557" lon="11.500229"><ele>376.25</ele></trkpt>
    <trkpt lat="46.538147" lon="11.499931"><ele>376.0</ele></trkpt>
    <trkpt lat="46.537958" lon="11.499767"><ele>375.5</ele></trkpt>
    <trkpt lat="46.537814" lon="11.499625"><ele>375.75</ele></trkpt>
    <trkpt lat="46.537725" lon="11.499504"><ele>374.75</ele></trkpt>
    <trkpt lat="46.537639" lon="11.499356"><ele>375.5</ele></trkpt>
    <trkpt lat="46.537555" lon="11.49929"><ele>375.25</ele></trkpt>
    <trkpt lat="46.537476" lon="11.499213"><ele>374.5</ele></trkpt>
    <trkpt lat="46.537312" lon="11.498971"><ele>373.75</ele></trkpt>
    <trkpt lat="46.537145" lon="11.498691"><ele>374.25</ele></trkpt>
    <trkpt lat="46.536773" lon="11.497969"><ele>373.5</ele></trkpt>
    <trkpt lat="46.53669" lon="11.497822"><ele>373.5</ele></trkpt>
    <trkpt lat="46.536639" lon="11.497765"><ele>373.0</ele></trkpt>
    <trkpt lat="46.536536" lon="11.49769"><ele>370.75</ele></trkpt>
    <trkpt lat="46.536496" lon="11.497626"><ele>370.75</ele></trkpt>
    <trkpt lat="46.536098" lon="11.496751"><ele>371.75</ele></trkpt>
    <trkpt lat="46.535328" lon="11.495166"><ele>369.75</ele></trkpt>
    <trkpt lat="46.535207" lon="11.494893"><ele>370.0</ele></trkpt>
    <trkpt lat="46.535171" lon="11.494791"><ele>369.5</ele></trkpt>
    <trkpt lat="46.535096" lon="11.494534"><ele>370.5</ele></trkpt>
    <trkpt lat="46.534926" lon="11.494141"><ele>371.0</ele></trkpt>
    <trkpt lat="46.534758" lon="11.493782"><ele>372.5</ele></trkpt>
    <trkpt lat="46.53472" lon="11.493707"><ele>372.5</ele></trkpt>
    <trkpt lat="46.534673" lon="11.493622"><ele>372.0</ele></trkpt>
    <trkpt lat="46.53455" lon="11.493438"><ele>372.5</ele></trkpt>
    <trkpt lat="46.53423" lon="11.492945"><ele>369.75</ele></trkpt>
    <trkpt lat="46.534079" lon="11.492722"><ele>369.25</ele></trkpt>
    <trkpt lat="46.533364" lon="11.491655"><ele>372.25</ele></trkpt>
    <trkpt lat="46.533321" lon="11.4916"><ele>372.0</ele></trkpt>
    <trkpt lat="46.53276" lon="11.490749"><ele>370.25</ele></trkpt>
    <trkpt lat="46.532665" lon="11.490622"><ele>365.75</ele></trkpt>
    <trkpt lat="46.532632" lon="11.490572"><ele>364.0</ele></trkpt>
    <trkpt lat="46.532233" lon="11.489974"><ele>362.25</ele></trkpt>
    <trkpt lat="46.532146" lon="11.489853"><ele>362.5</ele></trkpt>
    <trkpt lat="46.531914" lon="11.489582"><ele>363.5</ele></trkpt>
    <trkpt lat="46.531755" lon="11.489439"><ele>364.0</ele></trkpt>
    <trkpt lat="46.531645" lon="11.489353"><ele>364.5</ele></trkpt>
    <trkpt lat="46.531486" lon="11.489249"><ele>365.0</ele></trkpt>
    <trkpt lat="46.531015" lon="11.488966"><ele>366.75</ele></trkpt>
    <trkpt lat="46.530887" lon="11.488919"><ele>366.75</ele></trkpt>
    <trkpt lat="46.530618" lon="11.488857"><ele>366.0</ele></trkpt>
    <trkpt lat="46.529542" lon="11.488819"><ele>363.75</ele></trkpt>
    <trkpt lat="46.529381" lon="11.488835"><ele>364.25</ele></trkpt>
    <trkpt lat="46.529145" lon="11.488884"><ele>364.0</ele></trkpt>
    <trkpt lat="46.528777" lon="11.489021"><ele>363.5</ele></trkpt>
    <trkpt lat="46.528245" lon="11.489235"><ele>363.0</ele></trkpt>
    <trkpt lat="46.527502" lon="11.489555"><ele>362.0</ele></trkpt>
    <trkpt lat="46.526992" lon="11.489786"><ele>359.25</ele></trkpt>
    <trkpt lat="46.526521" lon="11.489996"><ele>356.75</ele></trkpt>
    <trkpt lat="46.526377" lon="11.49004"><ele>356.25</ele></trkpt>
    <trkpt lat="46.52615" lon="11.490069"><ele>356.25</ele></trkpt>
    <trkpt lat="46.525928" lon="11.490082"><ele>355.0</ele></trkpt>
    <trkpt lat="46.525711" lon="11.490064"><ele>355.25</ele></trkpt>
    <trkpt lat="46.525461" lon="11.490008"><ele>356.75</ele></trkpt>
    <trkpt lat="46.525269" lon="11.489942"><ele>355.5</ele></trkpt>
    <trkpt lat="46.524734" lon="11.489636"><ele>355.0</ele></trkpt>
    <trkpt lat="46.524554" lon="11.489478"><ele>353.75</ele></trkpt>
    <trkpt lat="46.524493" lon="11.489425"><ele>353.75</ele></trkpt>
    <trkpt lat="46.523492" lon="11.488548"><ele>352.5</ele></trkpt>
    <trkpt lat="46.523191" lon="11.488301"><ele>351.25</ele></trkpt>
    <trkpt lat="46.522839" lon="11.487981"><ele>351.0</ele></trkpt>
    <trkpt lat="46.522626" lon="11.487733"><ele>351.5</ele></trkpt>
    <trkpt lat="46.522455" lon="11.487488"><ele>353.25</ele></trkpt>
    <trkpt lat="46.52205" lon="11.486783"><ele>352.75</ele></trkpt>
    <trkpt lat="46.521235" lon="11.484852"><ele>351.5</ele></trkpt>
    <trkpt lat="46.520913" lon="11.484213"><ele>351.25</ele></trkpt>
    <trkpt lat="46.52077" lon="11.483978"><ele>351.25</ele></trkpt>
    <trkpt lat="46.520671" lon="11.48384"><ele>349.25</ele></trkpt>
    <trkpt lat="46.520558" lon="11.483718"><ele>348.5</ele></trkpt>
    <trkpt lat="46.520389" lon="11.48357"><ele>349.5</ele></trkpt>
    <trkpt lat="46.519403" lon="11.482871"><ele>349.75</ele></trkpt>
    <trkpt lat="46.51928" lon="11.482738"><ele>349.75</ele></trkpt>
    <trkpt lat="46.518985" lon="11.482379"><ele>350.0</ele></trkpt>
    <trkpt lat="46.518395" lon="11.481592"><ele>350.0</ele></trkpt>
    <trkpt lat="46.518154" lon="11.481219"><ele>348.5</ele></trkpt>
    <trkpt lat="46.517876" lon="11.480853"><ele>344.5</ele></trkpt>
    <trkpt lat="46.517629" lon="11.480572"><ele>344.0</ele></trkpt>
    <trkpt lat="46.517377" lon="11.48033"><ele>343.75</ele></trkpt>
    <trkpt lat="46.517025" lon="11.480035"><ele>343.0</ele></trkpt>
    <trkpt lat="46.51587" lon="11.479221"><ele>340.0</ele></trkpt>
    <trkpt lat="46.515566" lon="11.479034"><ele>339.5</ele></trkpt>
    <trkpt lat="46.515384" lon="11.478938"><ele>339.5</ele></trkpt>
    <trkpt lat="46.515108" lon="11.478839"><ele>340.5</ele></trkpt>
    <trkpt lat="46.514871" lon="11.478782"><ele>340.25</ele></trkpt>
    <trkpt lat="46.513761" lon="11.478705"><ele>340.25</ele></trkpt>
    <trkpt lat="46.513517" lon="11.478666"><ele>340.5</ele></trkpt>
    <trkpt lat="46.51325" lon="11.478586"><ele>339.5</ele></trkpt>
    <trkpt lat="46.513072" lon="11.478522"><ele>338.5</ele></trkpt>
    <trkpt lat="46.512919" lon="11.47845"><ele>338.0</ele></trkpt>
    <trkpt lat="46.512661" lon="11.478271"><ele>337.25</ele></trkpt>
    <trkpt lat="46.512541" lon="11.478165"><ele>336.75</ele></trkpt>
    <trkpt lat="46.51242" lon="11.478043"><ele>337.75</ele></trkpt>
    <trkpt lat="46.512383" lon="11.477998"><ele>337.75</ele></trkpt>
    <trkpt lat="46.512184" lon="11.477762"><ele>337.75</ele></trkpt>
    <trkpt lat="46.511996" lon="11.477467"><ele>337.0</ele></trkpt>
    <trkpt lat="46.511872" lon="11.47723"><ele>336.5</ele></trkpt>
    <trkpt lat="46.511715" lon="11.476876"><ele>337.0</ele></trkpt>
    <trkpt lat="46.511633" lon="11.476641"><ele>337.75</ele></trkpt>
    <trkpt lat="46.511572" lon="11.476412"><ele>336.25</ele></trkpt>
    <trkpt lat="46.511525" lon="11.476161"><ele>336.75</ele></trkpt>
    <trkpt lat="46.51148" lon="11.475874"><ele>337.0</ele></trkpt>
    <trkpt lat="46.511456" lon="11.475573"><ele>336.75</ele></trkpt>
    <trkpt lat="46.511443" lon="11.475226"><ele>337.0</ele></trkpt>
    <trkpt lat="46.511443" lon="11.47486"><ele>337.0</ele></trkpt>
    <trkpt lat="46.511456" lon="11.474595"><ele>336.75</ele></trkpt>
    <trkpt lat="46.511657" lon="11.47203"><ele>333.75</ele></trkpt>
    <trkpt lat="46.51165" lon="11.471598"><ele>334.0</ele></trkpt>
    <trkpt lat="46.511629" lon="11.471287"><ele>333.0</ele></trkpt>
    <trkpt lat="46.511588" lon="11.471114"><ele>332.0</ele></trkpt>
    <trkpt lat="46.511507" lon="11.470938"><ele>332.75</ele></trkpt>
    <trkpt lat="46.511429" lon="11.470797"><ele>333.5</ele></trkpt>
    <trkpt lat="46.511343" lon="11.470667"><ele>332.5</ele></trkpt>
    <trkpt lat="46.511226" lon="11.470551"><ele>333.25</ele></trkpt>
    <trkpt lat="46.510913" lon="11.470271"><ele>332.25</ele></trkpt>
    <trkpt lat="46.510633" lon="11.470055"><ele>331.5</ele></trkpt>
    <trkpt lat="46.510196" lon="11.469642"><ele>332.5</ele></trkpt>
    <trkpt lat="46.509289" lon="11.468764"><ele>329.75</ele></trkpt>
    <trkpt lat="46.509056" lon="11.468529"><ele>329.0</ele></trkpt>
    <trkpt lat="46.50856" lon="11.467988"><ele>327.5</ele></trkpt>
    <trkpt lat="46.508059" lon="11.467419"><ele>327.0</ele></trkpt>
    <trkpt lat="46.507913" lon="11.467242"><ele>326.25</ele></trkpt>
    <trkpt lat="46.507767" lon="11.467033"><ele>326.5</ele></trkpt>
    <trkpt lat="46.507636" lon="11.466817"><ele>326.5</ele></trkpt>
    <trkpt lat="46.50752" lon="11.466598"><ele>326.5</ele></trkpt>
    <trkpt lat="46.507372" lon="11.466286"><ele>326.5</ele></trkpt>
    <trkpt lat="46.507049" lon="11.465496"><ele>325.75</ele></trkpt>
    <trkpt lat="46.506922" lon="11.465217"><ele>325.75</ele></trkpt>
    <trkpt lat="46.506184" lon="11.463444"><ele>328.0</ele></trkpt>
    <trkpt lat="46.505646" lon="11.462157"><ele>325.25</ele></trkpt>
    <trkpt lat="46.505458" lon="11.461769"><ele>326.0</ele></trkpt>
    <trkpt lat="46.505208" lon="11.461361"><ele>323.5</ele></trkpt>
    <trkpt lat="46.505069" lon="11.46117"><ele>323.5</ele></trkpt>
    <trkpt lat="46.504976" lon="11.461058"><ele>323.25</ele></trkpt>
    <trkpt lat="46.50486" lon="11.460946"><ele>322.75</ele></trkpt>
    <trkpt lat="46.504719" lon="11.46082"><ele>322.75</ele></trkpt>
    <trkpt lat="46.50456" lon="11.460697"><ele>323.25</ele></trkpt>
    <trkpt lat="46.50421" lon="11.460446"><ele>323.0</ele></trkpt>
    <trkpt lat="46.503513" lon="11.460007"><ele>323.25</ele></trkpt>
    <trkpt lat="46.502821" lon="11.459583"><ele>321.75</ele></trkpt>
    <trkpt lat="46.502682" lon="11.459489"><ele>321.75</ele></trkpt>
    <trkpt lat="46.502629" lon="11.459456"><ele>321.5</ele></trkpt>
    <trkpt lat="46.502418" lon="11.459314"><ele>322.25</ele></trkpt>
    <trkpt lat="46.502216" lon="11.459166"><ele>321.0</ele></trkpt>
    <trkpt lat="46.50203" lon="11.459003"><ele>322.75</ele></trkpt>
    <trkpt lat="46.50187" lon="11.458849"><ele>323.0</ele></trkpt>
    <trkpt lat="46.501715" lon="11.458652"><ele>321.5</ele></trkpt>
    <trkpt lat="46.501571" lon="11.45845"><ele>321.75</ele></trkpt>
    <trkpt lat="46.501427" lon="11.458218"><ele>320.5</ele></trkpt>
    <trkpt lat="46.501292" lon="11.457964"><ele>320.25</ele></trkpt>
    <trkpt lat="46.501181" lon="11.457693"><ele>319.5</ele></trkpt>
    <trkpt lat="46.501099" lon="11.457446"><ele>320.0</ele></trkpt>
    <trkpt lat="46.501029" lon="11.4572"><ele>320.25</ele></trkpt>
    <trkpt lat="46.500952" lon="11.456813"><ele>320.0</ele></trkpt>
    <trkpt lat="46.500905" lon="11.45647"><ele>320.0</ele></trkpt>
    <trkpt lat="46.500858" lon="11.45589"><ele>319.75</ele></trkpt>
    <trkpt lat="46.500794" lon="11.454812"><ele>323.5</ele></trkpt>
    <trkpt lat="46.500775" lon="11.454576"><ele>321.75</ele></trkpt>
    <trkpt lat="46.500746" lon="11.454333"><ele>319.75</ele></trkpt>
    <trkpt lat="46.500682" lon="11.453918"><ele>317.75</ele></trkpt>
    <trkpt lat="46.500628" lon="11.453688"><ele>318.0</ele></trkpt>
    <trkpt lat="46.500559" lon="11.453479"><ele>318.0</ele></trkpt>
    <trkpt lat="46.500494" lon="11.453296"><ele>316.5</ele></trkpt>
    <trkpt lat="46.500392" lon="11.453051"><ele>316.5</ele></trkpt>
    <trkpt lat="46.500281" lon="11.45282"><ele>317.0</ele></trkpt>
    <trkpt lat="46.500157" lon="11.452601"><ele>316.0</ele></trkpt>
    <trkpt lat="46.500067" lon="11.452454"><ele>316.5</ele></trkpt>
    <trkpt lat="46.49995" lon="11.45229"><ele>315.75</ele></trkpt>
    <trkpt lat="46.499775" lon="11.452079"><ele>314.75</ele></trkpt>
    <trkpt lat="46.499661" lon="11.451959"><ele>314.75</ele></trkpt>
    <trkpt lat="46.499525" lon="11.451831"><ele>314.25</ele></trkpt>
    <trkpt lat="46.499316" lon="11.451677"><ele>315.25</ele></trkpt>
    <trkpt lat="46.499191" lon="11.451603"><ele>316.0</ele></trkpt>
    <trkpt lat="46.499133" lon="11.451564"><ele>315.25</ele></trkpt>
    <trkpt lat="46.498943" lon="11.451421"><ele>315.0</ele></trkpt>
    <trkpt lat="46.498797" lon="11.451328"><ele>314.75</ele></trkpt>
    <trkpt lat="46.498298" lon="11.451038"><ele>315.25</ele></trkpt>
    <trkpt lat="46.49811" lon="11.450903"><ele>315.0</ele></trkpt>
    <trkpt lat="46.497799" lon="11.450613"><ele>314.75</ele></trkpt>
    <trkpt lat="46.497707" lon="11.450518"><ele>314.5</ele></trkpt>
    <trkpt lat="46.497568" lon="11.450355"><ele>314.5</ele></trkpt>
    <trkpt lat="46.497315" lon="11.450005"><ele>313.5</ele></trkpt>
    <trkpt lat="46.497171" lon="11.449792"><ele>314.75</ele></trkpt>
    <trkpt lat="46.497055" lon="11.449618"><ele>315.5</ele></trkpt>
    <trkpt lat="46.496944" lon="11.449428"><ele>315.75</ele></trkpt>
    <trkpt lat="46.496722" lon="11.448982"><ele>318.25</ele></trkpt>
    <trkpt lat="46.49668" lon="11.448923"><ele>319.0</ele></trkpt>
    <trkpt lat="46.496493" lon="11.448773"><ele>321.0</ele></trkpt>
    <trkpt lat="46.496389" lon="11.44872"><ele>322.5</ele></trkpt>
    <trkpt lat="46.496267" lon="11.448687"><ele>322.25</ele></trkpt>
    <trkpt lat="46.496256" lon="11.448656"><ele>321.75</ele></trkpt>
    <trkpt lat="46.496258" lon="11.448614"><ele>321.0</ele></trkpt>
    <trkpt lat="46.496269" lon="11.448568"><ele>320.0</ele></trkpt>
    <trkpt lat="46.496293" lon="11.448534"><ele>319.25</ele></trkpt>
    <trkpt lat="46.496306" lon="11.44845"><ele>317.5</ele></trkpt>
    <trkpt lat="46.496261" lon="11.448169"><ele>316.5</ele></trkpt>
    <trkpt lat="46.496054" lon="11.447466"><ele>319.25</ele></trkpt>
    <trkpt lat="46.495998" lon="11.447251"><ele>320.5</ele></trkpt>
    <trkpt lat="46.495859" lon="11.44658"><ele>318.75</ele></trkpt>
    <trkpt lat="46.495835" lon="11.446547"><ele>318.5</ele></trkpt>
    <trkpt lat="46.495797" lon="11.446538"><ele>318.5</ele></trkpt>
    <trkpt lat="46.495695" lon="11.446565"><ele>318.75</ele></trkpt>
    <trkpt lat="46.495627" lon="11.446516"><ele>318.75</ele></trkpt>
    <trkpt lat="46.49583" lon="11.446413"><ele>317.25</ele></trkpt>
    <trkpt lat="46.495789" lon="11.445786"><ele>316.0</ele></trkpt>
    <trkpt lat="46.495789" lon="11.445754"><ele>316.0</ele></trkpt>
    <trkpt lat="46.495808" lon="11.445692"><ele>316.0</ele></trkpt>
    <trkpt lat="46.495806" lon="11.445665"><ele>316.0</ele></trkpt>
    <trkpt lat="46.495739" lon="11.445338"><ele>315.0</ele></trkpt>
    <trkpt lat="46.49574" lon="11.445287"><ele>314.75</ele></trkpt>
    <trkpt lat="46.495559" lon="11.444339"><ele>314.75</ele></trkpt>
    <trkpt lat="46.495554" lon="11.444204"><ele>314.75</ele></trkpt>
    <trkpt lat="46.495561" lon="11.44413"><ele>314.5</ele></trkpt>
    <trkpt lat="46.495594" lon="11.443999"><ele>313.25</ele></trkpt>
    <trkpt lat="46.495601" lon="11.443952"><ele>313.0</ele></trkpt>
    <trkpt lat="46.495601" lon="11.443892"><ele>312.5</ele></trkpt>
    <trkpt lat="46.495548" lon="11.44335"><ele>314.75</ele></trkpt>
    <trkpt lat="46.495531" lon="11.443233"><ele>315.0</ele></trkpt>
    <trkpt lat="46.495509" lon="11.443133"><ele>315.5</ele></trkpt>
    <trkpt lat="46.495425" lon="11.442851"><ele>316.25</ele></trkpt>
    <trkpt lat="46.495149" lon="11.442301"><ele>316.25</ele></trkpt>
    <trkpt lat="46.494937" lon="11.441951"><ele>313.0</ele></trkpt>
    <trkpt lat="46.494775" lon="11.441734"><ele>311.75</ele></trkpt>
    <trkpt lat="46.494389" lon="11.441307"><ele>310.75</ele></trkpt>
    <trkpt lat="46.4931" lon="11.44006"><ele>309.5</ele></trkpt>
    <trkpt lat="46.492952" lon="11.439925"><ele>309.5</ele></trkpt>
    <trkpt lat="46.492577" lon="11.439602"><ele>309.75</ele></trkpt>
    <trkpt lat="46.492176" lon="11.439243"><ele>309.75</ele></trkpt>
    <trkpt lat="46.492064" lon="11.439123"><ele>311.0</ele></trkpt>
    <trkpt lat="46.491944" lon="11.438963"><ele>311.0</ele></trkpt>
    <trkpt lat="46.491804" lon="11.438697"><ele>312.5</ele></trkpt>
    <trkpt lat="46.491779" lon="11.438585"><ele>313.25</ele></trkpt>
    <trkpt lat="46.491757" lon="11.438405"><ele>314.0</ele></trkpt>
    <trkpt lat="46.491716" lon="11.438043"><ele>314.25</ele></trkpt>
    <trkpt lat="46.491712" lon="11.437896"><ele>314.25</ele></trkpt>
    <trkpt lat="46.491722" lon="11.437664"><ele>313.75</ele></trkpt>
    <trkpt lat="46.491737" lon="11.437459"><ele>314.0</ele></trkpt>
    <trkpt lat="46.491761" lon="11.437303"><ele>315.25</ele></trkpt>
    <trkpt lat="46.491822" lon="11.437037"><ele>313.75</ele></trkpt>
    <trkpt lat="46.491892" lon="11.436805"><ele>312.0</ele></trkpt>
    <trkpt lat="46.491959" lon="11.43667"><ele>310.25</ele></trkpt>
    <trkpt lat="46.491983" lon="11.43659"><ele>309.75</ele></trkpt>
    <trkpt lat="46.492042" lon="11.43601"><ele>309.25</ele></trkpt>
    <trkpt lat="46.492064" lon="11.435833"><ele>309.0</ele></trkpt>
    <trkpt lat="46.492092" lon="11.435709"><ele>309.5</ele></trkpt>
    <trkpt lat="46.492121" lon="11.43564"><ele>309.25</ele></trkpt>
    <trkpt lat="46.492169" lon="11.435561"><ele>308.0</ele></trkpt>
    <trkpt lat="46.492186" lon="11.435506"><ele>308.0</ele></trkpt>
    <trkpt lat="46.492273" lon="11.434695"><ele>308.0</ele></trkpt>
    <trkpt lat="46.4922" lon="11.433518"><ele>308.25</ele></trkpt>
    <trkpt lat="46.491913" lon="11.432314"><ele>308.75</ele></trkpt>
    <trkpt lat="46.491534" lon="11.43119"><ele>309.0</ele></trkpt>
    <trkpt lat="46.491221" lon="11.430583"><ele>309.0</ele></trkpt>
    <trkpt lat="46.491124" lon="11.43047"><ele>309.25</ele></trkpt>
    <trkpt lat="46.490825" lon="11.430118"><ele>309.25</ele></trkpt>
    <trkpt lat="46.490448" lon="11.42956"><ele>304.75</ele></trkpt>
    <trkpt lat="46.490247" lon="11.429258"><ele>302.0</ele></trkpt>
    <trkpt lat="46.490154" lon="11.4291"><ele>302.0</ele></trkpt>
    <trkpt lat="46.489882" lon="11.428583"><ele>301.5</ele></trkpt>
    <trkpt lat="46.489659" lon="11.428111"><ele>301.5</ele></trkpt>
    <trkpt lat="46.489463" lon="11.427665"><ele>300.75</ele></trkpt>
    <trkpt lat="46.489141" lon="11.426813"><ele>301.75</ele></trkpt>
    <trkpt lat="46.489016" lon="11.426424"><ele>302.5</ele></trkpt>
    <trkpt lat="46.488781" lon="11.425592"><ele>303.75</ele></trkpt>
    <trkpt lat="46.488685" lon="11.425137"><ele>301.5</ele></trkpt>
    <trkpt lat="46.488584" lon="11.424528"><ele>301.75</ele></trkpt>
    <trkpt lat="46.488532" lon="11.424099"><ele>301.0</ele></trkpt>
    <trkpt lat="46.488507" lon="11.42364"><ele>300.75</ele></trkpt>
    <trkpt lat="46.488521" lon="11.423042"><ele>301.0</ele></trkpt>
    <trkpt lat="46.48855" lon="11.422606"><ele>300.5</ele></trkpt>
    <trkpt lat="46.488631" lon="11.422062"><ele>299.75</ele></trkpt>
    <trkpt lat="46.488727" lon="11.42152"><ele>299.5</ele></trkpt>
    <trkpt lat="46.48881" lon="11.421176"><ele>301.0</ele></trkpt>
    <trkpt lat="46.488931" lon="11.420716"><ele>300.75</ele></trkpt>
    <trkpt lat="46.488993" lon="11.420562"><ele>299.75</ele></trkpt>
    <trkpt lat="46.489042" lon="11.42048"><ele>299.5</ele></trkpt>
    <trkpt lat="46.489103" lon="11.420395"><ele>299.0</ele></trkpt>
    <trkpt lat="46.489137" lon="11.420322"><ele>299.0</ele></trkpt>
    <trkpt lat="46.48924" lon="11.420045"><ele>298.75</ele></trkpt>
    <trkpt lat="46.489269" lon="11.41995"><ele>298.5</ele></trkpt>
    <trkpt lat="46.489296" lon="11.419781"><ele>299.0</ele></trkpt>
    <trkpt lat="46.489322" lon="11.41966"><ele>300.0</ele></trkpt>
    <trkpt lat="46.489565" lon="11.41913"><ele>300.0</ele></trkpt>
    <trkpt lat="46.48968" lon="11.418921"><ele>299.25</ele></trkpt>
    <trkpt lat="46.489909" lon="11.418462"><ele>298.5</ele></trkpt>
    <trkpt lat="46.49008" lon="11.418149"><ele>298.0</ele></trkpt>
    <trkpt lat="46.490714" lon="11.417046"><ele>296.5</ele></trkpt>
    <trkpt lat="46.490842" lon="11.416824"><ele>297.25</ele></trkpt>
    <trkpt lat="46.490881" lon="11.416753"><ele>297.5</ele></trkpt>
    <trkpt lat="46.491416" lon="11.415786"><ele>296.0</ele></trkpt>
    <trkpt lat="46.491677" lon="11.415263"><ele>295.75</ele></trkpt>
    <trkpt lat="46.492517" lon="11.413527"><ele>295.25</ele></trkpt>
    <trkpt lat="46.492622" lon="11.413288"><ele>296.75</ele></trkpt>
    <trkpt lat="46.492704" lon="11.413083"><ele>296.0</ele></trkpt>
    <trkpt lat="46.492797" lon="11.412799"><ele>293.25</ele></trkpt>
    <trkpt lat="46.492876" lon="11.412488"><ele>294.25</ele></trkpt>
    <trkpt lat="46.492961" lon="11.412051"><ele>294.75</ele></trkpt>
    <trkpt lat="46.493035" lon="11.411546"><ele>292.0</ele></trkpt>
    <trkpt lat="46.493333" lon="11.409266"><ele>291.0</ele></trkpt>
    <trkpt lat="46.493396" lon="11.408712"><ele>290.0</ele></trkpt>
    <trkpt lat="46.493417" lon="11.408444"><ele>289.25</ele></trkpt>
    <trkpt lat="46.49345" lon="11.407982"><ele>288.75</ele></trkpt>
    <trkpt lat="46.493476" lon="11.407385"><ele>289.0</ele></trkpt>
    <trkpt lat="46.49348" lon="11.406909"><ele>288.5</ele></trkpt>
    <trkpt lat="46.493457" lon="11.406341"><ele>288.25</ele></trkpt>
    <trkpt lat="46.493404" lon="11.405803"><ele>287.5</ele></trkpt>
    <trkpt lat="46.49325" lon="11.404732"><ele>296.0</ele></trkpt>
    <trkpt lat="46.493116" lon="11.403864"><ele>287.5</ele></trkpt>
    <trkpt lat="46.492986" lon="11.403033"><ele>285.75</ele></trkpt>
    <trkpt lat="46.492995" lon="11.402983"><ele>285.75</ele></trkpt>
    <trkpt lat="46.493081" lon="11.402758"><ele>285.25</ele></trkpt>
    <trkpt lat="46.493097" lon="11.402683"><ele>285.25</ele></trkpt>
    <trkpt lat="46.4931" lon="11.402629"><ele>285.25</ele></trkpt>
    <trkpt lat="46.493092" lon="11.402558"><ele>285.25</ele></trkpt>
    <trkpt lat="46.492967" lon="11.402006"><ele>284.5</ele></trkpt>
    <trkpt lat="46.492828" lon="11.401202"><ele>285.0</ele></trkpt>
    <trkpt lat="46.492799" lon="11.400941"><ele>285.0</ele></trkpt>
    <trkpt lat="46.492725" lon="11.400109"><ele>281.75</ele></trkpt>
    <trkpt lat="46.492695" lon="11.399881"><ele>282.25</ele></trkpt>
    <trkpt lat="46.492662" lon="11.399727"><ele>283.0</ele></trkpt>
    <trkpt lat="46.492603" lon="11.399523"><ele>283.25</ele></trkpt>
    <trkpt lat="46.492558" lon="11.399274"><ele>283.75</ele></trkpt>
    <trkpt lat="46.492544" lon="11.399072"><ele>284.75</ele></trkpt>
    <trkpt lat="46.492549" lon="11.398956"><ele>285.25</ele></trkpt>
    <trkpt lat="46.492587" lon="11.398671"><ele>285.25</ele></trkpt>
    <trkpt lat="46.492587" lon="11.398536"><ele>285.0</ele></trkpt>
    <trkpt lat="46.492572" lon="11.398339"><ele>284.25</ele></trkpt>
    <trkpt lat="46.492577" lon="11.398197"><ele>283.75</ele></trkpt>
    <trkpt lat="46.492665" lon="11.397727"><ele>283.0</ele></trkpt>
    <trkpt lat="46.492873" lon="11.397163"><ele>284.0</ele></trkpt>
    <trkpt lat="46.49298" lon="11.396916"><ele>281.75</ele></trkpt>
    <trkpt lat="46.49301" lon="11.396724"><ele>282.0</ele></trkpt>
    <trkpt lat="46.493402" lon="11.396082"><ele>283.0</ele></trkpt>
    <trkpt lat="46.493744" lon="11.395507"><ele>283.5</ele></trkpt>
    <trkpt lat="46.494019" lon="11.395069"><ele>285.25</ele></trkpt>
    <trkpt lat="46.494404" lon="11.39449"><ele>283.75</ele></trkpt>
    <trkpt lat="46.494499" lon="11.394368"><ele>283.75</ele></trkpt>
    <trkpt lat="46.494517" lon="11.394352"><ele>283.75</ele></trkpt>
    <trkpt lat="46.494551" lon="11.394346"><ele>283.75</ele></trkpt>
    <trkpt lat="46.494565" lon="11.394338"><ele>283.5</ele></trkpt>
    <trkpt lat="46.494628" lon="11.394299"><ele>283.5</ele></trkpt>
    <trkpt lat="46.494652" lon="11.394268"><ele>283.5</ele></trkpt>
    <trkpt lat="46.494663" lon="11.394256"><ele>283.5</ele></trkpt>
    <trkpt lat="46.494663" lon="11.394231"><ele>283.75</ele></trkpt>
    <trkpt lat="46.494646" lon="11.39415"><ele>284.0</ele></trkpt>
    <trkpt lat="46.494661" lon="11.394036"><ele>284.0</ele></trkpt>
    <trkpt lat="46.494684" lon="11.393936"><ele>284.0</ele></trkpt>
    <trkpt lat="46.494789" lon="11.393565"><ele>283.75</ele></trkpt>
    <trkpt lat="46.494827" lon="11.393384"><ele>283.5</ele></trkpt>
    <trkpt lat="46.494934" lon="11.392734"><ele>283.0</ele></trkpt>
    <trkpt lat="46.495016" lon="11.39216"><ele>282.75</ele></trkpt>
    <trkpt lat="46.495098" lon="11.391826"><ele>281.5</ele></trkpt>
    <trkpt lat="46.495136" lon="11.391565"><ele>280.75</ele></trkpt>
    <trkpt lat="46.495132" lon="11.391469"><ele>281.0</ele></trkpt>
    <trkpt lat="46.495142" lon="11.391428"><ele>280.75</ele></trkpt>
    <trkpt lat="46.495154" lon="11.39142"><ele>280.5</ele></trkpt>
    <trkpt lat="46.495126" lon="11.391391"><ele>281.25</ele></trkpt>
    <trkpt lat="46.495088" lon="11.391379"><ele>282.0</ele></trkpt>
    <trkpt lat="46.495191" lon="11.390681"><ele>280.75</ele></trkpt>
    <trkpt lat="46.495221" lon="11.39041"><ele>281.0</ele></trkpt>
    <trkpt lat="46.495243" lon="11.390084"><ele>281.25</ele></trkpt>
    <trkpt lat="46.495272" lon="11.389354"><ele>280.5</ele></trkpt>
    <trkpt lat="46.495289" lon="11.388691"><ele>284.75</ele></trkpt>
    <trkpt lat="46.495296" lon="11.388398"><ele>286.25</ele></trkpt>
    <trkpt lat="46.495326" lon="11.387429"><ele>288.25</ele></trkpt>
    <trkpt lat="46.495345" lon="11.387059"><ele>288.0</ele></trkpt>
    <trkpt lat="46.49538" lon="11.386811"><ele>287.0</ele></trkpt>
    <trkpt lat="46.495999" lon="11.384213"><ele>295.25</ele></trkpt>
    <trkpt lat="46.496015" lon="11.38415"><ele>295.25</ele></trkpt>
    <trkpt lat="46.496051" lon="11.384025"><ele>295.75</ele></trkpt>
    <trkpt lat="46.496286" lon="11.383232"><ele>297.0</ele></trkpt>
    <trkpt lat="46.496466" lon="11.382398"><ele>297.5</ele></trkpt>
    <trkpt lat="46.496544" lon="11.382147"><ele>297.75</ele></trkpt>
    <trkpt lat="46.496838" lon="11.381448"><ele>302.25</ele></trkpt>
    <trkpt lat="46.496912" lon="11.381159"><ele>302.75</ele></trkpt>
    <trkpt lat="46.49698" lon="11.380795"><ele>303.25</ele></trkpt>
    <trkpt lat="46.497051" lon="11.380239"><ele>304.0</ele></trkpt>
    <trkpt lat="46.497057" lon="11.380202"><ele>303.75</ele></trkpt>
    <trkpt lat="46.497097" lon="11.37997"><ele>303.25</ele></trkpt>
    <trkpt lat="46.497124" lon="11.379796"><ele>301.25</ele></trkpt>
    <trkpt lat="46.497135" lon="11.379684"><ele>301.75</ele></trkpt>
    <trkpt lat="46.497154" lon="11.379558"><ele>302.5</ele></trkpt>
    <trkpt lat="46.497186" lon="11.379345"><ele>303.75</ele></trkpt>
    <trkpt lat="46.497195" lon="11.379286"><ele>303.75</ele></trkpt>
    <trkpt lat="46.497247" lon="11.379052"><ele>304.25</ele></trkpt>
    <trkpt lat="46.497432" lon="11.378451"><ele>302.25</ele></trkpt>
    <trkpt lat="46.497492" lon="11.378284"><ele>302.5</ele></trkpt>
    <trkpt lat="46.497552" lon="11.37816"><ele>302.0</ele></trkpt>
    <trkpt lat="46.497653" lon="11.378013"><ele>301.75</ele></trkpt>
    <trkpt lat="46.498047" lon="11.377503"><ele>300.75</ele></trkpt>
    <trkpt lat="46.498111" lon="11.377394"><ele>300.5</ele></trkpt>
    <trkpt lat="46.498148" lon="11.377297"><ele>300.5</ele></trkpt>
    <trkpt lat="46.498178" lon="11.377163"><ele>300.25</ele></trkpt>
    <trkpt lat="46.498221" lon="11.376795"><ele>298.0</ele></trkpt>
    <trkpt lat="46.498256" lon="11.376613"><ele>297.25</ele></trkpt>
    <trkpt lat="46.49829" lon="11.376509"><ele>297.0</ele></trkpt>
    <trkpt lat="46.49834" lon="11.37639"><ele>297.0</ele></trkpt>
    <trkpt lat="46.49845" lon="11.376181"><ele>296.25</ele></trkpt>
    <trkpt lat="46.498504" lon="11.376072"><ele>296.0</ele></trkpt>
    <trkpt lat="46.498573" lon="11.37589"><ele>295.75</ele></trkpt>
    <trkpt lat="46.498588" lon="11.375832"><ele>295.75</ele></trkpt>
    <trkpt lat="46.498742" lon="11.375147"><ele>295.5</ele></trkpt>
    <trkpt lat="46.498758" lon="11.374993"><ele>296.0</ele></trkpt>
    <trkpt lat="46.49875" lon="11.3748"><ele>295.5</ele></trkpt>
    <trkpt lat="46.498731" lon="11.374652"><ele>295.0</ele></trkpt>
    <trkpt lat="46.498649" lon="11.374308"><ele>292.25</ele></trkpt>
    <trkpt lat="46.498574" lon="11.373945"><ele>290.25</ele></trkpt>
    <trkpt lat="46.498568" lon="11.373885"><ele>290.0</ele></trkpt>
    <trkpt lat="46.498564" lon="11.373847"><ele>289.75</ele></trkpt>
    <trkpt lat="46.498556" lon="11.373662"><ele>288.0</ele></trkpt>
    <trkpt lat="46.498572" lon="11.372969"><ele>287.25</ele></trkpt>
    <trkpt lat="46.498574" lon="11.372896"><ele>287.0</ele></trkpt>
    <trkpt lat="46.498577" lon="11.372816"><ele>287.0</ele></trkpt>
    <trkpt lat="46.498592" lon="11.372471"><ele>285.0</ele></trkpt>
    <trkpt lat="46.498599" lon="11.372295"><ele>284.5</ele></trkpt>
    <trkpt lat="46.498618" lon="11.372107"><ele>283.75</ele></trkpt>
    <trkpt lat="46.498656" lon="11.371896"><ele>283.75</ele></trkpt>
    <trkpt lat="46.498777" lon="11.371503"><ele>283.25</ele></trkpt>
    <trkpt lat="46.498919" lon="11.371054"><ele>280.0</ele></trkpt>
    <trkpt lat="46.498974" lon="11.370752"><ele>278.25</ele></trkpt>
    <trkpt lat="46.499046" lon="11.370102"><ele>275.5</ele></trkpt>
    <trkpt lat="46.49908" lon="11.369832"><ele>274.0</ele></trkpt>
    <trkpt lat="46.499113" lon="11.369636"><ele>273.25</ele></trkpt>
    <trkpt lat="46.499161" lon="11.36948"><ele>273.0</ele></trkpt>
    <trkpt lat="46.499279" lon="11.369229"><ele>272.5</ele></trkpt>
    <trkpt lat="46.499552" lon="11.368808"><ele>273.75</ele></trkpt>
    <trkpt lat="46.499694" lon="11.368591"><ele>272.75</ele></trkpt>
    <trkpt lat="46.499924" lon="11.368218"><ele>272.75</ele></trkpt>
    <trkpt lat="46.500004" lon="11.368072"><ele>271.25</ele></trkpt>
    <trkpt lat="46.500125" lon="11.367853"><ele>272.5</ele></trkpt>
    <trkpt lat="46.500454" lon="11.367158"><ele>273.0</ele></trkpt>
    <trkpt lat="46.500599" lon="11.366851"><ele>272.25</ele></trkpt>
    <trkpt lat="46.500653" lon="11.366747"><ele>272.75</ele></trkpt>
    <trkpt lat="46.500678" lon="11.3667"><ele>272.75</ele></trkpt>
    <trkpt lat="46.500734" lon="11.36656"><ele>272.75</ele></trkpt>
    <trkpt lat="46.500894" lon="11.366161"><ele>272.25</ele></trkpt>
    <trkpt lat="46.50096" lon="11.365905"><ele>273.0</ele></trkpt>
    <trkpt lat="46.50099" lon="11.365681"><ele>272.25</ele></trkpt>
    <trkpt lat="46.500996" lon="11.365632"><ele>272.25</ele></trkpt>
    <trkpt lat="46.500999" lon="11.365609"><ele>272.25</ele></trkpt>
    <trkpt lat="46.501052" lon="11.365123"><ele>269.25</ele></trkpt>
    <trkpt lat="46.501067" lon="11.365026"><ele>269.25</ele></trkpt>
    <trkpt lat="46.50107" lon="11.365005"><ele>269.25</ele></trkpt>
    <trkpt lat="46.50109" lon="11.364857"><ele>268.5</ele></trkpt>
    <trkpt lat="46.501101" lon="11.364709"><ele>267.75</ele></trkpt>
    <trkpt lat="46.501105" lon="11.364569"><ele>267.25</ele></trkpt>
    <trkpt lat="46.501098" lon="11.364434"><ele>266.75</ele></trkpt>
    <trkpt lat="46.501088" lon="11.364365"><ele>266.75</ele></trkpt>
    <trkpt lat="46.501068" lon="11.364307"><ele>266.5</ele></trkpt>
    <trkpt lat="46.501034" lon="11.364248"><ele>266.25</ele></trkpt>
    <trkpt lat="46.501005" lon="11.364214"><ele>266.0</ele></trkpt>
    <trkpt lat="46.500772" lon="11.363955"><ele>265.0</ele></trkpt>
    <trkpt lat="46.500675" lon="11.363896"><ele>265.0</ele></trkpt>
    <trkpt lat="46.50067" lon="11.363769"><ele>264.5</ele></trkpt>
    <trkpt lat="46.50066" lon="11.363669"><ele>264.5</ele></trkpt>
    <trkpt lat="46.500653" lon="11.363478"><ele>264.25</ele></trkpt>
    <trkpt lat="46.500679" lon="11.363257"><ele>264.25</ele></trkpt>
    <trkpt lat="46.50068" lon="11.363102"><ele>264.25</ele></trkpt>
    <trkpt lat="46.500681" lon="11.363024"><ele>264.25</ele></trkpt>
    <trkpt lat="46.500683" lon="11.362915"><ele>263.75</ele></trkpt>
    <trkpt lat="46.500633" lon="11.362312"><ele>264.25</ele></trkpt>
    <trkpt lat="46.50061" lon="11.362241"><ele>264.25</ele></trkpt>
    <trkpt lat="46.5004" lon="11.361601"><ele>264.75</ele></trkpt>
    <trkpt lat="46.500302" lon="11.361303"><ele>264.25</ele></trkpt>
    <trkpt lat="46.50029" lon="11.36125"><ele>264.5</ele></trkpt>
    <trkpt lat="46.500259" lon="11.36112"><ele>264.75</ele></trkpt>
    <trkpt lat="46.500256" lon="11.361072"><ele>264.75</ele></trkpt>
    <trkpt lat="46.500297" lon="11.361043"><ele>265.0</ele></trkpt>
    <trkpt lat="46.500313" lon="11.361003"><ele>265.0</ele></trkpt>
    <trkpt lat="46.500312" lon="11.360951"><ele>265.0</ele></trkpt>
    <trkpt lat="46.500295" lon="11.360912"><ele>265.0</ele></trkpt>
    <trkpt lat="46.500262" lon="11.360887"><ele>264.75</ele></trkpt>
    <trkpt lat="46.500233" lon="11.36089"><ele>264.75</ele></trkpt>
    <trkpt lat="46.500204" lon="11.360803"><ele>264.5</ele></trkpt>
    <trkpt lat="46.500144" lon="11.360619"><ele>264.5</ele></trkpt>
    <trkpt lat="46.500093" lon="11.360461"><ele>264.25</ele></trkpt>
    <trkpt lat="46.499875" lon="11.359694"><ele>265.0</ele></trkpt>
    <trkpt lat="46.499763" lon="11.359316"><ele>264.75</ele></trkpt>
    <trkpt lat="46.499767" lon="11.359087"><ele>265.25</ele></trkpt>
    <trkpt lat="46.499778" lon="11.358315"><ele>266.25</ele></trkpt>
    <trkpt lat="46.499776" lon="11.358191"><ele>266.75</ele></trkpt>
    <trkpt lat="46.499771" lon="11.35801"><ele>267.0</ele></trkpt>
    <trkpt lat="46.499741" lon="11.357622"><ele>267.0</ele></trkpt>
    <trkpt lat="46.499726" lon="11.357483"><ele>267.0</ele></trkpt>
    <trkpt lat="46.499693" lon="11.357183"><ele>267.0</ele></trkpt>
    <trkpt lat="46.499677" lon="11.356947"><ele>267.75</ele></trkpt>
    <trkpt lat="46.499674" lon="11.356877"><ele>267.75</ele></trkpt>
    <trkpt lat="46.499431" lon="11.356894"><ele>267.0</ele></trkpt>
    <trkpt lat="46.499158" lon="11.356905"><ele>266.25</ele></trkpt>
    <trkpt lat="46.49887" lon="11.356904"><ele>265.25</ele></trkpt>
    <trkpt lat="46.498655" lon="11.356917"><ele>264.25</ele></trkpt>
    <trkpt lat="46.498513" lon="11.356907"><ele>264.0</ele></trkpt>
    <trkpt lat="46.498506" lon="11.35683"><ele>264.25</ele></trkpt>
    <trkpt lat="46.498476" lon="11.356717"><ele>264.25</ele></trkpt>
    <trkpt lat="46.498443" lon="11.356646"><ele>264.25</ele></trkpt>
    <trkpt lat="46.498317" lon="11.356466"><ele>263.5</ele></trkpt>
    <trkpt lat="46.498258" lon="11.356381"><ele>263.75</ele></trkpt>
    <trkpt lat="46.498166" lon="11.356248"><ele>263.75</ele></trkpt>
    <trkpt lat="46.49813" lon="11.356176"><ele>264.0</ele></trkpt>
    <trkpt lat="46.498107" lon="11.356045"><ele>264.0</ele></trkpt>
    <trkpt lat="46.498104" lon="11.355987"><ele>264.25</ele></trkpt>
    <trkpt lat="46.498099" lon="11.355889"><ele>264.25</ele></trkpt>
    <trkpt lat="46.498096" lon="11.355649"><ele>264.75</ele></trkpt>
    <trkpt lat="46.498099" lon="11.355191"><ele>266.0</ele></trkpt>
    <trkpt lat="46.4981" lon="11.35499"><ele>266.0</ele></trkpt>
    <trkpt lat="46.498087" lon="11.354602"><ele>266.0</ele></trkpt>
    <trkpt lat="46.497905" lon="11.354378"><ele>265.5</ele></trkpt>
    <trkpt lat="46.497901" lon="11.354495"><ele>265.25</ele></trkpt>
    <trkpt lat="46.497881" lon="11.354575"><ele>265.25</ele></trkpt>
    <trkpt lat="46.49784" lon="11.354681"><ele>265.0</ele></trkpt>
    <trkpt lat="46.497745" lon="11.354867"><ele>265.0</ele></trkpt>
    <trkpt lat="46.497675" lon="11.354958"><ele>265.0</ele></trkpt>
    <trkpt lat="46.4975" lon="11.354973"><ele>265.0</ele></trkpt>
    <trkpt lat="46.496977" lon="11.35502"><ele>263.0</ele></trkpt>
    <trkpt lat="46.496867" lon="11.35503"><ele>263.25</ele></trkpt>
    <trkpt lat="46.496774" lon="11.355038"><ele>263.5</ele></trkpt>
    <trkpt lat="46.496703" lon="11.355044"><ele>263.75</ele></trkpt>
    <trkpt lat="46.496533" lon="11.355062"><ele>263.5</ele></trkpt>
    <trkpt lat="46.496159" lon="11.355098"><ele>261.5</ele></trkpt>
    <trkpt lat="46.496128" lon="11.355101"><ele>261.5</ele></trkpt>
    <trkpt lat="46.495838" lon="11.355133"><ele>261.75</ele></trkpt>
    <trkpt lat="46.495668" lon="11.355153"><ele>262.0</ele></trkpt>
    <trkpt lat="46.495207" lon="11.355212"><ele>262.5</ele></trkpt>
    <trkpt lat="46.495147" lon="11.355221"><ele>263.0</ele></trkpt>
    <trkpt lat="46.495133" lon="11.355161"><ele>262.75</ele></trkpt>
    <trkpt lat="46.495117" lon="11.355138"><ele>262.75</ele></trkpt>
    <trkpt lat="46.495074" lon="11.35512"><ele>263.25</ele></trkpt>
    <trkpt lat="46.49506" lon="11.354979"><ele>263.0</ele></trkpt>
    <trkpt lat="46.49506" lon="11.354794"><ele>262.5</ele></trkpt>
    <trkpt lat="46.495087" lon="11.35449"><ele>262.0</ele></trkpt>
    <trkpt lat="46.495115" lon="11.35425"><ele>262.5</ele></trkpt>
    <trkpt lat="46.495142" lon="11.354164"><ele>263.0</ele></trkpt>
    <trkpt lat="46.495161" lon="11.35414"><ele>263.0</ele></trkpt>
    <trkpt lat="46.495174" lon="11.354109"><ele>263.0</ele></trkpt>
    <trkpt lat="46.495175" lon="11.354037"><ele>263.0</ele></trkpt>
    <trkpt lat="46.495202" lon="11.353937"><ele>263.0</ele></trkpt>
    <trkpt lat="46.495117" lon="11.353887"><ele>263.0</ele></trkpt>
    <trkpt lat="46.495042" lon="11.353841"><ele>263.0</ele></trkpt>
    <trkpt lat="46.494989" lon="11.353888"><ele>263.0</ele></trkpt>
    <trkpt lat="46.494936" lon="11.35391"><ele>263.25</ele></trkpt>
    <trkpt lat="46.494883" lon="11.353921"><ele>263.75</ele></trkpt>
    <trkpt lat="46.49477" lon="11.353906"><ele>264.5</ele></trkpt>
    <trkpt lat="46.494638" lon="11.353865"><ele>263.75</ele></trkpt>
    <trkpt lat="46.494613" lon="11.353858"><ele>263.5</ele></trkpt>
    <trkpt lat="46.494615" lon="11.353836"><ele>263.5</ele></trkpt>
    <trkpt lat="46.494633" lon="11.353392"><ele>261.75</ele></trkpt>
    <trkpt lat="46.494616" lon="11.353061"><ele>262.0</ele></trkpt>
    <trkpt lat="46.494592" lon="11.353014"><ele>262.0</ele></trkpt>
    <trkpt lat="46.494541" lon="11.352625"><ele>262.25</ele></trkpt>
    <trkpt lat="46.494431" lon="11.352131"><ele>263.25</ele></trkpt>
    <trkpt lat="46.4943" lon="11.351443"><ele>261.75</ele></trkpt>
    <trkpt lat="46.494247" lon="11.351199"><ele>263.0</ele></trkpt>
    <trkpt lat="46.494116" lon="11.350588"><ele>260.5</ele></trkpt>
    <trkpt lat="46.493974" lon="11.349997"><ele>262.0</ele></trkpt>
    <trkpt lat="46.493868" lon="11.349407"><ele>263.75</ele></trkpt>
    <trkpt lat="46.49385" lon="11.349283"><ele>264.0</ele></trkpt>
    <trkpt lat="46.493833" lon="11.349065"><ele>263.0</ele></trkpt>
    <trkpt lat="46.493819" lon="11.348994"><ele>261.75</ele></trkpt>
    <trkpt lat="46.493818" lon="11.348969"><ele>261.5</ele></trkpt>
    <trkpt lat="46.493834" lon="11.347674"><ele>263.5</ele></trkpt>
    <trkpt lat="46.493836" lon="11.347627"><ele>263.75</ele></trkpt>
    <trkpt lat="46.493837" lon="11.347605"><ele>263.75</ele></trkpt>
    <trkpt lat="46.493825" lon="11.347241"><ele>262.75</ele></trkpt>
    <trkpt lat="46.493792" lon="11.34696"><ele>262.0</ele></trkpt>
    <trkpt lat="46.49367" lon="11.346497"><ele>261.5</ele></trkpt>
    <trkpt lat="46.493556" lon="11.346237"><ele>260.75</ele></trkpt>
    <trkpt lat="46.493428" lon="11.345987"><ele>260.0</ele></trkpt>
    <trkpt lat="46.49327" lon="11.345717"><ele>259.75</ele></trkpt>
    <trkpt lat="46.493228" lon="11.345667"><ele>259.75</ele></trkpt>
    <trkpt lat="46.492839" lon="11.345353"><ele>259.0</ele></trkpt>
    <trkpt lat="46.492586" lon="11.345136"><ele>258.5</ele></trkpt>
    <trkpt lat="46.492287" lon="11.344884"><ele>258.5</ele></trkpt>
    <trkpt lat="46.492002" lon="11.344635"><ele>258.25</ele></trkpt>
    <trkpt lat="46.491878" lon="11.344533"><ele>258.5</ele></trkpt>
    <trkpt lat="46.491764" lon="11.344466"><ele>258.75</ele></trkpt>
    <trkpt lat="46.49163" lon="11.344371"><ele>258.75</ele></trkpt>
    <trkpt lat="46.491025" lon="11.343872"><ele>258.5</ele></trkpt>
    <trkpt lat="46.490856" lon="11.343691"><ele>258.5</ele></trkpt>
    <trkpt lat="46.49062" lon="11.343389"><ele>258.75</ele></trkpt>
    <trkpt lat="46.490466" lon="11.343131"><ele>258.5</ele></trkpt>
    <trkpt lat="46.4903" lon="11.34283"><ele>259.5</ele></trkpt>
    <trkpt lat="46.49025" lon="11.342838"><ele>259.25</ele></trkpt>
    <trkpt lat="46.49015" lon="11.342797"><ele>259.0</ele></trkpt>
    <trkpt lat="46.490129" lon="11.342773"><ele>258.75</ele></trkpt>
    <trkpt lat="46.49005" lon="11.342684"><ele>258.25</ele></trkpt>
    <trkpt lat="46.489922" lon="11.342494"><ele>257.25</ele></trkpt>
    <trkpt lat="46.489912" lon="11.342455"><ele>257.25</ele></trkpt>
    <trkpt lat="46.489857" lon="11.342228"><ele>257.25</ele></trkpt>
    <trkpt lat="46.489796" lon="11.341969"><ele>258.0</ele></trkpt>
    <trkpt lat="46.489787" lon="11.34189"><ele>258.25</ele></trkpt>
    <trkpt lat="46.489793" lon="11.341822"><ele>258.25</ele></trkpt>
    <trkpt lat="46.489804" lon="11.341768"><ele>258.25</ele></trkpt>
    <trkpt lat="46.48978" lon="11.341659"><ele>258.25</ele></trkpt>
    <trkpt lat="46.48976" lon="11.341574"><ele>258.0</ele></trkpt>
    <trkpt lat="46.489701" lon="11.341282"><ele>258.25</ele></trkpt>
    <trkpt lat="46.489105" lon="11.338669"><ele>256.25</ele></trkpt>
    <trkpt lat="46.488701" lon="11.337322"><ele>254.5</ele></trkpt>
    <trkpt lat="46.488581" lon="11.336882"><ele>255.5</ele></trkpt>
    <trkpt lat="46.488441" lon="11.336318"><ele>253.5</ele></trkpt>
    <trkpt lat="46.488373" lon="11.335914"><ele>254.5</ele></trkpt>
    <trkpt lat="46.488309" lon="11.335611"><ele>254.5</ele></trkpt>
    <trkpt lat="46.488049" lon="11.334399"><ele>254.0</ele></trkpt>
    <trkpt lat="46.488043" lon="11.334343"><ele>254.0</ele></trkpt>
    <trkpt lat="46.487929" lon="11.333754"><ele>252.75</ele></trkpt>
    <trkpt lat="46.4878" lon="11.333387"><ele>254.5</ele></trkpt>
    <trkpt lat="46.487645" lon="11.332994"><ele>251.75</ele></trkpt>
    <trkpt lat="46.487445" lon="11.332511"><ele>252.5</ele></trkpt>
    <trkpt lat="46.487289" lon="11.332099"><ele>252.5</ele></trkpt>
    <trkpt lat="46.487268" lon="11.332023"><ele>253.0</ele></trkpt>
    <trkpt lat="46.487255" lon="11.331928"><ele>253.5</ele></trkpt>
    <trkpt lat="46.487248" lon="11.331834"><ele>253.25</ele></trkpt>
    <trkpt lat="46.487232" lon="11.33174"><ele>253.0</ele></trkpt>
    <trkpt lat="46.487142" lon="11.331458"><ele>252.25</ele></trkpt>
    <trkpt lat="46.487112" lon="11.331313"><ele>252.25</ele></trkpt>
    <trkpt lat="46.487038" lon="11.331088"><ele>252.75</ele></trkpt>
    <trkpt lat="46.486997" lon="11.331014"><ele>253.0</ele></trkpt>
    <trkpt lat="46.486917" lon="11.330785"><ele>252.25</ele></trkpt>
    <trkpt lat="46.486899" lon="11.330748"><ele>252.0</ele></trkpt>
    <trkpt lat="46.486818" lon="11.330661"><ele>251.0</ele></trkpt>
    <trkpt lat="46.48678" lon="11.330598"><ele>251.0</ele></trkpt>
    <trkpt lat="46.486747" lon="11.330509"><ele>251.25</ele></trkpt>
    <trkpt lat="46.486581" lon="11.330006"><ele>250.25</ele></trkpt>
    <trkpt lat="46.486307" lon="11.329225"><ele>251.25</ele></trkpt>
    <trkpt lat="46.486254" lon="11.329068"><ele>250.5</ele></trkpt>
    <trkpt lat="46.486224" lon="11.328904"><ele>251.0</ele></trkpt>
    <trkpt lat="46.486234" lon="11.328757"><ele>251.0</ele></trkpt>
    <trkpt lat="46.486197" lon="11.328615"><ele>251.25</ele></trkpt>
    <trkpt lat="46.486066" lon="11.328358"><ele>251.0</ele></trkpt>
    <trkpt lat="46.485888" lon="11.328083"><ele>249.75</ele></trkpt>
    <trkpt lat="46.485793" lon="11.328043"><ele>249.75</ele></trkpt>
    <trkpt lat="46.48565" lon="11.327897"><ele>250.75</ele></trkpt>
    <trkpt lat="46.485082" lon="11.326973"><ele>250.25</ele></trkpt>
    <trkpt lat="46.484896" lon="11.326694"><ele>250.0</ele></trkpt>
    <trkpt lat="46.484726" lon="11.326436"><ele>251.25</ele></trkpt>
    <trkpt lat="46.484566" lon="11.326231"><ele>249.75</ele></trkpt>
    <trkpt lat="46.483789" lon="11.325131"><ele>249.25</ele></trkpt>
    <trkpt lat="46.483226" lon="11.324316"><ele>249.25</ele></trkpt>
    <trkpt lat="46.483008" lon="11.323955"><ele>249.25</ele></trkpt>
    <trkpt lat="46.48285" lon="11.323696"><ele>249.5</ele></trkpt>
    <trkpt lat="46.482518" lon="11.323093"><ele>250.5</ele></trkpt>
    <trkpt lat="46.482492" lon="11.323017"><ele>250.5</ele></trkpt>
    <trkpt lat="46.482457" lon="11.322877"><ele>250.0</ele></trkpt>
    <trkpt lat="46.482406" lon="11.322556"><ele>251.25</ele></trkpt>
    <trkpt lat="46.482366" lon="11.322472"><ele>251.75</ele></trkpt>
    <trkpt lat="46.482257" lon="11.322299"><ele>250.0</ele></trkpt>
    <trkpt lat="46.48223" lon="11.322261"><ele>249.5</ele></trkpt>
    <trkpt lat="46.48217" lon="11.322207"><ele>249.5</ele></trkpt>
    <trkpt lat="46.482124" lon="11.32217"><ele>249.75</ele></trkpt>
    <trkpt lat="46.481886" lon="11.322026"><ele>249.5</ele></trkpt>
    <trkpt lat="46.481856" lon="11.322024"><ele>249.25</ele></trkpt>
    <trkpt lat="46.481835" lon="11.322052"><ele>249.25</ele></trkpt>
    <trkpt lat="46.481385" lon="11.321353"><ele>250.25</ele></trkpt>
    <trkpt lat="46.481098" lon="11.320922"><ele>248.75</ele></trkpt>
    <trkpt lat="46.480736" lon="11.32035"><ele>247.5</ele></trkpt>
    <trkpt lat="46.479901" lon="11.319001"><ele>247.5</ele></trkpt>
    <trkpt lat="46.479444" lon="11.318188"><ele>247.75</ele></trkpt>
    <trkpt lat="46.479408" lon="11.318229"><ele>247.5</ele></trkpt>
    <trkpt lat="46.479189" lon="11.317828"><ele>247.25</ele></trkpt>
    <trkpt lat="46.479074" lon="11.317596"><ele>246.0</ele></trkpt>
    <trkpt lat="46.478935" lon="11.317337"><ele>246.5</ele></trkpt>
    <trkpt lat="46.47882" lon="11.317146"><ele>246.0</ele></trkpt>
    <trkpt lat="46.478476" lon="11.316707"><ele>245.5</ele></trkpt>
    <trkpt lat="46.47825" lon="11.316356"><ele>246.75</ele></trkpt>
    <trkpt lat="46.477408" lon="11.314992"><ele>246.5</ele></trkpt>
    <trkpt lat="46.477242" lon="11.314744"><ele>246.5</ele></trkpt>
    <trkpt lat="46.476808" lon="11.314099"><ele>244.75</ele></trkpt>
    <trkpt lat="46.476486" lon="11.313682"><ele>245.5</ele></trkpt>
    <trkpt lat="46.475968" lon="11.313113"><ele>244.5</ele></trkpt>
    <trkpt lat="46.475857" lon="11.31296"><ele>244.75</ele></trkpt>
    <trkpt lat="46.475808" lon="11.312898"><ele>244.75</ele></trkpt>
    <trkpt lat="46.475483" lon="11.3125"><ele>245.25</ele></trkpt>
    <trkpt lat="46.475194" lon="11.312138"><ele>244.75</ele></trkpt>
    <trkpt lat="46.474649" lon="11.311512"><ele>244.5</ele></trkpt>
    <trkpt lat="46.474078" lon="11.31097"><ele>244.0</ele></trkpt>
    <trkpt lat="46.473981" lon="11.310851"><ele>244.5</ele></trkpt>
    <trkpt lat="46.473898" lon="11.310777"><ele>244.75</ele></trkpt>
    <trkpt lat="46.473811" lon="11.310697"><ele>244.0</ele></trkpt>
    <trkpt lat="46.473726" lon="11.310636"><ele>244.0</ele></trkpt>
    <trkpt lat="46.473659" lon="11.310603"><ele>244.25</ele></trkpt>
    <trkpt lat="46.473542" lon="11.310492"><ele>244.25</ele></trkpt>
    <trkpt lat="46.473398" lon="11.31037"><ele>244.0</ele></trkpt>
    <trkpt lat="46.472992" lon="11.310022"><ele>244.25</ele></trkpt>
    <trkpt lat="46.472572" lon="11.309691"><ele>244.0</ele></trkpt>
    <trkpt lat="46.470774" lon="11.30824"><ele>243.0</ele></trkpt>
    <trkpt lat="46.470514" lon="11.308018"><ele>243.0</ele></trkpt>
    <trkpt lat="46.470396" lon="11.307899"><ele>242.0</ele></trkpt>
    <trkpt lat="46.470108" lon="11.307708"><ele>241.75</ele></trkpt>
    <trkpt lat="46.469707" lon="11.307395"><ele>242.0</ele></trkpt>
    <trkpt lat="46.468269" lon="11.306317"><ele>241.25</ele></trkpt>
    <trkpt lat="46.468013" lon="11.30613"><ele>241.5</ele></trkpt>
    <trkpt lat="46.467431" lon="11.30572"><ele>240.75</ele></trkpt>
    <trkpt lat="46.466749" lon="11.305254"><ele>240.75</ele></trkpt>
    <trkpt lat="46.4661" lon="11.304787"><ele>240.25</ele></trkpt>
    <trkpt lat="46.465752" lon="11.304547"><ele>239.75</ele></trkpt>
    <trkpt lat="46.465435" lon="11.304334"><ele>239.75</ele></trkpt>
    <trkpt lat="46.46402" lon="11.303418"><ele>240.25</ele></trkpt>
    <trkpt lat="46.46371" lon="11.303188"><ele>240.0</ele></trkpt>
    <trkpt lat="46.463167" lon="11.302802"><ele>240.5</ele></trkpt>
    <trkpt lat="46.461913" lon="11.302367"><ele>238.75</ele></trkpt>
    <trkpt lat="46.461489" lon="11.302272"><ele>240.25</ele></trkpt>
    <trkpt lat="46.461047" lon="11.302199"><ele>239.5</ele></trkpt>
    <trkpt lat="46.460533" lon="11.302143"><ele>238.25</ele></trkpt>
    <trkpt lat="46.4597" lon="11.302096"><ele>238.25</ele></trkpt>
    <trkpt lat="46.458261" lon="11.302042"><ele>237.25</ele></trkpt>
    <trkpt lat="46.457468" lon="11.302026"><ele>236.5</ele></trkpt>
    <trkpt lat="46.457036" lon="11.302054"><ele>236.0</ele></trkpt>
    <trkpt lat="46.456743" lon="11.302109"><ele>236.5</ele></trkpt>
    <trkpt lat="46.456608" lon="11.302149"><ele>237.0</ele></trkpt>
    <trkpt lat="46.4564" lon="11.302246"><ele>237.75</ele></trkpt>
    <trkpt lat="46.456244" lon="11.30234"><ele>237.0</ele></trkpt>
    <trkpt lat="46.455769" lon="11.302654"><ele>237.25</ele></trkpt>
    <trkpt lat="46.455061" lon="11.303082"><ele>236.75</ele></trkpt>
    <trkpt lat="46.454852" lon="11.303231"><ele>236.25</ele></trkpt>
    <trkpt lat="46.454665" lon="11.303329"><ele>236.0</ele></trkpt>
    <trkpt lat="46.454441" lon="11.303488"><ele>236.25</ele></trkpt>
    <trkpt lat="46.451827" lon="11.305225"><ele>236.25</ele></trkpt>
    <trkpt lat="46.451294" lon="11.305641"><ele>235.25</ele></trkpt>
    <trkpt lat="46.448657" lon="11.307876"><ele>234.25</ele></trkpt>
    <trkpt lat="46.448307" lon="11.308179"><ele>234.75</ele></trkpt>
    <trkpt lat="46.448226" lon="11.308263"><ele>234.75</ele></trkpt>
    <trkpt lat="46.448196" lon="11.308284"><ele>234.75</ele></trkpt>
    <trkpt lat="46.44817" lon="11.30823"><ele>234.5</ele></trkpt>
    <trkpt lat="46.447856" lon="11.307454"><ele>236.0</ele></trkpt>
    <trkpt lat="46.447834" lon="11.307399"><ele>236.5</ele></trkpt>
    <trkpt lat="46.447801" lon="11.307362"><ele>236.75</ele></trkpt>
    <trkpt lat="46.447707" lon="11.307273"><ele>237.75</ele></trkpt>
    <trkpt lat="46.447502" lon="11.307109"><ele>240.0</ele></trkpt>
    <trkpt lat="46.44746" lon="11.307082"><ele>241.5</ele></trkpt>
    <trkpt lat="46.447382" lon="11.307139"><ele>242.25</ele></trkpt>
    <trkpt lat="46.447282" lon="11.307233"><ele>241.0</ele></trkpt>
    <trkpt lat="46.446914" lon="11.307672"><ele>238.75</ele></trkpt>
    <trkpt lat="46.446463" lon="11.308104"><ele>238.75</ele></trkpt>
    <trkpt lat="46.44615" lon="11.308562"><ele>238.0</ele></trkpt>
    <trkpt lat="46.445703" lon="11.309004"><ele>239.75</ele></trkpt>
    <trkpt lat="46.445611" lon="11.309161"><ele>237.75</ele></trkpt>
    <trkpt lat="46.445492" lon="11.309285"><ele>238.25</ele></trkpt>
    <trkpt lat="46.445236" lon="11.30944"><ele>239.25</ele></trkpt>
    <trkpt lat="46.445029" lon="11.309521"><ele>242.5</ele></trkpt>
    <trkpt lat="46.444856" lon="11.309656"><ele>243.0</ele></trkpt>
    <trkpt lat="46.444698" lon="11.309845"><ele>241.75</ele></trkpt>
    <trkpt lat="46.444427" lon="11.310262"><ele>240.25</ele></trkpt>
    <trkpt lat="46.444079" lon="11.310655"><ele>240.0</ele></trkpt>
    <trkpt lat="46.443659" lon="11.311238"><ele>238.25</ele></trkpt>
    <trkpt lat="46.443147" lon="11.312071"><ele>238.25</ele></trkpt>
    <trkpt lat="46.442802" lon="11.312457"><ele>239.75</ele></trkpt>
    <trkpt lat="46.442646" lon="11.312532"><ele>239.25</ele></trkpt>
    <trkpt lat="46.442536" lon="11.312613"><ele>239.5</ele></trkpt>
    <trkpt lat="46.442408" lon="11.312771"><ele>239.0</ele></trkpt>
    <trkpt lat="46.44191" lon="11.313322"><ele>239.0</ele></trkpt>
    <trkpt lat="46.441777" lon="11.313406"><ele>238.75</ele></trkpt>
    <trkpt lat="46.441723" lon="11.313469"><ele>238.75</ele></trkpt>
    <trkpt lat="46.441697" lon="11.313529"><ele>238.75</ele></trkpt>
    <trkpt lat="46.441524" lon="11.313755"><ele>237.5</ele></trkpt>
    <trkpt lat="46.441219" lon="11.314072"><ele>238.5</ele></trkpt>
    <trkpt lat="46.440695" lon="11.314525"><ele>238.5</ele></trkpt>
    <trkpt lat="46.440427" lon="11.314723"><ele>237.75</ele></trkpt>
    <trkpt lat="46.440056" lon="11.314961"><ele>238.25</ele></trkpt>
    <trkpt lat="46.439319" lon="11.31531"><ele>238.0</ele></trkpt>
    <trkpt lat="46.438839" lon="11.315496"><ele>237.5</ele></trkpt>
    <trkpt lat="46.438262" lon="11.315638"><ele>236.0</ele></trkpt>
    <trkpt lat="46.438124" lon="11.315683"><ele>235.25</ele></trkpt>
    <trkpt lat="46.437681" lon="11.315735"><ele>234.75</ele></trkpt>
    <trkpt lat="46.43746" lon="11.315725"><ele>234.75</ele></trkpt>
    <trkpt lat="46.436517" lon="11.315605"><ele>234.75</ele></trkpt>
    <trkpt lat="46.435892" lon="11.315416"><ele>234.5</ele></trkpt>
    <trkpt lat="46.435308" lon="11.315211"><ele>235.25</ele></trkpt>
    <trkpt lat="46.434634" lon="11.315002"><ele>235.25</ele></trkpt>
    <trkpt lat="46.43396" lon="11.314678"><ele>233.5</ele></trkpt>
    <trkpt lat="46.433575" lon="11.314412"><ele>234.25</ele></trkpt>
    <trkpt lat="46.433389" lon="11.314206"><ele>234.25</ele></trkpt>
    <trkpt lat="46.433266" lon="11.31404"><ele>234.25</ele></trkpt>
    <trkpt lat="46.432581" lon="11.313267"><ele>234.0</ele></trkpt>
    <trkpt lat="46.431908" lon="11.312606"><ele>233.75</ele></trkpt>
    <trkpt lat="46.431428" lon="11.312152"><ele>234.0</ele></trkpt>
    <trkpt lat="46.430942" lon="11.311722"><ele>234.0</ele></trkpt>
    <trkpt lat="46.429995" lon="11.310949"><ele>233.5</ele></trkpt>
    <trkpt lat="46.429442" lon="11.310475"><ele>234.75</ele></trkpt>
    <trkpt lat="46.429346" lon="11.310413"><ele>234.25</ele></trkpt>
    <trkpt lat="46.429094" lon="11.310333"><ele>234.25</ele></trkpt>
    <trkpt lat="46.42872" lon="11.310233"><ele>234.0</ele></trkpt>
    <trkpt lat="46.428505" lon="11.310145"><ele>232.5</ele></trkpt>
    <trkpt lat="46.427933" lon="11.310102"><ele>232.25</ele></trkpt>
    <trkpt lat="46.427701" lon="11.310062"><ele>232.25</ele></trkpt>
    <trkpt lat="46.427473" lon="11.310004"><ele>233.0</ele></trkpt>
    <trkpt lat="46.427243" lon="11.309963"><ele>233.25</ele></trkpt>
    <trkpt lat="46.426958" lon="11.309975"><ele>232.75</ele></trkpt>
    <trkpt lat="46.426642" lon="11.310003"><ele>233.0</ele></trkpt>
    <trkpt lat="46.426023" lon="11.310117"><ele>230.5</ele></trkpt>
    <trkpt lat="46.425616" lon="11.310153"><ele>230.5</ele></trkpt>
    <trkpt lat="46.425372" lon="11.310194"><ele>231.5</ele></trkpt>
    <trkpt lat="46.424917" lon="11.310237"><ele>233.0</ele></trkpt>
    <trkpt lat="46.424569" lon="11.310298"><ele>232.75</ele></trkpt>
    <trkpt lat="46.424233" lon="11.310403"><ele>231.5</ele></trkpt>
    <trkpt lat="46.42398" lon="11.310456"><ele>231.5</ele></trkpt>
    <trkpt lat="46.423764" lon="11.310554"><ele>232.5</ele></trkpt>
    <trkpt lat="46.423546" lon="11.310696"><ele>231.75</ele></trkpt>
    <trkpt lat="46.423028" lon="11.311077"><ele>232.0</ele></trkpt>
    <trkpt lat="46.422489" lon="11.311587"><ele>231.25</ele></trkpt>
    <trkpt lat="46.422084" lon="11.311878"><ele>230.75</ele></trkpt>
    <trkpt lat="46.421645" lon="11.312157"><ele>231.5</ele></trkpt>
    <trkpt lat="46.421244" lon="11.312391"><ele>230.0</ele></trkpt>
    <trkpt lat="46.420919" lon="11.312561"><ele>230.5</ele></trkpt>
    <trkpt lat="46.420766" lon="11.312566"><ele>230.75</ele></trkpt>
    <trkpt lat="46.42066" lon="11.312595"><ele>231.25</ele></trkpt>
    <trkpt lat="46.420363" lon="11.312812"><ele>230.75</ele></trkpt>
    <trkpt lat="46.420151" lon="11.313034"><ele>230.75</ele></trkpt>
    <trkpt lat="46.419918" lon="11.313206"><ele>229.75</ele></trkpt>
    <trkpt lat="46.419011" lon="11.31382"><ele>230.25</ele></trkpt>
    <trkpt lat="46.41861" lon="11.314063"><ele>229.0</ele></trkpt>
    <trkpt lat="46.418208" lon="11.314274"><ele>229.75</ele></trkpt>
    <trkpt lat="46.417721" lon="11.314445"><ele>231.25</ele></trkpt>
    <trkpt lat="46.417016" lon="11.314637"><ele>229.5</ele></trkpt>
    <trkpt lat="46.416411" lon="11.314752"><ele>230.5</ele></trkpt>
    <trkpt lat="46.416146" lon="11.314779"><ele>230.0</ele></trkpt>
    <trkpt lat="46.415665" lon="11.314769"><ele>231.0</ele></trkpt>
    <trkpt lat="46.415211" lon="11.314729"><ele>231.5</ele></trkpt>
    <trkpt lat="46.414672" lon="11.314636"><ele>228.75</ele></trkpt>
    <trkpt lat="46.414351" lon="11.314547"><ele>230.0</ele></trkpt>
    <trkpt lat="46.414231" lon="11.3145"><ele>231.25</ele></trkpt>
    <trkpt lat="46.414053" lon="11.314402"><ele>231.75</ele></trkpt>
    <trkpt lat="46.414026" lon="11.314396"><ele>231.5</ele></trkpt>
    <trkpt lat="46.414017" lon="11.314492"><ele>231.0</ele></trkpt>
    <trkpt lat="46.413904" lon="11.315408"><ele>231.0</ele></trkpt>
    <trkpt lat="46.413897" lon="11.315459"><ele>232.0</ele></trkpt>
    <trkpt lat="46.413881" lon="11.315512"><ele>233.0</ele></trkpt>
    <trkpt lat="46.41381" lon="11.315575"><ele>233.0</ele></trkpt>
    <trkpt lat="46.41378" lon="11.315543"><ele>233.0</ele></trkpt>
    <trkpt lat="46.413748" lon="11.315531"><ele>232.5</ele></trkpt>
    <trkpt lat="46.413649" lon="11.315535"><ele>231.75</ele></trkpt>
    <trkpt lat="46.413486" lon="11.315504"><ele>230.5</ele></trkpt>
    <trkpt lat="46.413113" lon="11.315368"><ele>229.5</ele></trkpt>
    <trkpt lat="46.412707" lon="11.315201"><ele>229.75</ele></trkpt>
    <trkpt lat="46.41245" lon="11.315105"><ele>229.5</ele></trkpt>
    <trkpt lat="46.412399" lon="11.315089"><ele>229.75</ele></trkpt>
    <trkpt lat="46.412361" lon="11.31509"><ele>230.0</ele></trkpt>
    <trkpt lat="46.412329" lon="11.315111"><ele>230.25</ele></trkpt>
    <trkpt lat="46.412307" lon="11.315058"><ele>230.5</ele></trkpt>
    <trkpt lat="46.41228" lon="11.315016"><ele>231.25</ele></trkpt>
    <trkpt lat="46.41222" lon="11.314969"><ele>231.25</ele></trkpt>
    <trkpt lat="46.412133" lon="11.314849"><ele>229.25</ele></trkpt>
    <trkpt lat="46.412022" lon="11.314731"><ele>230.5</ele></trkpt>
    <trkpt lat="46.411917" lon="11.314654"><ele>230.5</ele></trkpt>
    <trkpt lat="46.410822" lon="11.314057"><ele>229.25</ele></trkpt>
    <trkpt lat="46.410408" lon="11.313808"><ele>229.5</ele></trkpt>
    <trkpt lat="46.409967" lon="11.313472"><ele>229.75</ele></trkpt>
    <trkpt lat="46.409208" lon="11.312591"><ele>229.75</ele></trkpt>
    <trkpt lat="46.408885" lon="11.31223"><ele>231.75</ele></trkpt>
    <trkpt lat="46.407261" lon="11.309947"><ele>229.75</ele></trkpt>
    <trkpt lat="46.40701" lon="11.309524"><ele>229.25</ele></trkpt>
    <trkpt lat="46.406661" lon="11.308956"><ele>229.5</ele></trkpt>
    <trkpt lat="46.406" lon="11.308029"><ele>228.25</ele></trkpt>
    <trkpt lat="46.405796" lon="11.307764"><ele>229.25</ele></trkpt>
    <trkpt lat="46.405658" lon="11.307612"><ele>228.5</ele></trkpt>
    <trkpt lat="46.40514" lon="11.307119"><ele>228.75</ele></trkpt>
    <trkpt lat="46.405012" lon="11.306973"><ele>230.25</ele></trkpt>
    <trkpt lat="46.404089" lon="11.305784"><ele>228.75</ele></trkpt>
    <trkpt lat="46.403408" lon="11.304956"><ele>229.0</ele></trkpt>
    <trkpt lat="46.40308" lon="11.304643"><ele>229.25</ele></trkpt>
    <trkpt lat="46.402885" lon="11.304485"><ele>228.75</ele></trkpt>
    <trkpt lat="46.402617" lon="11.304322"><ele>228.0</ele></trkpt>
    <trkpt lat="46.402394" lon="11.304206"><ele>229.25</ele></trkpt>
    <trkpt lat="46.401994" lon="11.304078"><ele>228.5</ele></trkpt>
    <trkpt lat="46.401347" lon="11.303906"><ele>230.5</ele></trkpt>
    <trkpt lat="46.40078" lon="11.303741"><ele>228.5</ele></trkpt>
    <trkpt lat="46.400037" lon="11.303304"><ele>230.0</ele></trkpt>
    <trkpt lat="46.399626" lon="11.303025"><ele>229.0</ele></trkpt>
    <trkpt lat="46.399434" lon="11.302848"><ele>228.5</ele></trkpt>
    <trkpt lat="46.399185" lon="11.30258"><ele>228.25</ele></trkpt>
    <trkpt lat="46.398615" lon="11.301913"><ele>229.25</ele></trkpt>
    <trkpt lat="46.39837" lon="11.301598"><ele>228.75</ele></trkpt>
    <trkpt lat="46.398175" lon="11.301399"><ele>228.0</ele></trkpt>
    <trkpt lat="46.397547" lon="11.300831"><ele>228.5</ele></trkpt>
    <trkpt lat="46.395879" lon="11.299284"><ele>227.5</ele></trkpt>
    <trkpt lat="46.394522" lon="11.298121"><ele>227.75</ele></trkpt>
    <trkpt lat="46.394241" lon="11.297903"><ele>227.25</ele></trkpt>
    <trkpt lat="46.393886" lon="11.297648"><ele>227.5</ele></trkpt>
    <trkpt lat="46.393631" lon="11.297534"><ele>227.5</ele></trkpt>
    <trkpt lat="46.392637" lon="11.297394"><ele>227.0</ele></trkpt>
    <trkpt lat="46.392453" lon="11.297442"><ele>227.5</ele></trkpt>
    <trkpt lat="46.391838" lon="11.297684"><ele>227.0</ele></trkpt>
    <trkpt lat="46.391121" lon="11.297904"><ele>226.75</ele></trkpt>
    <trkpt lat="46.390143" lon="11.298011"><ele>228.25</ele></trkpt>
    <trkpt lat="46.389743" lon="11.298049"><ele>228.75</ele></trkpt>
    <trkpt lat="46.388502" lon="11.298174"><ele>226.0</ele></trkpt>
    <trkpt lat="46.388031" lon="11.29816"><ele>226.5</ele></trkpt>
    <trkpt lat="46.387826" lon="11.29812"><ele>227.0</ele></trkpt>
    <trkpt lat="46.38766" lon="11.298064"><ele>227.75</ele></trkpt>
    <trkpt lat="46.387344" lon="11.297909"><ele>226.0</ele></trkpt>
    <trkpt lat="46.387024" lon="11.297717"><ele>226.5</ele></trkpt>
    <trkpt lat="46.385768" lon="11.296922"><ele>227.25</ele></trkpt>
    <trkpt lat="46.384856" lon="11.296406"><ele>226.25</ele></trkpt>
    <trkpt lat="46.384425" lon="11.296177"><ele>225.75</ele></trkpt>
    <trkpt lat="46.383541" lon="11.295727"><ele>225.75</ele></trkpt>
    <trkpt lat="46.383109" lon="11.295545"><ele>226.5</ele></trkpt>
    <trkpt lat="46.381555" lon="11.294916"><ele>226.0</ele></trkpt>
    <trkpt lat="46.380271" lon="11.294537"><ele>224.5</ele></trkpt>
    <trkpt lat="46.379382" lon="11.29429"><ele>225.0</ele></trkpt>
    <trkpt lat="46.378446" lon="11.293998"><ele>225.0</ele></trkpt>
    <trkpt lat="46.378085" lon="11.293904"><ele>225.75</ele></trkpt>
    <trkpt lat="46.377153" lon="11.293624"><ele>226.5</ele></trkpt>
    <trkpt lat="46.376484" lon="11.29347"><ele>224.5</ele></trkpt>
    <trkpt lat="46.37457" lon="11.293085"><ele>225.25</ele></trkpt>
    <trkpt lat="46.373474" lon="11.292865"><ele>224.75</ele></trkpt>
    <trkpt lat="46.372731" lon="11.292635"><ele>224.25</ele></trkpt>
    <trkpt lat="46.372282" lon="11.292485"><ele>224.75</ele></trkpt>
    <trkpt lat="46.371906" lon="11.292393"><ele>224.0</ele></trkpt>
    <trkpt lat="46.370783" lon="11.292265"><ele>224.75</ele></trkpt>
    <trkpt lat="46.368204" lon="11.292073"><ele>223.75</ele></trkpt>
    <trkpt lat="46.36555" lon="11.29175"><ele>224.25</ele></trkpt>
    <trkpt lat="46.365439" lon="11.291728"><ele>225.25</ele></trkpt>
    <trkpt lat="46.365349" lon="11.291695"><ele>225.75</ele></trkpt>
    <trkpt lat="46.365259" lon="11.291661"><ele>225.75</ele></trkpt>
    <trkpt lat="46.365228" lon="11.291658"><ele>225.5</ele></trkpt>
    <trkpt lat="46.365166" lon="11.291659"><ele>225.25</ele></trkpt>
    <trkpt lat="46.365066" lon="11.291675"><ele>225.0</ele></trkpt>
    <trkpt lat="46.364962" lon="11.291671"><ele>224.75</ele></trkpt>
    <trkpt lat="46.364908" lon="11.291658"><ele>224.75</ele></trkpt>
    <trkpt lat="46.364674" lon="11.29164"><ele>224.5</ele></trkpt>
    <trkpt lat="46.364316" lon="11.291595"><ele>223.75</ele></trkpt>
    <trkpt lat="46.363712" lon="11.291501"><ele>223.5</ele></trkpt>
    <trkpt lat="46.363302" lon="11.291431"><ele>224.5</ele></trkpt>
    <trkpt lat="46.362981" lon="11.291353"><ele>225.0</ele></trkpt>
    <trkpt lat="46.362562" lon="11.291275"><ele>223.5</ele></trkpt>
    <trkpt lat="46.361422" lon="11.290983"><ele>223.0</ele></trkpt>
    <trkpt lat="46.360557" lon="11.290667"><ele>223.5</ele></trkpt>
    <trkpt lat="46.359302" lon="11.290229"><ele>223.75</ele></trkpt>
    <trkpt lat="46.357242" lon="11.28951"><ele>223.25</ele></trkpt>
    <trkpt lat="46.355304" lon="11.288822"><ele>223.25</ele></trkpt>
    <trkpt lat="46.355014" lon="11.288719"><ele>222.75</ele></trkpt>
    <trkpt lat="46.354964" lon="11.288714"><ele>222.75</ele></trkpt>
    <trkpt lat="46.354913" lon="11.288738"><ele>222.75</ele></trkpt>
    <trkpt lat="46.354664" lon="11.288674"><ele>223.25</ele></trkpt>
    <trkpt lat="46.354622" lon="11.288691"><ele>223.25</ele></trkpt>
    <trkpt lat="46.354575" lon="11.28873"><ele>223.0</ele></trkpt>
    <trkpt lat="46.354529" lon="11.288841"><ele>222.5</ele></trkpt>
    <trkpt lat="46.35451" lon="11.28898"><ele>222.5</ele></trkpt>
    <trkpt lat="46.35461" lon="11.289624"><ele>222.25</ele></trkpt>
    <trkpt lat="46.354615" lon="11.289795"><ele>222.5</ele></trkpt>
    <trkpt lat="46.354607" lon="11.289942"><ele>222.5</ele></trkpt>
    <trkpt lat="46.354584" lon="11.289981"><ele>222.75</ele></trkpt>
    <trkpt lat="46.35438" lon="11.290114"><ele>223.5</ele></trkpt>
    <trkpt lat="46.354347" lon="11.290137"><ele>222.75</ele></trkpt>
    <trkpt lat="46.35459" lon="11.29087"><ele>222.0</ele></trkpt>
    <trkpt lat="46.354547" lon="11.290906"><ele>221.0</ele></trkpt>
    <trkpt lat="46.354388" lon="11.291023"><ele>219.75</ele></trkpt>
    <trkpt lat="46.35436" lon="11.291047"><ele>220.0</ele></trkpt>
    <trkpt lat="46.354304" lon="11.291096"><ele>220.25</ele></trkpt>
    <trkpt lat="46.354243" lon="11.291169"><ele>220.75</ele></trkpt>
    <trkpt lat="46.354182" lon="11.291268"><ele>221.5</ele></trkpt>
    <trkpt lat="46.353864" lon="11.291907"><ele>222.0</ele></trkpt>
    <trkpt lat="46.353623" lon="11.292353"><ele>222.75</ele></trkpt>
    <trkpt lat="46.353007" lon="11.293429"><ele>225.0</ele></trkpt>
    <trkpt lat="46.352963" lon="11.29355"><ele>225.0</ele></trkpt>
    <trkpt lat="46.352934" lon="11.293716"><ele>225.0</ele></trkpt>
    <trkpt lat="46.352918" lon="11.293858"><ele>225.25</ele></trkpt>
    <trkpt lat="46.352894" lon="11.293971"><ele>225.5</ele></trkpt>
    <trkpt lat="46.352849" lon="11.294081"><ele>225.5</ele></trkpt>
    <trkpt lat="46.352725" lon="11.294301"><ele>226.0</ele></trkpt>
    <trkpt lat="46.352547" lon="11.294548"><ele>226.75</ele></trkpt>
    <trkpt lat="46.352285" lon="11.29487"><ele>227.75</ele></trkpt>
    <trkpt lat="46.352007" lon="11.295286"><ele>229.0</ele></trkpt>
    <trkpt lat="46.351836" lon="11.295513"><ele>229.75</ele></trkpt>
    <trkpt lat="46.351539" lon="11.295951"><ele>231.0</ele></trkpt>
    <trkpt lat="46.351409" lon="11.296216"><ele>231.75</ele></trkpt>
    <trkpt lat="46.351349" lon="11.296427"><ele>232.25</ele></trkpt>
    <trkpt lat="46.351325" lon="11.296606"><ele>232.75</ele></trkpt>
    <trkpt lat="46.351283" lon="11.296818"><ele>233.0</ele></trkpt>
    <trkpt lat="46.35119" lon="11.296961"><ele>233.5</ele></trkpt>
    <trkpt lat="46.35094" lon="11.29714"><ele>234.25</ele></trkpt>
    <trkpt lat="46.350731" lon="11.297274"><ele>235.25</ele></trkpt>
    <trkpt lat="46.350621" lon="11.29734"><ele>235.75</ele></trkpt>
    <trkpt lat="46.350391" lon="11.297472"><ele>236.5</ele></trkpt>
    <trkpt lat="46.35006" lon="11.297698"><ele>237.75</ele></trkpt>
    <trkpt lat="46.349891" lon="11.297831"><ele>238.25</ele></trkpt>
    <trkpt lat="46.349769" lon="11.297926"><ele>239.25</ele></trkpt>
    <trkpt lat="46.349521" lon="11.298268"><ele>240.5</ele></trkpt>
    <trkpt lat="46.349442" lon="11.298328"><ele>241.0</ele></trkpt>
    <trkpt lat="46.349292" lon="11.297668"><ele>240.75</ele></trkpt>
    <trkpt lat="46.349224" lon="11.297371"><ele>240.25</ele></trkpt>
    <trkpt lat="46.349165" lon="11.297171"><ele>240.0</ele></trkpt>
    <trkpt lat="46.349084" lon="11.296961"><ele>240.0</ele></trkpt>
    <trkpt lat="46.349012" lon="11.29682"><ele>239.75</ele></trkpt>
    <trkpt lat="46.348865" lon="11.296578"><ele>239.75</ele></trkpt>
    <trkpt lat="46.348821" lon="11.296638"><ele>240.0</ele></trkpt>
    <trkpt lat="46.34881" lon="11.296651"><ele>240.0</ele></trkpt>
    <trkpt lat="46.348689" lon="11.296797"><ele>241.0</ele></trkpt>
    <trkpt lat="46.348497" lon="11.297017"><ele>242.25</ele></trkpt>
    <trkpt lat="46.348106" lon="11.297464"><ele>244.75</ele></trkpt>
    <trkpt lat="46.348017" lon="11.297563"><ele>245.25</ele></trkpt>
    <trkpt lat="46.348036" lon="11.297605"><ele>245.0</ele></trkpt>
    <trkpt lat="46.34815" lon="11.297855"><ele>244.5</ele></trkpt>
    <trkpt lat="46.348036" lon="11.297605"><ele>245.0</ele></trkpt>
    <trkpt lat="46.348017" lon="11.297563"><ele>245.25</ele></trkpt>
    <trkpt lat="46.348106" lon="11.297464"><ele>244.75</ele></trkpt>
    <trkpt lat="46.348497" lon="11.297017"><ele>242.25</ele></trkpt>
    <trkpt lat="46.348689" lon="11.296797"><ele>241.0</ele></trkpt>
    <trkpt lat="46.34881" lon="11.296651"><ele>240.0</ele></trkpt>
    <trkpt lat="46.348821" lon="11.296638"><ele>240.0</ele></trkpt>
    <trkpt lat="46.348865" lon="11.296578"><ele>239.75</ele></trkpt>
    <trkpt lat="46.349012" lon="11.29682"><ele>239.75</ele></trkpt>
    <trkpt lat="46.349084" lon="11.296961"><ele>240.0</ele></trkpt>
    <trkpt lat="46.349165" lon="11.297171"><ele>240.0</ele></trkpt>
    <trkpt lat="46.349224" lon="11.297371"><ele>240.25</ele></trkpt>
    <trkpt lat="46.349292" lon="11.297668"><ele>240.75</ele></trkpt>
    <trkpt lat="46.349442" lon="11.298328"><ele>241.0</ele></trkpt>
    <trkpt lat="46.349521" lon="11.298268"><ele>240.5</ele></trkpt>
    <trkpt lat="46.349769" lon="11.297926"><ele>239.25</ele></trkpt>
    <trkpt lat="46.349891" lon="11.297831"><ele>238.25</ele></trkpt>
    <trkpt lat="46.35006" lon="11.297698"><ele>237.75</ele></trkpt>
    <trkpt lat="46.350391" lon="11.297472"><ele>236.5</ele></trkpt>
    <trkpt lat="46.350621" lon="11.29734"><ele>235.75</ele></trkpt>
    <trkpt lat="46.350731" lon="11.297274"><ele>235.25</ele></trkpt>
    <trkpt lat="46.35094" lon="11.29714"><ele>234.25</ele></trkpt>
    <trkpt lat="46.35119" lon="11.296961"><ele>233.5</ele></trkpt>
    <trkpt lat="46.351283" lon="11.296818"><ele>233.0</ele></trkpt>
    <trkpt lat="46.351325" lon="11.296606"><ele>232.75</ele></trkpt>
    <trkpt lat="46.351349" lon="11.296427"><ele>232.25</ele></trkpt>
    <trkpt lat="46.351409" lon="11.296216"><ele>231.75</ele></trkpt>
    <trkpt lat="46.351539" lon="11.295951"><ele>231.0</ele></trkpt>
    <trkpt lat="46.351836" lon="11.295513"><ele>229.75</ele></trkpt>
    <trkpt lat="46.352007" lon="11.295286"><ele>229.0</ele></trkpt>
    <trkpt lat="46.352285" lon="11.29487"><ele>227.75</ele></trkpt>
    <trkpt lat="46.352547" lon="11.294548"><ele>226.75</ele></trkpt>
    <trkpt lat="46.352725" lon="11.294301"><ele>226.0</ele></trkpt>
    <trkpt lat="46.352849" lon="11.294081"><ele>225.5</ele></trkpt>
    <trkpt lat="46.352894" lon="11.293971"><ele>225.5</ele></trkpt>
    <trkpt lat="46.352918" lon="11.293858"><ele>225.25</ele></trkpt>
    <trkpt lat="46.352934" lon="11.293716"><ele>225.0</ele></trkpt>
    <trkpt lat="46.352963" lon="11.29355"><ele>225.0</ele></trkpt>
    <trkpt lat="46.353007" lon="11.293429"><ele>225.0</ele></trkpt>
    <trkpt lat="46.353623" lon="11.292353"><ele>222.75</ele></trkpt>
    <trkpt lat="46.353864" lon="11.291907"><ele>222.0</ele></trkpt>
    <trkpt lat="46.354182" lon="11.291268"><ele>221.5</ele></trkpt>
    <trkpt lat="46.354243" lon="11.291169"><ele>220.75</ele></trkpt>
    <trkpt lat="46.354304" lon="11.291096"><ele>220.25</ele></trkpt>
    <trkpt lat="46.35436" lon="11.291047"><ele>220.0</ele></trkpt>
    <trkpt lat="46.354388" lon="11.291023"><ele>219.75</ele></trkpt>
    <trkpt lat="46.354547" lon="11.290906"><ele>221.0</ele></trkpt>
    <trkpt lat="46.35459" lon="11.29087"><ele>222.0</ele></trkpt>
    <trkpt lat="46.354347" lon="11.290137"><ele>222.75</ele></trkpt>
    <trkpt lat="46.353967" lon="11.289038"><ele>222.0</ele></trkpt>
    <trkpt lat="46.353901" lon="11.28903"><ele>221.0</ele></trkpt>
    <trkpt lat="46.353874" lon="11.289015"><ele>221.0</ele></trkpt>
    <trkpt lat="46.353756" lon="11.288718"><ele>221.25</ele></trkpt>
    <trkpt lat="46.353681" lon="11.288565"><ele>222.0</ele></trkpt>
    <trkpt lat="46.353612" lon="11.288463"><ele>222.0</ele></trkpt>
    <trkpt lat="46.35337" lon="11.288239"><ele>222.5</ele></trkpt>
    <trkpt lat="46.353332" lon="11.288223"><ele>222.75</ele></trkpt>
    <trkpt lat="46.353309" lon="11.288222"><ele>222.5</ele></trkpt>
    <trkpt lat="46.353283" lon="11.288237"><ele>222.0</ele></trkpt>
    <trkpt lat="46.353263" lon="11.288265"><ele>221.75</ele></trkpt>
    <trkpt lat="46.353235" lon="11.288338"><ele>220.75</ele></trkpt>
    <trkpt lat="46.35318" lon="11.288478"><ele>220.25</ele></trkpt>
    <trkpt lat="46.353165" lon="11.288512"><ele>220.25</ele></trkpt>
    <trkpt lat="46.35314" lon="11.288535"><ele>220.25</ele></trkpt>
    <trkpt lat="46.353114" lon="11.288543"><ele>220.5</ele></trkpt>
    <trkpt lat="46.353086" lon="11.288531"><ele>220.25</ele></trkpt>
    <trkpt lat="46.352938" lon="11.288401"><ele>220.25</ele></trkpt>
    <trkpt lat="46.352567" lon="11.288254"><ele>223.0</ele></trkpt>
    <trkpt lat="46.352464" lon="11.288203"><ele>223.0</ele></trkpt>
    <trkpt lat="46.352372" lon="11.288141"><ele>222.0</ele></trkpt>
    <trkpt lat="46.352152" lon="11.28796"><ele>219.5</ele></trkpt>
    <trkpt lat="46.35183" lon="11.287798"><ele>218.75</ele></trkpt>
    <trkpt lat="46.351516" lon="11.287627"><ele>218.75</ele></trkpt>
    <trkpt lat="46.350944" lon="11.287292"><ele>220.25</ele></trkpt>
    <trkpt lat="46.350635" lon="11.287084"><ele>219.5</ele></trkpt>
    <trkpt lat="46.350387" lon="11.28689"><ele>219.5</ele></trkpt>
    <trkpt lat="46.349981" lon="11.286556"><ele>220.5</ele></trkpt>
    <trkpt lat="46.349594" lon="11.286174"><ele>219.75</ele></trkpt>
    <trkpt lat="46.348482" lon="11.284992"><ele>219.75</ele></trkpt>
    <trkpt lat="46.34806" lon="11.284565"><ele>219.75</ele></trkpt>
    <trkpt lat="46.347065" lon="11.28375"><ele>219.75</ele></trkpt>
    <trkpt lat="46.346811" lon="11.283565"><ele>219.75</ele></trkpt>
    <trkpt lat="46.346367" lon="11.283256"><ele>219.75</ele></trkpt>
    <trkpt lat="46.345856" lon="11.28293"><ele>219.5</ele></trkpt>
    <trkpt lat="46.345025" lon="11.282462"><ele>219.5</ele></trkpt>
    <trkpt lat="46.34464" lon="11.282271"><ele>219.75</ele></trkpt>
    <trkpt lat="46.344221" lon="11.282075"><ele>218.75</ele></trkpt>
    <trkpt lat="46.343782" lon="11.281891"><ele>219.75</ele></trkpt>
    <trkpt lat="46.343297" lon="11.281709"><ele>220.0</ele></trkpt>
    <trkpt lat="46.342802" lon="11.281547"><ele>218.5</ele></trkpt>
    <trkpt lat="46.341887" lon="11.281319"><ele>220.0</ele></trkpt>
    <trkpt lat="46.341548" lon="11.281255"><ele>219.0</ele></trkpt>
    <trkpt lat="46.340953" lon="11.281184"><ele>218.75</ele></trkpt>
    <trkpt lat="46.340117" lon="11.281106"><ele>219.0</ele></trkpt>
    <trkpt lat="46.339774" lon="11.281106"><ele>219.0</ele></trkpt>
    <trkpt lat="46.338361" lon="11.281183"><ele>218.5</ele></trkpt>
    <trkpt lat="46.337944" lon="11.281189"><ele>218.5</ele></trkpt>
    <trkpt lat="46.337769" lon="11.281173"><ele>218.5</ele></trkpt>
    <trkpt lat="46.337692" lon="11.281135"><ele>219.25</ele></trkpt>
    <trkpt lat="46.337582" lon="11.281055"><ele>220.25</ele></trkpt>
    <trkpt lat="46.337459" lon="11.280928"><ele>219.5</ele></trkpt>
    <trkpt lat="46.337377" lon="11.280823"><ele>219.5</ele></trkpt>
    <trkpt lat="46.337327" lon="11.2808"><ele>219.75</ele></trkpt>
    <trkpt lat="46.337204" lon="11.280804"><ele>221.25</ele></trkpt>
    <trkpt lat="46.335868" lon="11.280963"><ele>219.0</ele></trkpt>
    <trkpt lat="46.334124" lon="11.281162"><ele>220.25</ele></trkpt>
    <trkpt lat="46.334092" lon="11.281191"><ele>220.0</ele></trkpt>
    <trkpt lat="46.334052" lon="11.281273"><ele>219.75</ele></trkpt>
    <trkpt lat="46.333977" lon="11.281446"><ele>220.0</ele></trkpt>
    <trkpt lat="46.333899" lon="11.281616"><ele>221.5</ele></trkpt>
    <trkpt lat="46.333871" lon="11.281656"><ele>221.75</ele></trkpt>
    <trkpt lat="46.333828" lon="11.28168"><ele>222.0</ele></trkpt>
    <trkpt lat="46.333786" lon="11.281679"><ele>222.0</ele></trkpt>
    <trkpt lat="46.333734" lon="11.281656"><ele>221.75</ele></trkpt>
    <trkpt lat="46.333299" lon="11.281478"><ele>220.75</ele></trkpt>
    <trkpt lat="46.33287" lon="11.281372"><ele>221.5</ele></trkpt>
    <trkpt lat="46.332661" lon="11.281339"><ele>221.25</ele></trkpt>
    <trkpt lat="46.332387" lon="11.281239"><ele>220.75</ele></trkpt>
    <trkpt lat="46.332128" lon="11.281116"><ele>221.25</ele></trkpt>
    <trkpt lat="46.331554" lon="11.280778"><ele>220.5</ele></trkpt>
    <trkpt lat="46.33072" lon="11.280249"><ele>220.5</ele></trkpt>
    <trkpt lat="46.330585" lon="11.280149"><ele>219.75</ele></trkpt>
    <trkpt lat="46.330393" lon="11.279962"><ele>219.75</ele></trkpt>
    <trkpt lat="46.330222" lon="11.27978"><ele>219.5</ele></trkpt>
    <trkpt lat="46.329895" lon="11.279396"><ele>219.5</ele></trkpt>
    <trkpt lat="46.329696" lon="11.279153"><ele>220.5</ele></trkpt>
    <trkpt lat="46.32919" lon="11.278489"><ele>219.75</ele></trkpt>
    <trkpt lat="46.328847" lon="11.277988"><ele>219.25</ele></trkpt>
    <trkpt lat="46.328581" lon="11.277765"><ele>221.0</ele></trkpt>
    <trkpt lat="46.328422" lon="11.277538"><ele>219.75</ele></trkpt>
    <trkpt lat="46.328329" lon="11.277344"><ele>220.0</ele></trkpt>
    <trkpt lat="46.328259" lon="11.277149"><ele>219.25</ele></trkpt>
    <trkpt lat="46.327978" lon="11.276722"><ele>219.0</ele></trkpt>
    <trkpt lat="46.327355" lon="11.275806"><ele>218.25</ele></trkpt>
    <trkpt lat="46.326827" lon="11.275064"><ele>219.0</ele></trkpt>
    <trkpt lat="46.326516" lon="11.274733"><ele>220.5</ele></trkpt>
    <trkpt lat="46.325107" lon="11.273361"><ele>220.0</ele></trkpt>
    <trkpt lat="46.324815" lon="11.273068"><ele>220.25</ele></trkpt>
    <trkpt lat="46.323917" lon="11.272113"><ele>219.5</ele></trkpt>
    <trkpt lat="46.32313" lon="11.271306"><ele>217.5</ele></trkpt>
    <trkpt lat="46.322573" lon="11.270767"><ele>218.25</ele></trkpt>
    <trkpt lat="46.322531" lon="11.270719"><ele>218.5</ele></trkpt>
    <trkpt lat="46.322244" lon="11.270394"><ele>217.75</ele></trkpt>
    <trkpt lat="46.317971" lon="11.265784"><ele>219.0</ele></trkpt>
    <trkpt lat="46.317648" lon="11.265433"><ele>218.5</ele></trkpt>
    <trkpt lat="46.317112" lon="11.264832"><ele>218.0</ele></trkpt>
    <trkpt lat="46.316359" lon="11.263899"><ele>218.75</ele></trkpt>
    <trkpt lat="46.316305" lon="11.263794"><ele>217.25</ele></trkpt>
    <trkpt lat="46.316192" lon="11.263606"><ele>217.75</ele></trkpt>
    <trkpt lat="46.31599" lon="11.263336"><ele>216.5</ele></trkpt>
    <trkpt lat="46.315902" lon="11.263249"><ele>217.25</ele></trkpt>
    <trkpt lat="46.315791" lon="11.263179"><ele>217.0</ele></trkpt>
    <trkpt lat="46.315346" lon="11.26263"><ele>217.25</ele></trkpt>
    <trkpt lat="46.314989" lon="11.262157"><ele>218.5</ele></trkpt>
    <trkpt lat="46.314799" lon="11.261966"><ele>218.25</ele></trkpt>
    <trkpt lat="46.314774" lon="11.261955"><ele>218.75</ele></trkpt>
    <trkpt lat="46.31187" lon="11.259073"><ele>216.75</ele></trkpt>
    <trkpt lat="46.310668" lon="11.257878"><ele>216.5</ele></trkpt>
    <trkpt lat="46.310526" lon="11.257727"><ele>217.5</ele></trkpt>
    <trkpt lat="46.310302" lon="11.257514"><ele>218.25</ele></trkpt>
    <trkpt lat="46.306775" lon="11.254011"><ele>216.0</ele></trkpt>
    <trkpt lat="46.304859" lon="11.252131"><ele>215.5</ele></trkpt>
    <trkpt lat="46.303881" lon="11.251194"><ele>215.75</ele></trkpt>
    <trkpt lat="46.303031" lon="11.250426"><ele>217.0</ele></trkpt>
    <trkpt lat="46.302471" lon="11.249939"><ele>217.25</ele></trkpt>
    <trkpt lat="46.299166" lon="11.247195"><ele>217.5</ele></trkpt>
    <trkpt lat="46.29831" lon="11.246485"><ele>215.75</ele></trkpt>
    <trkpt lat="46.296784" lon="11.245219"><ele>215.5</ele></trkpt>
    <trkpt lat="46.294517" lon="11.243358"><ele>217.0</ele></trkpt>
    <trkpt lat="46.294146" lon="11.243053"><ele>216.75</ele></trkpt>
    <trkpt lat="46.293561" lon="11.242535"><ele>215.0</ele></trkpt>
    <trkpt lat="46.293256" lon="11.242307"><ele>215.0</ele></trkpt>
    <trkpt lat="46.292345" lon="11.241535"><ele>214.5</ele></trkpt>
    <trkpt lat="46.292276" lon="11.241483"><ele>214.75</ele></trkpt>
    <trkpt lat="46.292239" lon="11.241457"><ele>215.25</ele></trkpt>
    <trkpt lat="46.291949" lon="11.241276"><ele>215.75</ele></trkpt>
    <trkpt lat="46.290633" lon="11.240451"><ele>214.5</ele></trkpt>
    <trkpt lat="46.290039" lon="11.240125"><ele>214.5</ele></trkpt>
    <trkpt lat="46.289671" lon="11.239935"><ele>215.75</ele></trkpt>
    <trkpt lat="46.289493" lon="11.239844"><ele>214.75</ele></trkpt>
    <trkpt lat="46.289392" lon="11.239794"><ele>214.75</ele></trkpt>
    <trkpt lat="46.289311" lon="11.239754"><ele>215.25</ele></trkpt>
    <trkpt lat="46.289131" lon="11.239664"><ele>215.5</ele></trkpt>
    <trkpt lat="46.288628" lon="11.239446"><ele>217.5</ele></trkpt>
    <trkpt lat="46.287823" lon="11.239126"><ele>216.0</ele></trkpt>
    <trkpt lat="46.287266" lon="11.238941"><ele>215.0</ele></trkpt>
    <trkpt lat="46.287027" lon="11.238877"><ele>217.75</ele></trkpt>
    <trkpt lat="46.286986" lon="11.238866"><ele>217.75</ele></trkpt>
    <trkpt lat="46.28695" lon="11.238856"><ele>217.75</ele></trkpt>
    <trkpt lat="46.286103" lon="11.238621"><ele>215.75</ele></trkpt>
    <trkpt lat="46.285349" lon="11.238446"><ele>214.25</ele></trkpt>
    <trkpt lat="46.284626" lon="11.238332"><ele>215.75</ele></trkpt>
    <trkpt lat="46.283607" lon="11.238214"><ele>215.25</ele></trkpt>
    <trkpt lat="46.281632" lon="11.237991"><ele>215.5</ele></trkpt>
    <trkpt lat="46.281229" lon="11.237937"><ele>215.0</ele></trkpt>
    <trkpt lat="46.280914" lon="11.237856"><ele>215.25</ele></trkpt>
    <trkpt lat="46.280146" lon="11.237591"><ele>215.5</ele></trkpt>
    <trkpt lat="46.279871" lon="11.237499"><ele>216.5</ele></trkpt>
    <trkpt lat="46.278998" lon="11.237028"><ele>214.25</ele></trkpt>
    <trkpt lat="46.278251" lon="11.236688"><ele>215.0</ele></trkpt>
    <trkpt lat="46.277708" lon="11.23645"><ele>214.25</ele></trkpt>
    <trkpt lat="46.277201" lon="11.236243"><ele>213.25</ele></trkpt>
    <trkpt lat="46.276867" lon="11.236136"><ele>215.75</ele></trkpt>
    <trkpt lat="46.274586" lon="11.235492"><ele>214.5</ele></trkpt>
    <trkpt lat="46.27267" lon="11.234963"><ele>214.75</ele></trkpt>
    <trkpt lat="46.271369" lon="11.234551"><ele>213.0</ele></trkpt>
    <trkpt lat="46.270446" lon="11.234164"><ele>215.5</ele></trkpt>
    <trkpt lat="46.269349" lon="11.233622"><ele>214.75</ele></trkpt>
    <trkpt lat="46.268953" lon="11.233436"><ele>214.0</ele></trkpt>
    <trkpt lat="46.268796" lon="11.233408"><ele>215.0</ele></trkpt>
    <trkpt lat="46.268651" lon="11.233379"><ele>216.5</ele></trkpt>
    <trkpt lat="46.268581" lon="11.233329"><ele>217.25</ele></trkpt>
    <trkpt lat="46.268329" lon="11.233141"><ele>213.5</ele></trkpt>
    <trkpt lat="46.267447" lon="11.232617"><ele>213.0</ele></trkpt>
    <trkpt lat="46.265412" lon="11.231299"><ele>213.5</ele></trkpt>
    <trkpt lat="46.264992" lon="11.231017"><ele>213.0</ele></trkpt>
    <trkpt lat="46.264703" lon="11.23082"><ele>215.25</ele></trkpt>
    <trkpt lat="46.264158" lon="11.230431"><ele>213.5</ele></trkpt>
    <trkpt lat="46.263844" lon="11.230181"><ele>214.0</ele></trkpt>
    <trkpt lat="46.263666" lon="11.230024"><ele>214.75</ele></trkpt>
    <trkpt lat="46.263053" lon="11.229458"><ele>215.5</ele></trkpt>
    <trkpt lat="46.261412" lon="11.227765"><ele>213.25</ele></trkpt>
    <trkpt lat="46.261151" lon="11.227509"><ele>214.0</ele></trkpt>
    <trkpt lat="46.258559" lon="11.224884"><ele>212.75</ele></trkpt>
    <trkpt lat="46.257498" lon="11.223827"><ele>214.0</ele></trkpt>
    <trkpt lat="46.256126" lon="11.222483"><ele>213.5</ele></trkpt>
    <trkpt lat="46.255753" lon="11.222086"><ele>212.5</ele></trkpt>
    <trkpt lat="46.255439" lon="11.221737"><ele>212.25</ele></trkpt>
    <trkpt lat="46.255138" lon="11.221364"><ele>211.75</ele></trkpt>
    <trkpt lat="46.253847" lon="11.219472"><ele>213.25</ele></trkpt>
    <trkpt lat="46.252423" lon="11.217605"><ele>212.5</ele></trkpt>
    <trkpt lat="46.251874" lon="11.216859"><ele>213.0</ele></trkpt>
    <trkpt lat="46.251476" lon="11.216296"><ele>212.0</ele></trkpt>
    <trkpt lat="46.250773" lon="11.215327"><ele>212.5</ele></trkpt>
    <trkpt lat="46.250429" lon="11.214932"><ele>211.75</ele></trkpt>
    <trkpt lat="46.250149" lon="11.214647"><ele>212.25</ele></trkpt>
    <trkpt lat="46.249347" lon="11.213872"><ele>212.5</ele></trkpt>
    <trkpt lat="46.248931" lon="11.213461"><ele>212.25</ele></trkpt>
    <trkpt lat="46.248241" lon="11.21276"><ele>212.25</ele></trkpt>
    <trkpt lat="46.247896" lon="11.212377"><ele>211.75</ele></trkpt>
    <trkpt lat="46.247521" lon="11.211909"><ele>213.0</ele></trkpt>
    <trkpt lat="46.247209" lon="11.211503"><ele>212.25</ele></trkpt>
    <trkpt lat="46.246648" lon="11.210779"><ele>212.75</ele></trkpt>
    <trkpt lat="46.246378" lon="11.210415"><ele>211.75</ele></trkpt>
    <trkpt lat="46.246103" lon="11.209992"><ele>212.75</ele></trkpt>
    <trkpt lat="46.245831" lon="11.209593"><ele>211.5</ele></trkpt>
    <trkpt lat="46.245611" lon="11.209238"><ele>212.0</ele></trkpt>
    <trkpt lat="46.245388" lon="11.20884"><ele>210.5</ele></trkpt>
    <trkpt lat="46.245014" lon="11.208128"><ele>212.0</ele></trkpt>
    <trkpt lat="46.244521" lon="11.207044"><ele>210.75</ele></trkpt>
    <trkpt lat="46.244269" lon="11.206457"><ele>210.25</ele></trkpt>
    <trkpt lat="46.244127" lon="11.206092"><ele>212.0</ele></trkpt>
    <trkpt lat="46.244001" lon="11.205687"><ele>210.5</ele></trkpt>
    <trkpt lat="46.244024" lon="11.205555"><ele>210.5</ele></trkpt>
    <trkpt lat="46.244027" lon="11.205476"><ele>210.5</ele></trkpt>
    <trkpt lat="46.244017" lon="11.205392"><ele>210.75</ele></trkpt>
    <trkpt lat="46.243992" lon="11.20528"><ele>211.25</ele></trkpt>
    <trkpt lat="46.243956" lon="11.205172"><ele>211.0</ele></trkpt>
    <trkpt lat="46.243887" lon="11.205024"><ele>210.25</ele></trkpt>
    <trkpt lat="46.24371" lon="11.204663"><ele>210.25</ele></trkpt>
    <trkpt lat="46.243611" lon="11.204503"><ele>212.75</ele></trkpt>
    <trkpt lat="46.243759" lon="11.204971"><ele>209.5</ele></trkpt>
    <trkpt lat="46.243803" lon="11.205108"><ele>210.75</ele></trkpt>
    <trkpt lat="46.243811" lon="11.205135"><ele>211.0</ele></trkpt>
    <trkpt lat="46.24377" lon="11.205199"><ele>211.0</ele></trkpt>
    <trkpt lat="46.243405" lon="11.205724"><ele>210.0</ele></trkpt>
    <trkpt lat="46.24338" lon="11.205784"><ele>210.25</ele></trkpt>
    <trkpt lat="46.24331" lon="11.205884"><ele>210.25</ele></trkpt>
    <trkpt lat="46.243254" lon="11.205938"><ele>209.5</ele></trkpt>
    <trkpt lat="46.243226" lon="11.205977"><ele>209.0</ele></trkpt>
    <trkpt lat="46.242489" lon="11.207013"><ele>209.75</ele></trkpt>
    <trkpt lat="46.242393" lon="11.207153"><ele>209.75</ele></trkpt>
    <trkpt lat="46.242341" lon="11.207173"><ele>209.75</ele></trkpt>
    <trkpt lat="46.242321" lon="11.207197"><ele>209.75</ele></trkpt>
    <trkpt lat="46.242302" lon="11.207268"><ele>210.0</ele></trkpt>
    <trkpt lat="46.24223" lon="11.207359"><ele>210.0</ele></trkpt>
    <trkpt lat="46.242247" lon="11.207416"><ele>210.0</ele></trkpt>
    <trkpt lat="46.241947" lon="11.207788"><ele>209.75</ele></trkpt>
    <trkpt lat="46.241855" lon="11.207913"><ele>209.25</ele></trkpt>
    <trkpt lat="46.241768" lon="11.208024"><ele>209.0</ele></trkpt>
    <trkpt lat="46.241499" lon="11.208369"><ele>209.75</ele></trkpt>
    <trkpt lat="46.241456" lon="11.208423"><ele>209.75</ele></trkpt>
    <trkpt lat="46.241414" lon="11.208472"><ele>209.5</ele></trkpt>
    <trkpt lat="46.241361" lon="11.20854"><ele>209.25</ele></trkpt>
    <trkpt lat="46.241293" lon="11.208622"><ele>209.25</ele></trkpt>
    <trkpt lat="46.241286" lon="11.20863"><ele>209.25</ele></trkpt>
    <trkpt lat="46.241168" lon="11.208774"><ele>209.75</ele></trkpt>
    <trkpt lat="46.241091" lon="11.20885"><ele>209.75</ele></trkpt>
    <trkpt lat="46.241041" lon="11.208903"><ele>209.75</ele></trkpt>
    <trkpt lat="46.240948" lon="11.209031"><ele>209.5</ele></trkpt>
    <trkpt lat="46.240735" lon="11.209507"><ele>210.0</ele></trkpt>
    <trkpt lat="46.240708" lon="11.209566"><ele>210.0</ele></trkpt>
    <trkpt lat="46.24069" lon="11.209641"><ele>210.0</ele></trkpt>
    <trkpt lat="46.240685" lon="11.209751"><ele>210.0</ele></trkpt>
    <trkpt lat="46.240656" lon="11.209839"><ele>210.25</ele></trkpt>
    <trkpt lat="46.240596" lon="11.209978"><ele>210.75</ele></trkpt>
    <trkpt lat="46.240453" lon="11.21018"><ele>211.0</ele></trkpt>
    <trkpt lat="46.240369" lon="11.2103"><ele>211.75</ele></trkpt>
    <trkpt lat="46.240269" lon="11.210487"><ele>212.75</ele></trkpt>
    <trkpt lat="46.240154" lon="11.210708"><ele>213.0</ele></trkpt>
    <trkpt lat="46.240086" lon="11.210838"><ele>213.5</ele></trkpt>
    <trkpt lat="46.239999" lon="11.210999"><ele>214.25</ele></trkpt>
    <trkpt lat="46.240086" lon="11.210838"><ele>213.5</ele></trkpt>
    <trkpt lat="46.240154" lon="11.210708"><ele>213.0</ele></trkpt>
    <trkpt lat="46.240269" lon="11.210487"><ele>212.75</ele></trkpt>
    <trkpt lat="46.240369" lon="11.2103"><ele>211.75</ele></trkpt>
    <trkpt lat="46.240453" lon="11.21018"><ele>211.0</ele></trkpt>
    <trkpt lat="46.240596" lon="11.209978"><ele>210.75</ele></trkpt>
    <trkpt lat="46.240656" lon="11.209839"><ele>210.25</ele></trkpt>
    <trkpt lat="46.240685" lon="11.209751"><ele>210.0</ele></trkpt>
    <trkpt lat="46.24069" lon="11.209641"><ele>210.0</ele></trkpt>
    <trkpt lat="46.240708" lon="11.209566"><ele>210.0</ele></trkpt>
    <trkpt lat="46.240735" lon="11.209507"><ele>210.0</ele></trkpt>
    <trkpt lat="46.240948" lon="11.209031"><ele>209.5</ele></trkpt>
    <trkpt lat="46.241041" lon="11.208903"><ele>209.75</ele></trkpt>
    <trkpt lat="46.241091" lon="11.20885"><ele>209.75</ele></trkpt>
    <trkpt lat="46.241168" lon="11.208774"><ele>209.75</ele></trkpt>
    <trkpt lat="46.241286" lon="11.20863"><ele>209.25</ele></trkpt>
    <trkpt lat="46.241293" lon="11.208622"><ele>209.25</ele></trkpt>
    <trkpt lat="46.241361" lon="11.20854"><ele>209.25</ele></trkpt>
    <trkpt lat="46.241414" lon="11.208472"><ele>209.5</ele></trkpt>
    <trkpt lat="46.241456" lon="11.208423"><ele>209.75</ele></trkpt>
    <trkpt lat="46.241499" lon="11.208369"><ele>209.75</ele></trkpt>
    <trkpt lat="46.241768" lon="11.208024"><ele>209.0</ele></trkpt>
    <trkpt lat="46.241855" lon="11.207913"><ele>209.25</ele></trkpt>
    <trkpt lat="46.241947" lon="11.207788"><ele>209.75</ele></trkpt>
    <trkpt lat="46.242247" lon="11.207416"><ele>210.0</ele></trkpt>
    <trkpt lat="46.24223" lon="11.207359"><ele>210.0</ele></trkpt>
    <trkpt lat="46.242302" lon="11.207268"><ele>210.0</ele></trkpt>
    <trkpt lat="46.242321" lon="11.207197"><ele>209.75</ele></trkpt>
    <trkpt lat="46.242341" lon="11.207173"><ele>209.75</ele></trkpt>
    <trkpt lat="46.242393" lon="11.207153"><ele>209.75</ele></trkpt>
    <trkpt lat="46.242489" lon="11.207013"><ele>209.75</ele></trkpt>
    <trkpt lat="46.243226" lon="11.205977"><ele>209.0</ele></trkpt>
    <trkpt lat="46.243254" lon="11.205938"><ele>209.5</ele></trkpt>
    <trkpt lat="46.24331" lon="11.205884"><ele>210.25</ele></trkpt>
    <trkpt lat="46.24338" lon="11.205784"><ele>210.25</ele></trkpt>
    <trkpt lat="46.243405" lon="11.205724"><ele>210.0</ele></trkpt>
    <trkpt lat="46.24377" lon="11.205199"><ele>211.0</ele></trkpt>
    <trkpt lat="46.243811" lon="11.205135"><ele>211.0</ele></trkpt>
    <trkpt lat="46.243803" lon="11.205108"><ele>210.75</ele></trkpt>
    <trkpt lat="46.243759" lon="11.204971"><ele>209.5</ele></trkpt>
    <trkpt lat="46.243611" lon="11.204503"><ele>212.75</ele></trkpt>
    <trkpt lat="46.243454" lon="11.204029"><ele>209.75</ele></trkpt>
    <trkpt lat="46.243388" lon="11.203926"><ele>210.75</ele></trkpt>
    <trkpt lat="46.243263" lon="11.203543"><ele>211.0</ele></trkpt>
    <trkpt lat="46.243249" lon="11.203401"><ele>210.0</ele></trkpt>
    <trkpt lat="46.241339" lon="11.197646"><ele>211.0</ele></trkpt>
    <trkpt lat="46.239576" lon="11.192276"><ele>209.5</ele></trkpt>
    <trkpt lat="46.239505" lon="11.192099"><ele>210.25</ele></trkpt>
    <trkpt lat="46.23905" lon="11.191284"><ele>210.25</ele></trkpt>
    <trkpt lat="46.238477" lon="11.190264"><ele>210.0</ele></trkpt>
    <trkpt lat="46.238419" lon="11.190149"><ele>210.75</ele></trkpt>
    <trkpt lat="46.238368" lon="11.19003"><ele>212.0</ele></trkpt>
    <trkpt lat="46.238289" lon="11.189806"><ele>211.25</ele></trkpt>
    <trkpt lat="46.238257" lon="11.189678"><ele>210.5</ele></trkpt>
    <trkpt lat="46.238223" lon="11.189474"><ele>210.0</ele></trkpt>
    <trkpt lat="46.238196" lon="11.189058"><ele>210.0</ele></trkpt>
    <trkpt lat="46.238166" lon="11.188714"><ele>210.0</ele></trkpt>
    <trkpt lat="46.238147" lon="11.188585"><ele>210.25</ele></trkpt>
    <trkpt lat="46.238084" lon="11.188233"><ele>211.5</ele></trkpt>
    <trkpt lat="46.237864" lon="11.187335"><ele>210.25</ele></trkpt>
    <trkpt lat="46.237716" lon="11.186759"><ele>210.75</ele></trkpt>
    <trkpt lat="46.237665" lon="11.186589"><ele>209.5</ele></trkpt>
    <trkpt lat="46.237532" lon="11.186198"><ele>211.5</ele></trkpt>
    <trkpt lat="46.237443" lon="11.185965"><ele>211.0</ele></trkpt>
    <trkpt lat="46.237" lon="11.184938"><ele>212.0</ele></trkpt>
    <trkpt lat="46.236375" lon="11.183542"><ele>211.75</ele></trkpt>
    <trkpt lat="46.236144" lon="11.183061"><ele>211.25</ele></trkpt>
    <trkpt lat="46.235886" lon="11.182569"><ele>209.75</ele></trkpt>
    <trkpt lat="46.235546" lon="11.181952"><ele>211.75</ele></trkpt>
    <trkpt lat="46.235348" lon="11.181632"><ele>210.0</ele></trkpt>
    <trkpt lat="46.234598" lon="11.180508"><ele>209.0</ele></trkpt>
    <trkpt lat="46.233748" lon="11.179283"><ele>209.0</ele></trkpt>
    <trkpt lat="46.233483" lon="11.178929"><ele>208.0</ele></trkpt>
    <trkpt lat="46.233082" lon="11.178351"><ele>211.0</ele></trkpt>
    <trkpt lat="46.232994" lon="11.178236"><ele>209.75</ele></trkpt>
    <trkpt lat="46.232663" lon="11.17788"><ele>209.75</ele></trkpt>
    <trkpt lat="46.231939" lon="11.177213"><ele>212.75</ele></trkpt>
    <trkpt lat="46.231595" lon="11.176877"><ele>212.0</ele></trkpt>
    <trkpt lat="46.231286" lon="11.176592"><ele>210.5</ele></trkpt>
    <trkpt lat="46.231068" lon="11.176375"><ele>210.5</ele></trkpt>
    <trkpt lat="46.230987" lon="11.176289"><ele>209.75</ele></trkpt>
    <trkpt lat="46.230762" lon="11.17597"><ele>210.0</ele></trkpt>
    <trkpt lat="46.230501" lon="11.175582"><ele>210.0</ele></trkpt>
    <trkpt lat="46.227945" lon="11.171588"><ele>209.25</ele></trkpt>
    <trkpt lat="46.227701" lon="11.171131"><ele>209.25</ele></trkpt>
    <trkpt lat="46.227442" lon="11.170579"><ele>209.5</ele></trkpt>
    <trkpt lat="46.227178" lon="11.169867"><ele>209.5</ele></trkpt>
    <trkpt lat="46.226905" lon="11.169024"><ele>209.5</ele></trkpt>
    <trkpt lat="46.226856" lon="11.168842"><ele>209.25</ele></trkpt>
    <trkpt lat="46.226826" lon="11.168601"><ele>208.5</ele></trkpt>
    <trkpt lat="46.226703" lon="11.168104"><ele>208.5</ele></trkpt>
    <trkpt lat="46.226656" lon="11.167746"><ele>210.75</ele></trkpt>
    <trkpt lat="46.226606" lon="11.167488"><ele>209.75</ele></trkpt>
    <trkpt lat="46.226569" lon="11.167398"><ele>209.5</ele></trkpt>
    <trkpt lat="46.2264" lon="11.167451"><ele>209.5</ele></trkpt>
    <trkpt lat="46.22635" lon="11.167425"><ele>209.75</ele></trkpt>
    <trkpt lat="46.226329" lon="11.167353"><ele>209.25</ele></trkpt>
    <trkpt lat="46.226245" lon="11.166879"><ele>208.75</ele></trkpt>
    <trkpt lat="46.226193" lon="11.166712"><ele>210.5</ele></trkpt>
    <trkpt lat="46.226181" lon="11.166632"><ele>210.75</ele></trkpt>
    <trkpt lat="46.226178" lon="11.166469"><ele>210.75</ele></trkpt>
    <trkpt lat="46.226186" lon="11.166314"><ele>210.5</ele></trkpt>
    <trkpt lat="46.226208" lon="11.166079"><ele>210.5</ele></trkpt>
    <trkpt lat="46.226207" lon="11.16596"><ele>210.25</ele></trkpt>
    <trkpt lat="46.226188" lon="11.165826"><ele>210.0</ele></trkpt>
    <trkpt lat="46.226086" lon="11.165388"><ele>211.0</ele></trkpt>
    <trkpt lat="46.226015" lon="11.16424"><ele>209.5</ele></trkpt>
    <trkpt lat="46.226017" lon="11.164046"><ele>209.5</ele></trkpt>
    <trkpt lat="46.226047" lon="11.163639"><ele>210.0</ele></trkpt>
    <trkpt lat="46.226247" lon="11.162261"><ele>208.0</ele></trkpt>
    <trkpt lat="46.22631" lon="11.161757"><ele>208.5</ele></trkpt>
    <trkpt lat="46.226329" lon="11.161553"><ele>209.0</ele></trkpt>
    <trkpt lat="46.22635" lon="11.161071"><ele>209.5</ele></trkpt>
    <trkpt lat="46.22636" lon="11.160112"><ele>209.75</ele></trkpt>
    <trkpt lat="46.226361" lon="11.158997"><ele>210.5</ele></trkpt>
    <trkpt lat="46.226345" lon="11.158485"><ele>210.5</ele></trkpt>
    <trkpt lat="46.226314" lon="11.15792"><ele>208.5</ele></trkpt>
    <trkpt lat="46.226266" lon="11.157344"><ele>208.5</ele></trkpt>
    <trkpt lat="46.226223" lon="11.156891"><ele>208.5</ele></trkpt>
    <trkpt lat="46.22616" lon="11.156403"><ele>210.5</ele></trkpt>
    <trkpt lat="46.225897" lon="11.155248"><ele>209.75</ele></trkpt>
    <trkpt lat="46.225666" lon="11.15442"><ele>208.5</ele></trkpt>
    <trkpt lat="46.225511" lon="11.153896"><ele>209.5</ele></trkpt>
    <trkpt lat="46.2254" lon="11.153578"><ele>208.5</ele></trkpt>
    <trkpt lat="46.225288" lon="11.153292"><ele>210.5</ele></trkpt>
    <trkpt lat="46.225093" lon="11.152928"><ele>208.75</ele></trkpt>
    <trkpt lat="46.224879" lon="11.152576"><ele>209.0</ele></trkpt>
    <trkpt lat="46.224709" lon="11.152311"><ele>209.5</ele></trkpt>
    <trkpt lat="46.224536" lon="11.152112"><ele>209.0</ele></trkpt>
    <trkpt lat="46.223919" lon="11.151538"><ele>209.25</ele></trkpt>
    <trkpt lat="46.22215" lon="11.150028"><ele>208.5</ele></trkpt>
    <trkpt lat="46.221099" lon="11.149124"><ele>210.25</ele></trkpt>
    <trkpt lat="46.220856" lon="11.148949"><ele>209.25</ele></trkpt>
    <trkpt lat="46.22078" lon="11.148891"><ele>209.5</ele></trkpt>
    <trkpt lat="46.219757" lon="11.148308"><ele>210.25</ele></trkpt>
    <trkpt lat="46.21969" lon="11.148269"><ele>210.0</ele></trkpt>
    <trkpt lat="46.219566" lon="11.148215"><ele>208.75</ele></trkpt>
    <trkpt lat="46.218602" lon="11.14791"><ele>208.5</ele></trkpt>
    <trkpt lat="46.218239" lon="11.147836"><ele>208.5</ele></trkpt>
    <trkpt lat="46.217725" lon="11.14778"><ele>208.75</ele></trkpt>
    <trkpt lat="46.217166" lon="11.147759"><ele>209.5</ele></trkpt>
    <trkpt lat="46.215016" lon="11.147679"><ele>209.25</ele></trkpt>
    <trkpt lat="46.212826" lon="11.147626"><ele>207.0</ele></trkpt>
    <trkpt lat="46.211665" lon="11.147593"><ele>207.5</ele></trkpt>
    <trkpt lat="46.2112" lon="11.147524"><ele>208.5</ele></trkpt>
    <trkpt lat="46.210793" lon="11.147427"><ele>208.5</ele></trkpt>
    <trkpt lat="46.210366" lon="11.147272"><ele>208.25</ele></trkpt>
    <trkpt lat="46.209946" lon="11.147074"><ele>207.75</ele></trkpt>
    <trkpt lat="46.209647" lon="11.146891"><ele>208.0</ele></trkpt>
    <trkpt lat="46.209353" lon="11.14671"><ele>207.75</ele></trkpt>
    <trkpt lat="46.208839" lon="11.146306"><ele>208.0</ele></trkpt>
    <trkpt lat="46.208598" lon="11.1461"><ele>208.75</ele></trkpt>
    <trkpt lat="46.208203" lon="11.145612"><ele>208.25</ele></trkpt>
    <trkpt lat="46.208023" lon="11.145369"><ele>208.0</ele></trkpt>
    <trkpt lat="46.205859" lon="11.142395"><ele>208.75</ele></trkpt>
    <trkpt lat="46.205747" lon="11.142251"><ele>208.25</ele></trkpt>
    <trkpt lat="46.205713" lon="11.142323"><ele>208.75</ele></trkpt>
    <trkpt lat="46.205703" lon="11.142346"><ele>208.75</ele></trkpt>
    <trkpt lat="46.205679" lon="11.142399"><ele>209.0</ele></trkpt>
    <trkpt lat="46.20572" lon="11.142505"><ele>209.5</ele></trkpt>
    <trkpt lat="46.205466" lon="11.143054"><ele>209.0</ele></trkpt>
    <trkpt lat="46.205208" lon="11.143522"><ele>210.75</ele></trkpt>
    <trkpt lat="46.205148" lon="11.143499"><ele>210.75</ele></trkpt>
    <trkpt lat="46.205074" lon="11.143456"><ele>210.75</ele></trkpt>
    <trkpt lat="46.204285" lon="11.142998"><ele>208.5</ele></trkpt>
    <trkpt lat="46.203892" lon="11.142732"><ele>208.5</ele></trkpt>
    <trkpt lat="46.203537" lon="11.142541"><ele>207.5</ele></trkpt>
    <trkpt lat="46.202368" lon="11.142006"><ele>208.0</ele></trkpt>
    <trkpt lat="46.201816" lon="11.141772"><ele>210.75</ele></trkpt>
    <trkpt lat="46.201531" lon="11.141516"><ele>211.5</ele></trkpt>
    <trkpt lat="46.200946" lon="11.140966"><ele>212.0</ele></trkpt>
    <trkpt lat="46.200838" lon="11.140842"><ele>212.0</ele></trkpt>
    <trkpt lat="46.200615" lon="11.140485"><ele>215.5</ele></trkpt>
    <trkpt lat="46.200434" lon="11.140061"><ele>215.75</ele></trkpt>
    <trkpt lat="46.200345" lon="11.139792"><ele>216.75</ele></trkpt>
    <trkpt lat="46.200299" lon="11.138958"><ele>218.0</ele></trkpt>
    <trkpt lat="46.200273" lon="11.138703"><ele>219.5</ele></trkpt>
    <trkpt lat="46.200184" lon="11.138389"><ele>219.75</ele></trkpt>
    <trkpt lat="46.200032" lon="11.138006"><ele>219.5</ele></trkpt>
    <trkpt lat="46.199873" lon="11.137548"><ele>223.25</ele></trkpt>
    <trkpt lat="46.199757" lon="11.137291"><ele>222.5</ele></trkpt>
    <trkpt lat="46.199662" lon="11.137148"><ele>221.75</ele></trkpt>
    <trkpt lat="46.199519" lon="11.136996"><ele>221.25</ele></trkpt>
    <trkpt lat="46.199162" lon="11.136754"><ele>223.5</ele></trkpt>
    <trkpt lat="46.19896" lon="11.136731"><ele>222.25</ele></trkpt>
    <trkpt lat="46.198454" lon="11.13675"><ele>217.75</ele></trkpt>
    <trkpt lat="46.198342" lon="11.136734"><ele>216.75</ele></trkpt>
    <trkpt lat="46.198242" lon="11.136687"><ele>216.75</ele></trkpt>
    <trkpt lat="46.198158" lon="11.136621"><ele>216.75</ele></trkpt>
    <trkpt lat="46.198066" lon="11.13653"><ele>216.25</ele></trkpt>
    <trkpt lat="46.197891" lon="11.136277"><ele>216.25</ele></trkpt>
    <trkpt lat="46.197825" lon="11.136162"><ele>216.0</ele></trkpt>
    <trkpt lat="46.197256" lon="11.134841"><ele>218.75</ele></trkpt>
    <trkpt lat="46.197167" lon="11.134662"><ele>219.5</ele></trkpt>
    <trkpt lat="46.197088" lon="11.134537"><ele>220.0</ele></trkpt>
    <trkpt lat="46.197011" lon="11.134434"><ele>220.25</ele></trkpt>
    <trkpt lat="46.196763" lon="11.134219"><ele>218.5</ele></trkpt>
    <trkpt lat="46.196415" lon="11.13397"><ele>217.5</ele></trkpt>
    <trkpt lat="46.196262" lon="11.133877"><ele>217.0</ele></trkpt>
    <trkpt lat="46.196011" lon="11.133699"><ele>215.0</ele></trkpt>
    <trkpt lat="46.195875" lon="11.133614"><ele>213.75</ele></trkpt>
    <trkpt lat="46.195663" lon="11.133513"><ele>212.75</ele></trkpt>
    <trkpt lat="46.195561" lon="11.133476"><ele>213.0</ele></trkpt>
    <trkpt lat="46.19547" lon="11.133438"><ele>212.5</ele></trkpt>
    <trkpt lat="46.195202" lon="11.133332"><ele>210.75</ele></trkpt>
    <trkpt lat="46.195133" lon="11.133325"><ele>210.75</ele></trkpt>
    <trkpt lat="46.195076" lon="11.133303"><ele>210.75</ele></trkpt>
    <trkpt lat="46.19502" lon="11.13328"><ele>210.5</ele></trkpt>
    <trkpt lat="46.194889" lon="11.1332"><ele>210.25</ele></trkpt>
    <trkpt lat="46.194584" lon="11.133024"><ele>209.0</ele></trkpt>
    <trkpt lat="46.194508" lon="11.132978"><ele>209.0</ele></trkpt>
    <trkpt lat="46.194405" lon="11.13293"><ele>208.75</ele></trkpt>
    <trkpt lat="46.194122" lon="11.132772"><ele>206.75</ele></trkpt>
    <trkpt lat="46.194033" lon="11.13273"><ele>206.5</ele></trkpt>
    <trkpt lat="46.193989" lon="11.132718"><ele>206.5</ele></trkpt>
    <trkpt lat="46.193929" lon="11.132712"><ele>206.25</ele></trkpt>
    <trkpt lat="46.193727" lon="11.132715"><ele>206.0</ele></trkpt>
    <trkpt lat="46.193654" lon="11.132714"><ele>206.0</ele></trkpt>
    <trkpt lat="46.193589" lon="11.132719"><ele>206.0</ele></trkpt>
    <trkpt lat="46.193586" lon="11.132688"><ele>206.25</ele></trkpt>
    <trkpt lat="46.193573" lon="11.132647"><ele>206.25</ele></trkpt>
    <trkpt lat="46.193551" lon="11.132616"><ele>206.25</ele></trkpt>
    <trkpt lat="46.193509" lon="11.132594"><ele>206.25</ele></trkpt>
    <trkpt lat="46.193465" lon="11.132605"><ele>206.25</ele></trkpt>
    <trkpt lat="46.193435" lon="11.132637"><ele>206.0</ele></trkpt>
    <trkpt lat="46.193426" lon="11.132556"><ele>206.25</ele></trkpt>
    <trkpt lat="46.193411" lon="11.132397"><ele>206.75</ele></trkpt>
    <trkpt lat="46.193378" lon="11.132299"><ele>207.0</ele></trkpt>
    <trkpt lat="46.193269" lon="11.132081"><ele>207.0</ele></trkpt>
    <trkpt lat="46.19319" lon="11.131972"><ele>206.75</ele></trkpt>
    <trkpt lat="46.193144" lon="11.131922"><ele>206.5</ele></trkpt>
    <trkpt lat="46.193239" lon="11.131764"><ele>206.25</ele></trkpt>
    <trkpt lat="46.192986" lon="11.131516"><ele>206.0</ele></trkpt>
    <trkpt lat="46.192608" lon="11.131174"><ele>206.25</ele></trkpt>
    <trkpt lat="46.192517" lon="11.131056"><ele>207.0</ele></trkpt>
    <trkpt lat="46.192238" lon="11.130511"><ele>207.25</ele></trkpt>
    <trkpt lat="46.192174" lon="11.130441"><ele>206.75</ele></trkpt>
    <trkpt lat="46.191857" lon="11.12972"><ele>206.25</ele></trkpt>
    <trkpt lat="46.191707" lon="11.129457"><ele>205.5</ele></trkpt>
    <trkpt lat="46.191587" lon="11.129267"><ele>206.75</ele></trkpt>
    <trkpt lat="46.191531" lon="11.129179"><ele>207.75</ele></trkpt>
    <trkpt lat="46.191485" lon="11.129027"><ele>206.75</ele></trkpt>
    <trkpt lat="46.191464" lon="11.128987"><ele>206.5</ele></trkpt>
    <trkpt lat="46.191424" lon="11.128967"><ele>206.0</ele></trkpt>
    <trkpt lat="46.191098" lon="11.129094"><ele>207.0</ele></trkpt>
    <trkpt lat="46.191018" lon="11.129105"><ele>207.0</ele></trkpt>
    <trkpt lat="46.190841" lon="11.129099"><ele>206.5</ele></trkpt>
    <trkpt lat="46.190702" lon="11.129071"><ele>206.25</ele></trkpt>
    <trkpt lat="46.190536" lon="11.12902"><ele>205.75</ele></trkpt>
    <trkpt lat="46.190416" lon="11.128956"><ele>205.0</ele></trkpt>
    <trkpt lat="46.190185" lon="11.128774"><ele>205.0</ele></trkpt>
    <trkpt lat="46.189739" lon="11.128366"><ele>205.0</ele></trkpt>
    <trkpt lat="46.188504" lon="11.127223"><ele>204.0</ele></trkpt>
    <trkpt lat="46.186944" lon="11.125781"><ele>203.75</ele></trkpt>
    <trkpt lat="46.186906" lon="11.125712"><ele>203.75</ele></trkpt>
    <trkpt lat="46.18692" lon="11.125645"><ele>203.75</ele></trkpt>
    <trkpt lat="46.186971" lon="11.125541"><ele>203.75</ele></trkpt>
    <trkpt lat="46.187108" lon="11.125345"><ele>203.0</ele></trkpt>
    <trkpt lat="46.187164" lon="11.125208"><ele>203.25</ele></trkpt>
    <trkpt lat="46.187198" lon="11.124974"><ele>204.0</ele></trkpt>
    <trkpt lat="46.187208" lon="11.124752"><ele>204.0</ele></trkpt>
    <trkpt lat="46.187212" lon="11.124622"><ele>203.5</ele></trkpt>
    <trkpt lat="46.187214" lon="11.124563"><ele>203.25</ele></trkpt>
    <trkpt lat="46.187224" lon="11.124279"><ele>203.5</ele></trkpt>
    <trkpt lat="46.187374" lon="11.124199"><ele>203.75</ele></trkpt>
    <trkpt lat="46.187483" lon="11.124099"><ele>204.0</ele></trkpt>
    <trkpt lat="46.187607" lon="11.123792"><ele>204.0</ele></trkpt>
    <trkpt lat="46.187794" lon="11.123379"><ele>203.75</ele></trkpt>
    <trkpt lat="46.188263" lon="11.122455"><ele>204.0</ele></trkpt>
    <trkpt lat="46.188249" lon="11.122382"><ele>204.0</ele></trkpt>
    <trkpt lat="46.188269" lon="11.122289"><ele>204.0</ele></trkpt>
    <trkpt lat="46.18834" lon="11.122142"><ele>204.0</ele></trkpt>
    <trkpt lat="46.188585" lon="11.121675"><ele>204.0</ele></trkpt>
    <trkpt lat="46.188729" lon="11.121424"><ele>204.25</ele></trkpt>
    <trkpt lat="46.188784" lon="11.121346"><ele>204.5</ele></trkpt>
    <trkpt lat="46.188954" lon="11.121148"><ele>205.25</ele></trkpt>
    <trkpt lat="46.189003" lon="11.12107"><ele>205.25</ele></trkpt>
    <trkpt lat="46.188722" lon="11.120613"><ele>205.5</ele></trkpt>
    <trkpt lat="46.188018" lon="11.119671"><ele>207.0</ele></trkpt>
    <trkpt lat="46.187482" lon="11.11913"><ele>206.5</ele></trkpt>
    <trkpt lat="46.187124" lon="11.11883"><ele>205.75</ele></trkpt>
    <trkpt lat="46.186651" lon="11.11848"><ele>204.75</ele></trkpt>
    <trkpt lat="46.185142" lon="11.117468"><ele>205.75</ele></trkpt>
    <trkpt lat="46.184552" lon="11.117072"><ele>205.5</ele></trkpt>
    <trkpt lat="46.182198" lon="11.115539"><ele>206.5</ele></trkpt>
    <trkpt lat="46.180774" lon="11.11468"><ele>205.5</ele></trkpt>
    <trkpt lat="46.180226" lon="11.114312"><ele>205.25</ele></trkpt>
    <trkpt lat="46.177705" lon="11.112745"><ele>205.5</ele></trkpt>
    <trkpt lat="46.177396" lon="11.112601"><ele>205.0</ele></trkpt>
    <trkpt lat="46.176828" lon="11.112365"><ele>205.0</ele></trkpt>
    <trkpt lat="46.17632" lon="11.112254"><ele>205.5</ele></trkpt>
    <trkpt lat="46.175764" lon="11.112177"><ele>204.75</ele></trkpt>
    <trkpt lat="46.175167" lon="11.11219"><ele>206.0</ele></trkpt>
    <trkpt lat="46.173525" lon="11.112378"><ele>204.5</ele></trkpt>
    <trkpt lat="46.169216" lon="11.112911"><ele>203.5</ele></trkpt>
    <trkpt lat="46.168623" lon="11.112937"><ele>204.0</ele></trkpt>
    <trkpt lat="46.168477" lon="11.112943"><ele>204.0</ele></trkpt>
    <trkpt lat="46.167912" lon="11.112895"><ele>203.75</ele></trkpt>
    <trkpt lat="46.167442" lon="11.112787"><ele>204.75</ele></trkpt>
    <trkpt lat="46.167237" lon="11.112719"><ele>204.75</ele></trkpt>
    <trkpt lat="46.166805" lon="11.112555"><ele>205.25</ele></trkpt>
    <trkpt lat="46.166784" lon="11.112546"><ele>205.5</ele></trkpt>
    <trkpt lat="46.166758" lon="11.112536"><ele>205.5</ele></trkpt>
    <trkpt lat="46.166745" lon="11.112532"><ele>205.5</ele></trkpt>
    <trkpt lat="46.166352" lon="11.112359"><ele>204.5</ele></trkpt>
    <trkpt lat="46.166097" lon="11.112202"><ele>204.75</ele></trkpt>
    <trkpt lat="46.165849" lon="11.112022"><ele>204.5</ele></trkpt>
    <trkpt lat="46.16561" lon="11.111834"><ele>204.75</ele></trkpt>
    <trkpt lat="46.165109" lon="11.111331"><ele>203.25</ele></trkpt>
    <trkpt lat="46.164641" lon="11.110792"><ele>204.75</ele></trkpt>
    <trkpt lat="46.164212" lon="11.110168"><ele>203.0</ele></trkpt>
    <trkpt lat="46.163299" lon="11.108473"><ele>204.0</ele></trkpt>
    <trkpt lat="46.162408" lon="11.106777"><ele>204.0</ele></trkpt>
    <trkpt lat="46.162278" lon="11.106516"><ele>204.0</ele></trkpt>
    <trkpt lat="46.162237" lon="11.10656"><ele>204.25</ele></trkpt>
    <trkpt lat="46.162136" lon="11.106687"><ele>203.25</ele></trkpt>
    <trkpt lat="46.162095" lon="11.10676"><ele>203.0</ele></trkpt>
    <trkpt lat="46.162022" lon="11.106913"><ele>203.25</ele></trkpt>
    <trkpt lat="46.161758" lon="11.107322"><ele>203.0</ele></trkpt>
    <trkpt lat="46.161667" lon="11.107543"><ele>204.75</ele></trkpt>
    <trkpt lat="46.161619" lon="11.107622"><ele>204.75</ele></trkpt>
    <trkpt lat="46.161571" lon="11.107746"><ele>204.5</ele></trkpt>
    <trkpt lat="46.161529" lon="11.107819"><ele>204.5</ele></trkpt>
    <trkpt lat="46.161436" lon="11.107685"><ele>204.0</ele></trkpt>
    <trkpt lat="46.16128" lon="11.107534"><ele>204.0</ele></trkpt>
    <trkpt lat="46.161061" lon="11.107322"><ele>203.25</ele></trkpt>
    <trkpt lat="46.160943" lon="11.107201"><ele>202.75</ele></trkpt>
    <trkpt lat="46.160784" lon="11.107045"><ele>202.0</ele></trkpt>
    <trkpt lat="46.160674" lon="11.106957"><ele>201.25</ele></trkpt>
    <trkpt lat="46.15988" lon="11.106336"><ele>201.0</ele></trkpt>
    <trkpt lat="46.159627" lon="11.106116"><ele>201.5</ele></trkpt>
    <trkpt lat="46.159435" lon="11.105963"><ele>201.0</ele></trkpt>
    <trkpt lat="46.159261" lon="11.105823"><ele>201.0</ele></trkpt>
    <trkpt lat="46.159238" lon="11.105712"><ele>201.0</ele></trkpt>
    <trkpt lat="46.158644" lon="11.105229"><ele>201.5</ele></trkpt>
    <trkpt lat="46.157708" lon="11.10447"><ele>201.25</ele></trkpt>
    <trkpt lat="46.157643" lon="11.104417"><ele>201.25</ele></trkpt>
    <trkpt lat="46.156981" lon="11.103881"><ele>200.75</ele></trkpt>
    <trkpt lat="46.156953" lon="11.103773"><ele>200.5</ele></trkpt>
    <trkpt lat="46.156862" lon="11.103681"><ele>200.5</ele></trkpt>
    <trkpt lat="46.156348" lon="11.103238"><ele>200.0</ele></trkpt>
    <trkpt lat="46.15578" lon="11.102772"><ele>201.0</ele></trkpt>
    <trkpt lat="46.155378" lon="11.102457"><ele>201.5</ele></trkpt>
    <trkpt lat="46.15433" lon="11.101474"><ele>202.25</ele></trkpt>
    <trkpt lat="46.154072" lon="11.101198"><ele>202.5</ele></trkpt>
    <trkpt lat="46.154057" lon="11.101227"><ele>202.5</ele></trkpt>
    <trkpt lat="46.154015" lon="11.101312"><ele>203.25</ele></trkpt>
    <trkpt lat="46.153989" lon="11.101343"><ele>203.5</ele></trkpt>
    <trkpt lat="46.153876" lon="11.101233"><ele>203.75</ele></trkpt>
    <trkpt lat="46.153136" lon="11.100526"><ele>204.0</ele></trkpt>
    <trkpt lat="46.152293" lon="11.099722"><ele>205.5</ele></trkpt>
    <trkpt lat="46.152043" lon="11.099466"><ele>205.75</ele></trkpt>
    <trkpt lat="46.151923" lon="11.0993"><ele>206.0</ele></trkpt>
    <trkpt lat="46.151747" lon="11.099065"><ele>205.75</ele></trkpt>
    <trkpt lat="46.151526" lon="11.098769"><ele>206.0</ele></trkpt>
    <trkpt lat="46.151132" lon="11.098285"><ele>205.75</ele></trkpt>
    <trkpt lat="46.150707" lon="11.097764"><ele>205.25</ele></trkpt>
    <trkpt lat="46.150639" lon="11.097687"><ele>205.25</ele></trkpt>
    <trkpt lat="46.150318" lon="11.097322"><ele>205.75</ele></trkpt>
    <trkpt lat="46.150136" lon="11.097116"><ele>206.0</ele></trkpt>
    <trkpt lat="46.149888" lon="11.096833"><ele>206.0</ele></trkpt>
    <trkpt lat="46.149802" lon="11.096735"><ele>206.0</ele></trkpt>
    <trkpt lat="46.149632" lon="11.096547"><ele>206.0</ele></trkpt>
    <trkpt lat="46.149518" lon="11.09642"><ele>206.0</ele></trkpt>
    <trkpt lat="46.149002" lon="11.095851"><ele>207.0</ele></trkpt>
    <trkpt lat="46.148873" lon="11.095713"><ele>207.0</ele></trkpt>
    <trkpt lat="46.14876" lon="11.095575"><ele>207.0</ele></trkpt>
    <trkpt lat="46.148729" lon="11.095538"><ele>207.0</ele></trkpt>
    <trkpt lat="46.148673" lon="11.095403"><ele>207.0</ele></trkpt>
    <trkpt lat="46.14864" lon="11.095294"><ele>206.75</ele></trkpt>
    <trkpt lat="46.148638" lon="11.095071"><ele>206.25</ele></trkpt>
    <trkpt lat="46.148598" lon="11.095066"><ele>206.25</ele></trkpt>
    <trkpt lat="46.148558" lon="11.09506"><ele>206.25</ele></trkpt>
    <trkpt lat="46.148528" lon="11.095056"><ele>206.25</ele></trkpt>
    <trkpt lat="46.148503" lon="11.095056"><ele>206.5</ele></trkpt>
    <trkpt lat="46.148485" lon="11.095061"><ele>206.5</ele></trkpt>
    <trkpt lat="46.148223" lon="11.095113"><ele>207.0</ele></trkpt>
    <trkpt lat="46.147899" lon="11.095086"><ele>206.75</ele></trkpt>
    <trkpt lat="46.14777" lon="11.095043"><ele>206.75</ele></trkpt>
    <trkpt lat="46.147578" lon="11.094922"><ele>207.0</ele></trkpt>
    <trkpt lat="46.14744" lon="11.094799"><ele>206.75</ele></trkpt>
    <trkpt lat="46.147399" lon="11.094735"><ele>206.75</ele></trkpt>
    <trkpt lat="46.147394" lon="11.094716"><ele>207.0</ele></trkpt>
    <trkpt lat="46.147365" lon="11.094723"><ele>206.75</ele></trkpt>
    <trkpt lat="46.147346" lon="11.094709"><ele>207.0</ele></trkpt>
    <trkpt lat="46.147008" lon="11.094394"><ele>207.75</ele></trkpt>
    <trkpt lat="46.146923" lon="11.094314"><ele>208.5</ele></trkpt>
    <trkpt lat="46.146539" lon="11.093961"><ele>206.75</ele></trkpt>
    <trkpt lat="46.146256" lon="11.093808"><ele>206.0</ele></trkpt>
    <trkpt lat="46.145942" lon="11.093539"><ele>206.0</ele></trkpt>
    <trkpt lat="46.144467" lon="11.092044"><ele>206.5</ele></trkpt>
    <trkpt lat="46.1435" lon="11.091139"><ele>206.75</ele></trkpt>
    <trkpt lat="46.142867" lon="11.090535"><ele>206.5</ele></trkpt>
    <trkpt lat="46.141981" lon="11.089721"><ele>206.5</ele></trkpt>
    <trkpt lat="46.142031" lon="11.089662"><ele>205.75</ele></trkpt>
    <trkpt lat="46.142113" lon="11.089599"><ele>205.0</ele></trkpt>
    <trkpt lat="46.14221" lon="11.0896"><ele>204.5</ele></trkpt>
    <trkpt lat="46.142277" lon="11.089703"><ele>204.25</ele></trkpt>
    <trkpt lat="46.142292" lon="11.089789"><ele>204.5</ele></trkpt>
    <trkpt lat="46.142279" lon="11.089878"><ele>205.0</ele></trkpt>
    <trkpt lat="46.142099" lon="11.090269"><ele>206.75</ele></trkpt>
    <trkpt lat="46.142066" lon="11.090344"><ele>206.25</ele></trkpt>
    <trkpt lat="46.142016" lon="11.090412"><ele>205.5</ele></trkpt>
    <trkpt lat="46.141921" lon="11.090546"><ele>203.25</ele></trkpt>
    <trkpt lat="46.141889" lon="11.090597"><ele>204.25</ele></trkpt>
    <trkpt lat="46.142132" lon="11.090959"><ele>208.0</ele></trkpt>
    <trkpt lat="46.142505" lon="11.091794"><ele>208.5</ele></trkpt>
    <trkpt lat="46.142744" lon="11.092598"><ele>209.0</ele></trkpt>
    <trkpt lat="46.142981" lon="11.093769"><ele>210.0</ele></trkpt>
    <trkpt lat="46.143041" lon="11.094124"><ele>210.0</ele></trkpt>
    <trkpt lat="46.143008" lon="11.0944"><ele>210.0</ele></trkpt>
    <trkpt lat="46.142968" lon="11.094585"><ele>210.0</ele></trkpt>
    <trkpt lat="46.142922" lon="11.094858"><ele>210.0</ele></trkpt>
    <trkpt lat="46.142762" lon="11.094964"><ele>210.0</ele></trkpt>
    <trkpt lat="46.142542" lon="11.09493"><ele>210.5</ele></trkpt>
    <trkpt lat="46.142393" lon="11.094887"><ele>210.5</ele></trkpt>
    <trkpt lat="46.142332" lon="11.094967"><ele>210.75</ele></trkpt>
    <trkpt lat="46.142277" lon="11.095722"><ele>211.25</ele></trkpt>
    <trkpt lat="46.142261" lon="11.096258"><ele>212.0</ele></trkpt>
    <trkpt lat="46.142286" lon="11.096807"><ele>212.75</ele></trkpt>
    <trkpt lat="46.142285" lon="11.097275"><ele>213.0</ele></trkpt>
    <trkpt lat="46.142265" lon="11.097862"><ele>214.0</ele></trkpt>
    <trkpt lat="46.142096" lon="11.098841"><ele>215.0</ele></trkpt>
    <trkpt lat="46.141836" lon="11.099929"><ele>216.5</ele></trkpt>
    <trkpt lat="46.141675" lon="11.100323"><ele>217.0</ele></trkpt>
    <trkpt lat="46.141488" lon="11.100819"><ele>217.0</ele></trkpt>
    <trkpt lat="46.141377" lon="11.101295"><ele>218.5</ele></trkpt>
    <trkpt lat="46.141325" lon="11.102182"><ele>219.0</ele></trkpt>
    <trkpt lat="46.141201" lon="11.102833"><ele>220.0</ele></trkpt>
    <trkpt lat="46.141079" lon="11.103412"><ele>221.0</ele></trkpt>
    <trkpt lat="46.141" lon="11.103672"><ele>220.25</ele></trkpt>
    <trkpt lat="46.140784" lon="11.103973"><ele>221.5</ele></trkpt>
    <trkpt lat="46.140746" lon="11.104015"><ele>221.5</ele></trkpt>
    <trkpt lat="46.140676" lon="11.104008"><ele>221.75</ele></trkpt>
    <trkpt lat="46.140708" lon="11.104148"><ele>221.25</ele></trkpt>
    <trkpt lat="46.140692" lon="11.104179"><ele>221.25</ele></trkpt>
    <trkpt lat="46.140671" lon="11.104229"><ele>221.5</ele></trkpt>
    <trkpt lat="46.14064" lon="11.104299"><ele>221.75</ele></trkpt>
    <trkpt lat="46.14063" lon="11.104322"><ele>221.75</ele></trkpt>
    <trkpt lat="46.140442" lon="11.104781"><ele>223.5</ele></trkpt>
    <trkpt lat="46.140002" lon="11.105817"><ele>224.75</ele></trkpt>
    <trkpt lat="46.139983" lon="11.105846"><ele>224.75</ele></trkpt>
    <trkpt lat="46.13992" lon="11.105893"><ele>224.75</ele></trkpt>
    <trkpt lat="46.139838" lon="11.106098"><ele>224.75</ele></trkpt>
    <trkpt lat="46.139825" lon="11.106157"><ele>224.75</ele></trkpt>
    <trkpt lat="46.139836" lon="11.106408"><ele>225.25</ele></trkpt>
    <trkpt lat="46.13983" lon="11.106469"><ele>225.5</ele></trkpt>
    <trkpt lat="46.139807" lon="11.106538"><ele>225.75</ele></trkpt>
    <trkpt lat="46.139653" lon="11.106897"><ele>226.75</ele></trkpt>
    <trkpt lat="46.139338" lon="11.107627"><ele>227.25</ele></trkpt>
    <trkpt lat="46.139139" lon="11.107998"><ele>228.5</ele></trkpt>
    <trkpt lat="46.139012" lon="11.108178"><ele>228.75</ele></trkpt>
    <trkpt lat="46.138671" lon="11.108502"><ele>229.0</ele></trkpt>
    <trkpt lat="46.138514" lon="11.108614"><ele>229.0</ele></trkpt>
    <trkpt lat="46.1385" lon="11.108628"><ele>229.0</ele></trkpt>
    <trkpt lat="46.138391" lon="11.108767"><ele>229.5</ele></trkpt>
    <trkpt lat="46.138157" lon="11.108922"><ele>229.75</ele></trkpt>
    <trkpt lat="46.138109" lon="11.10895"><ele>230.0</ele></trkpt>
    <trkpt lat="46.137895" lon="11.109133"><ele>230.5</ele></trkpt>
    <trkpt lat="46.137777" lon="11.109176"><ele>230.75</ele></trkpt>
    <trkpt lat="46.137304" lon="11.109475"><ele>230.75</ele></trkpt>
    <trkpt lat="46.137215" lon="11.109497"><ele>231.0</ele></trkpt>
    <trkpt lat="46.137065" lon="11.109503"><ele>231.0</ele></trkpt>
    <trkpt lat="46.136964" lon="11.109543"><ele>231.25</ele></trkpt>
    <trkpt lat="46.13684" lon="11.109718"><ele>231.75</ele></trkpt>
    <trkpt lat="46.136715" lon="11.109805"><ele>231.75</ele></trkpt>
    <trkpt lat="46.136583" lon="11.109876"><ele>232.25</ele></trkpt>
    <trkpt lat="46.136597" lon="11.109945"><ele>232.25</ele></trkpt>
    <trkpt lat="46.135926" lon="11.110264"><ele>231.25</ele></trkpt>
    <trkpt lat="46.135864" lon="11.110075"><ele>232.75</ele></trkpt>
    <trkpt lat="46.135813" lon="11.109909"><ele>232.75</ele></trkpt>
    <trkpt lat="46.135784" lon="11.109813"><ele>231.5</ele></trkpt>
    <trkpt lat="46.135742" lon="11.10967"><ele>230.5</ele></trkpt>
    <trkpt lat="46.135717" lon="11.109681"><ele>230.25</ele></trkpt>
    <trkpt lat="46.135702" lon="11.109689"><ele>230.0</ele></trkpt>
    <trkpt lat="46.135738" lon="11.109836"><ele>230.75</ele></trkpt>
    <trkpt lat="46.135735" lon="11.109862"><ele>230.75</ele></trkpt>
    <trkpt lat="46.134767" lon="11.110239"><ele>231.25</ele></trkpt>
    <trkpt lat="46.134679" lon="11.110267"><ele>232.25</ele></trkpt>
    <trkpt lat="46.134656" lon="11.110267"><ele>232.0</ele></trkpt>
    <trkpt lat="46.134638" lon="11.110254"><ele>231.75</ele></trkpt>
    <trkpt lat="46.13461" lon="11.110096"><ele>230.0</ele></trkpt>
    <trkpt lat="46.134585" lon="11.110052"><ele>229.75</ele></trkpt>
    <trkpt lat="46.134052" lon="11.108424"><ele>227.5</ele></trkpt>
    <trkpt lat="46.133294" lon="11.106082"><ele>225.75</ele></trkpt>
    <trkpt lat="46.132748" lon="11.104474"><ele>225.5</ele></trkpt>
    <trkpt lat="46.132626" lon="11.104139"><ele>223.0</ele></trkpt>
    <trkpt lat="46.132556" lon="11.103983"><ele>223.25</ele></trkpt>
    <trkpt lat="46.13233" lon="11.103532"><ele>222.75</ele></trkpt>
    <trkpt lat="46.131677" lon="11.10227"><ele>221.0</ele></trkpt>
    <trkpt lat="46.13132" lon="11.101466"><ele>220.25</ele></trkpt>
    <trkpt lat="46.129969" lon="11.098561"><ele>216.75</ele></trkpt>
    <trkpt lat="46.129292" lon="11.097095"><ele>215.0</ele></trkpt>
    <trkpt lat="46.128856" lon="11.096075"><ele>213.5</ele></trkpt>
    <trkpt lat="46.128372" lon="11.094979"><ele>212.25</ele></trkpt>
    <trkpt lat="46.12804" lon="11.094194"><ele>212.5</ele></trkpt>
    <trkpt lat="46.12769" lon="11.093624"><ele>211.0</ele></trkpt>
    <trkpt lat="46.126963" lon="11.092477"><ele>210.75</ele></trkpt>
    <trkpt lat="46.126242" lon="11.091321"><ele>208.25</ele></trkpt>
    <trkpt lat="46.125961" lon="11.090882"><ele>208.25</ele></trkpt>
    <trkpt lat="46.125846" lon="11.090725"><ele>208.0</ele></trkpt>
    <trkpt lat="46.125751" lon="11.090615"><ele>207.5</ele></trkpt>
    <trkpt lat="46.125738" lon="11.090578"><ele>207.5</ele></trkpt>
    <trkpt lat="46.125791" lon="11.090301"><ele>206.75</ele></trkpt>
    <trkpt lat="46.125915" lon="11.08984"><ele>206.25</ele></trkpt>
    <trkpt lat="46.125932" lon="11.089758"><ele>206.0</ele></trkpt>
    <trkpt lat="46.125922" lon="11.089671"><ele>206.0</ele></trkpt>
    <trkpt lat="46.125865" lon="11.089602"><ele>206.0</ele></trkpt>
    <trkpt lat="46.125758" lon="11.089537"><ele>206.0</ele></trkpt>
    <trkpt lat="46.125244" lon="11.089263"><ele>206.25</ele></trkpt>
    <trkpt lat="46.124366" lon="11.088666"><ele>203.25</ele></trkpt>
    <trkpt lat="46.124224" lon="11.088569"><ele>203.0</ele></trkpt>
    <trkpt lat="46.124174" lon="11.08852"><ele>203.0</ele></trkpt>
    <trkpt lat="46.123811" lon="11.088169"><ele>203.5</ele></trkpt>
    <trkpt lat="46.123577" lon="11.087898"><ele>203.25</ele></trkpt>
    <trkpt lat="46.123243" lon="11.087385"><ele>202.25</ele></trkpt>
    <trkpt lat="46.123166" lon="11.08733"><ele>202.0</ele></trkpt>
    <trkpt lat="46.12309" lon="11.087338"><ele>201.75</ele></trkpt>
    <trkpt lat="46.122855" lon="11.087512"><ele>201.5</ele></trkpt>
    <trkpt lat="46.122804" lon="11.087527"><ele>201.25</ele></trkpt>
    <trkpt lat="46.122695" lon="11.08751"><ele>201.25</ele></trkpt>
    <trkpt lat="46.122626" lon="11.087462"><ele>201.5</ele></trkpt>
    <trkpt lat="46.122538" lon="11.08735"><ele>201.75</ele></trkpt>
    <trkpt lat="46.122372" lon="11.086843"><ele>200.75</ele></trkpt>
    <trkpt lat="46.122315" lon="11.086575"><ele>201.5</ele></trkpt>
    <trkpt lat="46.122283" lon="11.086308"><ele>201.0</ele></trkpt>
    <trkpt lat="46.122219" lon="11.086132"><ele>200.0</ele></trkpt>
    <trkpt lat="46.121958" lon="11.085802"><ele>201.25</ele></trkpt>
    <trkpt lat="46.121843" lon="11.085631"><ele>200.25</ele></trkpt>
    <trkpt lat="46.121651" lon="11.085283"><ele>200.75</ele></trkpt>
    <trkpt lat="46.121528" lon="11.085106"><ele>199.75</ele></trkpt>
    <trkpt lat="46.121315" lon="11.084883"><ele>199.75</ele></trkpt>
    <trkpt lat="46.121233" lon="11.084826"><ele>199.5</ele></trkpt>
    <trkpt lat="46.121097" lon="11.084789"><ele>199.75</ele></trkpt>
    <trkpt lat="46.120975" lon="11.08478"><ele>199.75</ele></trkpt>
    <trkpt lat="46.119028" lon="11.085335"><ele>199.5</ele></trkpt>
    <trkpt lat="46.116856" lon="11.085985"><ele>200.0</ele></trkpt>
    <trkpt lat="46.109627" lon="11.088047"><ele>198.5</ele></trkpt>
    <trkpt lat="46.104292" lon="11.08955"><ele>195.5</ele></trkpt>
    <trkpt lat="46.100658" lon="11.09123"><ele>197.25</ele></trkpt>
    <trkpt lat="46.100411" lon="11.091351"><ele>197.5</ele></trkpt>
    <trkpt lat="46.100274" lon="11.091499"><ele>196.75</ele></trkpt>
    <trkpt lat="46.100177" lon="11.091724"><ele>196.75</ele></trkpt>
    <trkpt lat="46.10002" lon="11.092211"><ele>197.5</ele></trkpt>
    <trkpt lat="46.09988" lon="11.092295"><ele>196.5</ele></trkpt>
    <trkpt lat="46.099832" lon="11.092339"><ele>196.0</ele></trkpt>
    <trkpt lat="46.096876" lon="11.093017"><ele>196.0</ele></trkpt>
    <trkpt lat="46.096429" lon="11.093216"><ele>194.5</ele></trkpt>
    <trkpt lat="46.095975" lon="11.093481"><ele>194.0</ele></trkpt>
    <trkpt lat="46.094522" lon="11.094432"><ele>194.5</ele></trkpt>
    <trkpt lat="46.093818" lon="11.095178"><ele>194.5</ele></trkpt>
    <trkpt lat="46.093252" lon="11.095716"><ele>193.75</ele></trkpt>
    <trkpt lat="46.092842" lon="11.096035"><ele>194.0</ele></trkpt>
    <trkpt lat="46.09228" lon="11.096314"><ele>194.25</ele></trkpt>
    <trkpt lat="46.09167" lon="11.096547"><ele>193.5</ele></trkpt>
    <trkpt lat="46.091205" lon="11.096753"><ele>193.5</ele></trkpt>
    <trkpt lat="46.090304" lon="11.097425"><ele>195.0</ele></trkpt>
    <trkpt lat="46.089181" lon="11.098307"><ele>195.25</ele></trkpt>
    <trkpt lat="46.08878" lon="11.098653"><ele>194.0</ele></trkpt>
    <trkpt lat="46.08861" lon="11.098825"><ele>194.5</ele></trkpt>
    <trkpt lat="46.088471" lon="11.099"><ele>193.75</ele></trkpt>
    <trkpt lat="46.088328" lon="11.099127"><ele>194.5</ele></trkpt>
    <trkpt lat="46.088024" lon="11.099398"><ele>193.5</ele></trkpt>
    <trkpt lat="46.087855" lon="11.099597"><ele>193.75</ele></trkpt>
    <trkpt lat="46.087661" lon="11.099766"><ele>194.5</ele></trkpt>
    <trkpt lat="46.086902" lon="11.100607"><ele>193.75</ele></trkpt>
    <trkpt lat="46.086531" lon="11.101143"><ele>192.0</ele></trkpt>
    <trkpt lat="46.085665" lon="11.102669"><ele>192.75</ele></trkpt>
    <trkpt lat="46.085169" lon="11.103601"><ele>192.0</ele></trkpt>
    <trkpt lat="46.084866" lon="11.104156"><ele>192.0</ele></trkpt>
    <trkpt lat="46.084798" lon="11.104335"><ele>193.25</ele></trkpt>
    <trkpt lat="46.084739" lon="11.104495"><ele>194.25</ele></trkpt>
    <trkpt lat="46.084207" lon="11.105554"><ele>194.5</ele></trkpt>
    <trkpt lat="46.084121" lon="11.105715"><ele>192.75</ele></trkpt>
    <trkpt lat="46.08407" lon="11.105796"><ele>192.0</ele></trkpt>
    <trkpt lat="46.083932" lon="11.106009"><ele>193.5</ele></trkpt>
    <trkpt lat="46.083653" lon="11.106573"><ele>193.5</ele></trkpt>
    <trkpt lat="46.083393" lon="11.10709"><ele>193.0</ele></trkpt>
    <trkpt lat="46.081812" lon="11.110345"><ele>192.25</ele></trkpt>
    <trkpt lat="46.08101" lon="11.112044"><ele>193.0</ele></trkpt>
    <trkpt lat="46.080818" lon="11.112387"><ele>193.75</ele></trkpt>
    <trkpt lat="46.080762" lon="11.11249"><ele>193.25</ele></trkpt>
    <trkpt lat="46.080667" lon="11.112661"><ele>193.0</ele></trkpt>
    <trkpt lat="46.080657" lon="11.112705"><ele>193.5</ele></trkpt>
    <trkpt lat="46.080659" lon="11.112755"><ele>194.0</ele></trkpt>
    <trkpt lat="46.080897" lon="11.113061"><ele>192.75</ele></trkpt>
    <trkpt lat="46.080905" lon="11.11308"><ele>192.75</ele></trkpt>
    <trkpt lat="46.080907" lon="11.113125"><ele>193.0</ele></trkpt>
    <trkpt lat="46.080885" lon="11.113208"><ele>193.25</ele></trkpt>
    <trkpt lat="46.080821" lon="11.113456"><ele>192.5</ele></trkpt>
    <trkpt lat="46.080702" lon="11.113513"><ele>192.5</ele></trkpt>
    <trkpt lat="46.080512" lon="11.113434"><ele>193.25</ele></trkpt>
    <trkpt lat="46.080264" lon="11.113316"><ele>194.25</ele></trkpt>
    <trkpt lat="46.080238" lon="11.113331"><ele>193.75</ele></trkpt>
    <trkpt lat="46.080157" lon="11.113432"><ele>192.25</ele></trkpt>
    <trkpt lat="46.079821" lon="11.113877"><ele>192.75</ele></trkpt>
    <trkpt lat="46.079661" lon="11.114064"><ele>192.25</ele></trkpt>
    <trkpt lat="46.079562" lon="11.114177"><ele>192.25</ele></trkpt>
    <trkpt lat="46.078893" lon="11.114865"><ele>193.0</ele></trkpt>
    <trkpt lat="46.07785" lon="11.115727"><ele>193.25</ele></trkpt>
    <trkpt lat="46.07772" lon="11.115838"><ele>194.75</ele></trkpt>
    <trkpt lat="46.077683" lon="11.115869"><ele>194.5</ele></trkpt>
    <trkpt lat="46.077659" lon="11.115838"><ele>194.5</ele></trkpt>
    <trkpt lat="46.07763" lon="11.115819"><ele>194.0</ele></trkpt>
    <trkpt lat="46.077598" lon="11.115814"><ele>193.75</ele></trkpt>
    <trkpt lat="46.077567" lon="11.115823"><ele>193.75</ele></trkpt>
    <trkpt lat="46.077543" lon="11.115841"><ele>194.0</ele></trkpt>
    <trkpt lat="46.077508" lon="11.115899"><ele>194.25</ele></trkpt>
    <trkpt lat="46.077499" lon="11.115937"><ele>194.25</ele></trkpt>
    <trkpt lat="46.077498" lon="11.115976"><ele>194.25</ele></trkpt>
    <trkpt lat="46.077373" lon="11.116056"><ele>193.75</ele></trkpt>
    <trkpt lat="46.077351" lon="11.115975"><ele>192.5</ele></trkpt>
    <trkpt lat="46.076803" lon="11.116265"><ele>191.0</ele></trkpt>
    <trkpt lat="46.076216" lon="11.116525"><ele>191.0</ele></trkpt>
    <trkpt lat="46.076009" lon="11.116612"><ele>191.5</ele></trkpt>
    <trkpt lat="46.075525" lon="11.116749"><ele>191.0</ele></trkpt>
    <trkpt lat="46.075121" lon="11.116848"><ele>191.5</ele></trkpt>
    <trkpt lat="46.074829" lon="11.11691"><ele>192.5</ele></trkpt>
    <trkpt lat="46.0747" lon="11.116927"><ele>193.25</ele></trkpt>
    <trkpt lat="46.074191" lon="11.11697"><ele>192.0</ele></trkpt>
    <trkpt lat="46.073925" lon="11.116986"><ele>191.25</ele></trkpt>
    <trkpt lat="46.073587" lon="11.116982"><ele>191.25</ele></trkpt>
    <trkpt lat="46.073447" lon="11.116967"><ele>191.5</ele></trkpt>
    <trkpt lat="46.072756" lon="11.116887"><ele>191.75</ele></trkpt>
    <trkpt lat="46.072518" lon="11.116844"><ele>191.0</ele></trkpt>
    <trkpt lat="46.072085" lon="11.116733"><ele>191.25</ele></trkpt>
    <trkpt lat="46.071795" lon="11.116637"><ele>191.75</ele></trkpt>
    <trkpt lat="46.07136" lon="11.116454"><ele>190.75</ele></trkpt>
    <trkpt lat="46.070861" lon="11.116233"><ele>191.0</ele></trkpt>
    <trkpt lat="46.070372" lon="11.115982"><ele>191.75</ele></trkpt>
    <trkpt lat="46.070066" lon="11.115823"><ele>193.0</ele></trkpt>
    <trkpt lat="46.070012" lon="11.115789"><ele>192.75</ele></trkpt>
    <trkpt lat="46.069995" lon="11.115768"><ele>192.25</ele></trkpt>
    <trkpt lat="46.069944" lon="11.115738"><ele>192.0</ele></trkpt>
    <trkpt lat="46.0699" lon="11.115713"><ele>191.75</ele></trkpt>
    <trkpt lat="46.069528" lon="11.115524"><ele>192.25</ele></trkpt>
    <trkpt lat="46.069302" lon="11.115403"><ele>191.25</ele></trkpt>
    <trkpt lat="46.068465" lon="11.114956"><ele>190.5</ele></trkpt>
    <trkpt lat="46.068235" lon="11.114833"><ele>190.25</ele></trkpt>
    <trkpt lat="46.068208" lon="11.114929"><ele>191.25</ele></trkpt>
    <trkpt lat="46.068094" lon="11.114906"><ele>191.75</ele></trkpt>
    <trkpt lat="46.068024" lon="11.114912"><ele>191.75</ele></trkpt>
    <trkpt lat="46.067974" lon="11.114945"><ele>191.5</ele></trkpt>
    <trkpt lat="46.067908" lon="11.115004"><ele>190.75</ele></trkpt>
    <trkpt lat="46.067814" lon="11.115065"><ele>190.5</ele></trkpt>
    <trkpt lat="46.067781" lon="11.11507"><ele>190.5</ele></trkpt>
    <trkpt lat="46.067714" lon="11.115048"><ele>190.5</ele></trkpt>
    <trkpt lat="46.066107" lon="11.114193"><ele>191.0</ele></trkpt>
    <trkpt lat="46.066084" lon="11.114279"><ele>191.25</ele></trkpt>
    <trkpt lat="46.066065" lon="11.114352"><ele>191.5</ele></trkpt>
    <trkpt lat="46.066129" lon="11.114404"><ele>191.75</ele></trkpt>
    <trkpt lat="46.06615" lon="11.114435"><ele>191.75</ele></trkpt>
    <trkpt lat="46.066163" lon="11.114461"><ele>192.0</ele></trkpt>
    <trkpt lat="46.06618" lon="11.114536"><ele>192.0</ele></trkpt>
    <trkpt lat="46.066207" lon="11.114805"><ele>192.0</ele></trkpt>
    <trkpt lat="46.066215" lon="11.114816"><ele>192.0</ele></trkpt>
    <trkpt lat="46.066278" lon="11.115423"><ele>191.0</ele></trkpt>
    <trkpt lat="46.066286" lon="11.115496"><ele>191.0</ele></trkpt>
    <trkpt lat="46.06633" lon="11.115879"><ele>189.0</ele></trkpt>
    <trkpt lat="46.066427" lon="11.116853"><ele>193.0</ele></trkpt>
    <trkpt lat="46.066423" lon="11.116932"><ele>193.0</ele></trkpt>
    <trkpt lat="46.066422" lon="11.116992"><ele>192.75</ele></trkpt>
    <trkpt lat="46.06643" lon="11.117035"><ele>192.5</ele></trkpt>
    <trkpt lat="46.066452" lon="11.117294"><ele>192.25</ele></trkpt>
    <trkpt lat="46.066455" lon="11.117341"><ele>192.5</ele></trkpt>
    <trkpt lat="46.066446" lon="11.117371"><ele>192.5</ele></trkpt>
    <trkpt lat="46.066452" lon="11.117444"><ele>192.75</ele></trkpt>
    <trkpt lat="46.066455" lon="11.117512"><ele>193.0</ele></trkpt>
    <trkpt lat="46.066474" lon="11.117521"><ele>193.0</ele></trkpt>
    <trkpt lat="46.066486" lon="11.117588"><ele>193.0</ele></trkpt>
    <trkpt lat="46.066616" lon="11.118928"><ele>193.0</ele></trkpt>
    <trkpt lat="46.066668" lon="11.118919"><ele>193.0</ele></trkpt>
    <trkpt lat="46.06668" lon="11.119025"><ele>193.0</ele></trkpt>
    <trkpt lat="46.066687" lon="11.119135"><ele>193.0</ele></trkpt>
    <trkpt lat="46.066782" lon="11.120195"><ele>193.0</ele></trkpt>
    <trkpt lat="46.066825" lon="11.120618"><ele>194.0</ele></trkpt>
    <trkpt lat="46.066871" lon="11.121049"><ele>193.75</ele></trkpt>
    <trkpt lat="46.066998" lon="11.121037"><ele>194.0</ele></trkpt>
    <trkpt lat="46.067003" lon="11.121035"><ele>194.0</ele></trkpt>
    <trkpt lat="46.066998" lon="11.121037"><ele>194.0</ele></trkpt>
    <trkpt lat="46.066871" lon="11.121049"><ele>193.75</ele></trkpt>
    <trkpt lat="46.066771" lon="11.121063"><ele>193.25</ele></trkpt>
    <trkpt lat="46.066753" lon="11.121054"><ele>193.25</ele></trkpt>
    <trkpt lat="46.06666" lon="11.121017"><ele>193.25</ele></trkpt>
    <trkpt lat="46.066612" lon="11.121017"><ele>193.25</ele></trkpt>
    <trkpt lat="46.066561" lon="11.121022"><ele>193.25</ele></trkpt>
    <trkpt lat="46.066406" lon="11.121051"><ele>193.5</ele></trkpt>
    <trkpt lat="46.066159" lon="11.121129"><ele>194.0</ele></trkpt>
    <trkpt lat="46.066107" lon="11.121147"><ele>194.0</ele></trkpt>
    <trkpt lat="46.065715" lon="11.121146"><ele>195.25</ele></trkpt>
    <trkpt lat="46.065551" lon="11.121154"><ele>196.0</ele></trkpt>
    <trkpt lat="46.065516" lon="11.121151"><ele>196.0</ele></trkpt>
    <trkpt lat="46.065462" lon="11.121147"><ele>196.0</ele></trkpt>
    <trkpt lat="46.065454" lon="11.12106"><ele>195.75</ele></trkpt>
    <trkpt lat="46.065418" lon="11.121059"><ele>195.75</ele></trkpt>
    <trkpt lat="46.064985" lon="11.12104"><ele>195.75</ele></trkpt>
    <trkpt lat="46.064955" lon="11.121039"><ele>195.75</ele></trkpt>
    <trkpt lat="46.06492" lon="11.121038"><ele>195.75</ele></trkpt>
    <trkpt lat="46.064873" lon="11.121035"><ele>195.75</ele></trkpt>
    <trkpt lat="46.064799" lon="11.121032"><ele>195.75</ele></trkpt>
    <trkpt lat="46.064762" lon="11.121074"><ele>195.75</ele></trkpt>
    <trkpt lat="46.064711" lon="11.121356"><ele>196.75</ele></trkpt>
    <trkpt lat="46.0647" lon="11.12141"><ele>196.75</ele></trkpt>
    <trkpt lat="46.06463" lon="11.121412"><ele>196.5</ele></trkpt>
    <trkpt lat="46.064612" lon="11.121412"><ele>196.5</ele></trkpt>
    <trkpt lat="46.064541" lon="11.121414"><ele>196.25</ele></trkpt>
    <trkpt lat="46.064251" lon="11.121476"><ele>196.75</ele></trkpt>
    <trkpt lat="46.063771" lon="11.121525"><ele>196.5</ele></trkpt>
    <trkpt lat="46.063757" lon="11.121526"><ele>196.5</ele></trkpt>
    <trkpt lat="46.063733" lon="11.121559"><ele>196.25</ele></trkpt>
    <trkpt lat="46.063703" lon="11.121597"><ele>196.25</ele></trkpt>
    <trkpt lat="46.063671" lon="11.121619"><ele>196.0</ele></trkpt>
    <trkpt lat="46.063459" lon="11.121658"><ele>196.5</ele></trkpt>
    <trkpt lat="46.063305" lon="11.12165"><ele>196.75</ele></trkpt>
    <trkpt lat="46.063148" lon="11.121623"><ele>196.25</ele></trkpt>
    <trkpt lat="46.063" lon="11.121598"><ele>195.75</ele></trkpt>
    <trkpt lat="46.062795" lon="11.121562"><ele>195.5</ele></trkpt>
    <trkpt lat="46.062701" lon="11.121555"><ele>195.5</ele></trkpt>
    <trkpt lat="46.062449" lon="11.121568"><ele>195.5</ele></trkpt>
    <trkpt lat="46.062159" lon="11.121582"><ele>195.5</ele></trkpt>
    <trkpt lat="46.062126" lon="11.121583"><ele>195.5</ele></trkpt>
    <trkpt lat="46.062113" lon="11.121584"><ele>195.5</ele></trkpt>
    <trkpt lat="46.062086" lon="11.121586"><ele>195.5</ele></trkpt>
    <trkpt lat="46.061582" lon="11.121639"><ele>195.75</ele></trkpt>
    <trkpt lat="46.061443" lon="11.121662"><ele>195.75</ele></trkpt>
    <trkpt lat="46.061181" lon="11.121698"><ele>196.0</ele></trkpt>
    <trkpt lat="46.061169" lon="11.121695"><ele>196.0</ele></trkpt>
    <trkpt lat="46.061139" lon="11.121657"><ele>195.75</ele></trkpt>
    <trkpt lat="46.06111" lon="11.121648"><ele>195.75</ele></trkpt>
    <trkpt lat="46.060857" lon="11.121684"><ele>195.0</ele></trkpt>
    <trkpt lat="46.060833" lon="11.121699"><ele>195.0</ele></trkpt>
    <trkpt lat="46.060805" lon="11.121755"><ele>195.25</ele></trkpt>
    <trkpt lat="46.060762" lon="11.121788"><ele>195.5</ele></trkpt>
    <trkpt lat="46.060438" lon="11.121913"><ele>196.0</ele></trkpt>
    <trkpt lat="46.060408" lon="11.121918"><ele>196.0</ele></trkpt>
    <trkpt lat="46.060374" lon="11.121906"><ele>196.0</ele></trkpt>
    <trkpt lat="46.060348" lon="11.121917"><ele>196.0</ele></trkpt>
    <trkpt lat="46.060303" lon="11.121935"><ele>196.0</ele></trkpt>
    <trkpt lat="46.0603" lon="11.12196"><ele>196.0</ele></trkpt>
    <trkpt lat="46.06029" lon="11.121975"><ele>196.0</ele></trkpt>
    <trkpt lat="46.059545" lon="11.122274"><ele>196.0</ele></trkpt>
    <trkpt lat="46.059155" lon="11.122431"><ele>195.75</ele></trkpt>
    <trkpt lat="46.058615" lon="11.122649"><ele>195.75</ele></trkpt>
    <trkpt lat="46.058564" lon="11.122643"><ele>196.0</ele></trkpt>
    <trkpt lat="46.058541" lon="11.12262"><ele>196.0</ele></trkpt>
    <trkpt lat="46.058519" lon="11.122547"><ele>196.0</ele></trkpt>
    <trkpt lat="46.058453" lon="11.122575"><ele>195.75</ele></trkpt>
    <trkpt lat="46.058462" lon="11.122619"><ele>196.0</ele></trkpt>
    <trkpt lat="46.058471" lon="11.122661"><ele>196.0</ele></trkpt>
    <trkpt lat="46.058438" lon="11.122695"><ele>196.0</ele></trkpt>
    <trkpt lat="46.058427" lon="11.12275"><ele>196.0</ele></trkpt>
    <trkpt lat="46.058431" lon="11.122778"><ele>196.0</ele></trkpt>
    <trkpt lat="46.058332" lon="11.122823"><ele>196.0</ele></trkpt>
    <trkpt lat="46.057529" lon="11.123146"><ele>197.0</ele></trkpt>
    <trkpt lat="46.057038" lon="11.123344"><ele>197.5</ele></trkpt>
    <trkpt lat="46.056626" lon="11.123524"><ele>198.0</ele></trkpt>
    <trkpt lat="46.056584" lon="11.123546"><ele>198.0</ele></trkpt>
    <trkpt lat="46.056559" lon="11.123451"><ele>198.0</ele></trkpt>
    <trkpt lat="46.056438" lon="11.12284"><ele>197.0</ele></trkpt>
    <trkpt lat="46.056425" lon="11.122775"><ele>196.75</ele></trkpt>
    <trkpt lat="46.056298" lon="11.122136"><ele>196.25</ele></trkpt>
    <trkpt lat="46.056138" lon="11.121313"><ele>195.0</ele></trkpt>
    <trkpt lat="46.056127" lon="11.121257"><ele>195.0</ele></trkpt>
    <trkpt lat="46.056066" lon="11.120951"><ele>194.25</ele></trkpt>
    <trkpt lat="46.056041" lon="11.12082"><ele>193.75</ele></trkpt>
    <trkpt lat="46.05594" lon="11.120307"><ele>194.0</ele></trkpt>
    <trkpt lat="46.05593" lon="11.120256"><ele>193.75</ele></trkpt>
    <trkpt lat="46.055898" lon="11.120267"><ele>193.75</ele></trkpt>
    <trkpt lat="46.055892" lon="11.120233"><ele>193.75</ele></trkpt>
    <trkpt lat="46.055882" lon="11.120211"><ele>193.75</ele></trkpt>
    <trkpt lat="46.055871" lon="11.120206"><ele>193.5</ele></trkpt>
    <trkpt lat="46.055798" lon="11.120228"><ele>193.75</ele></trkpt>
    <trkpt lat="46.055368" lon="11.120356"><ele>194.0</ele></trkpt>
    <trkpt lat="46.055319" lon="11.120371"><ele>194.0</ele></trkpt>
    <trkpt lat="46.055291" lon="11.120381"><ele>194.0</ele></trkpt>
    <trkpt lat="46.054961" lon="11.120452"><ele>194.0</ele></trkpt>
    <trkpt lat="46.054802" lon="11.120505"><ele>194.0</ele></trkpt>
    <trkpt lat="46.054776" lon="11.120514"><ele>194.0</ele></trkpt>
    <trkpt lat="46.054719" lon="11.120526"><ele>194.0</ele></trkpt>
    <trkpt lat="46.054702" lon="11.12053"><ele>194.0</ele></trkpt>
    <trkpt lat="46.054685" lon="11.120533"><ele>194.0</ele></trkpt>
    <trkpt lat="46.05467" lon="11.120537"><ele>194.0</ele></trkpt>
    <trkpt lat="46.054421" lon="11.120585"><ele>194.0</ele></trkpt>
    <trkpt lat="46.05435" lon="11.120599"><ele>194.0</ele></trkpt>
    <trkpt lat="46.053948" lon="11.12072"><ele>193.75</ele></trkpt>
    <trkpt lat="46.05391" lon="11.12073"><ele>194.0</ele></trkpt>
    <trkpt lat="46.053877" lon="11.120738"><ele>193.75</ele></trkpt>
    <trkpt lat="46.053172" lon="11.120883"><ele>194.0</ele></trkpt>
    <trkpt lat="46.053123" lon="11.120802"><ele>194.0</ele></trkpt>
    <trkpt lat="46.053098" lon="11.120751"><ele>194.25</ele></trkpt>
    <trkpt lat="46.052878" lon="11.12077"><ele>195.75</ele></trkpt>
    <trkpt lat="46.052828" lon="11.120229"><ele>195.75</ele></trkpt>
    <trkpt lat="46.052812" lon="11.120233"><ele>196.0</ele></trkpt>
    <trkpt lat="46.052796" lon="11.120238"><ele>196.25</ele></trkpt>
    <trkpt lat="46.052826" lon="11.120549"><ele>198.25</ele></trkpt>
    <trkpt lat="46.052834" lon="11.120797"><ele>195.75</ele></trkpt>
    <trkpt lat="46.052839" lon="11.12092"><ele>197.0</ele></trkpt>
    <trkpt lat="46.052837" lon="11.121085"><ele>200.0</ele></trkpt>
    <trkpt lat="46.052826" lon="11.121177"><ele>200.5</ele></trkpt>
    <trkpt lat="46.052785" lon="11.121342"><ele>201.0</ele></trkpt>
    <trkpt lat="46.052732" lon="11.121307"><ele>200.5</ele></trkpt>
    <trkpt lat="46.052684" lon="11.121276"><ele>200.0</ele></trkpt>
    <trkpt lat="46.052664" lon="11.121332"><ele>199.5</ele></trkpt>
    <trkpt lat="46.05258" lon="11.121554"><ele>200.25</ele></trkpt>
    <trkpt lat="46.052567" lon="11.121577"><ele>200.5</ele></trkpt>
    <trkpt lat="46.052557" lon="11.121578"><ele>200.75</ele></trkpt>
    <trkpt lat="46.052493" lon="11.121525"><ele>199.75</ele></trkpt>
    <trkpt lat="46.052412" lon="11.121487"><ele>199.5</ele></trkpt>
    <trkpt lat="46.052106" lon="11.121271"><ele>199.25</ele></trkpt>
    <trkpt lat="46.051583" lon="11.120919"><ele>197.25</ele></trkpt>
    <trkpt lat="46.05153" lon="11.120879"><ele>197.5</ele></trkpt>
    <trkpt lat="46.051288" lon="11.120752"><ele>197.25</ele></trkpt>
    <trkpt lat="46.051102" lon="11.120659"><ele>196.0</ele></trkpt>
    <trkpt lat="46.050938" lon="11.120606"><ele>197.25</ele></trkpt>
    <trkpt lat="46.0507" lon="11.120575"><ele>197.75</ele></trkpt>
    <trkpt lat="46.050558" lon="11.120589"><ele>196.75</ele></trkpt>
    <trkpt lat="46.050506" lon="11.120582"><ele>197.0</ele></trkpt>
    <trkpt lat="46.050465" lon="11.120569"><ele>197.5</ele></trkpt>
    <trkpt lat="46.050386" lon="11.120523"><ele>198.0</ele></trkpt>
    <trkpt lat="46.0502" lon="11.120423"><ele>198.0</ele></trkpt>
    <trkpt lat="46.050074" lon="11.12034"><ele>196.5</ele></trkpt>
    <trkpt lat="46.049797" lon="11.120087"><ele>196.75</ele></trkpt>
    <trkpt lat="46.04973" lon="11.120013"><ele>198.5</ele></trkpt>
    <trkpt lat="46.049677" lon="11.119981"><ele>197.75</ele></trkpt>
    <trkpt lat="46.049234" lon="11.119795"><ele>194.75</ele></trkpt>
    <trkpt lat="46.048784" lon="11.119599"><ele>193.75</ele></trkpt>
    <trkpt lat="46.048727" lon="11.119588"><ele>193.75</ele></trkpt>
    <trkpt lat="46.048565" lon="11.11953"><ele>193.75</ele></trkpt>
    <trkpt lat="46.048438" lon="11.119503"><ele>195.0</ele></trkpt>
    <trkpt lat="46.048256" lon="11.119473"><ele>196.5</ele></trkpt>
    <trkpt lat="46.048" lon="11.119471"><ele>196.5</ele></trkpt>
    <trkpt lat="46.047856" lon="11.119488"><ele>196.25</ele></trkpt>
    <trkpt lat="46.047655" lon="11.11953"><ele>196.0</ele></trkpt>
    <trkpt lat="46.04754" lon="11.119577"><ele>195.75</ele></trkpt>
    <trkpt lat="46.047352" lon="11.119684"><ele>195.5</ele></trkpt>
    <trkpt lat="46.047332" lon="11.119626"><ele>195.75</ele></trkpt>
    <trkpt lat="46.047312" lon="11.119608"><ele>195.75</ele></trkpt>
    <trkpt lat="46.047274" lon="11.119629"><ele>195.75</ele></trkpt>
    <trkpt lat="46.046062" lon="11.120573"><ele>194.5</ele></trkpt>
    <trkpt lat="46.045728" lon="11.120824"><ele>194.0</ele></trkpt>
    <trkpt lat="46.045411" lon="11.121076"><ele>193.5</ele></trkpt>
    <trkpt lat="46.044963" lon="11.121426"><ele>193.5</ele></trkpt>
    <trkpt lat="46.044913" lon="11.12151"><ele>193.0</ele></trkpt>
    <trkpt lat="46.044822" lon="11.121588"><ele>192.75</ele></trkpt>
    <trkpt lat="46.044692" lon="11.121648"><ele>193.0</ele></trkpt>
    <trkpt lat="46.044634" lon="11.121697"><ele>192.5</ele></trkpt>
    <trkpt lat="46.043418" lon="11.122653"><ele>191.25</ele></trkpt>
    <trkpt lat="46.042568" lon="11.123131"><ele>190.75</ele></trkpt>
    <trkpt lat="46.042173" lon="11.123312"><ele>190.75</ele></trkpt>
    <trkpt lat="46.041987" lon="11.123449"><ele>190.0</ele></trkpt>
    <trkpt lat="46.041837" lon="11.123533"><ele>190.25</ele></trkpt>
    <trkpt lat="46.041457" lon="11.123632"><ele>190.0</ele></trkpt>
    <trkpt lat="46.041359" lon="11.123658"><ele>189.75</ele></trkpt>
    <trkpt lat="46.041293" lon="11.123673"><ele>189.75</ele></trkpt>
    <trkpt lat="46.040787" lon="11.123798"><ele>190.0</ele></trkpt>
    <trkpt lat="46.040623" lon="11.123841"><ele>190.0</ele></trkpt>
    <trkpt lat="46.040328" lon="11.123923"><ele>189.75</ele></trkpt>
    <trkpt lat="46.039943" lon="11.124016"><ele>189.25</ele></trkpt>
    <trkpt lat="46.039523" lon="11.124125"><ele>189.0</ele></trkpt>
    <trkpt lat="46.039347" lon="11.12417"><ele>188.75</ele></trkpt>
    <trkpt lat="46.038657" lon="11.124347"><ele>189.25</ele></trkpt>
    <trkpt lat="46.038512" lon="11.124381"><ele>189.0</ele></trkpt>
    <trkpt lat="46.038198" lon="11.124441"><ele>189.0</ele></trkpt>
    <trkpt lat="46.038145" lon="11.124446"><ele>189.0</ele></trkpt>
    <trkpt lat="46.038125" lon="11.124429"><ele>189.0</ele></trkpt>
    <trkpt lat="46.038114" lon="11.124365"><ele>189.0</ele></trkpt>
    <trkpt lat="46.038096" lon="11.124345"><ele>189.0</ele></trkpt>
    <trkpt lat="46.038059" lon="11.12435"><ele>189.0</ele></trkpt>
    <trkpt lat="46.038023" lon="11.124355"><ele>189.0</ele></trkpt>
    <trkpt lat="46.038" lon="11.124363"><ele>189.0</ele></trkpt>
    <trkpt lat="46.037971" lon="11.124462"><ele>189.0</ele></trkpt>
    <trkpt lat="46.037956" lon="11.124483"><ele>189.0</ele></trkpt>
    <trkpt lat="46.037517" lon="11.12459"><ele>189.25</ele></trkpt>
    <trkpt lat="46.037379" lon="11.124618"><ele>189.25</ele></trkpt>
    <trkpt lat="46.037231" lon="11.124672"><ele>189.0</ele></trkpt>
    <trkpt lat="46.037204" lon="11.124669"><ele>189.0</ele></trkpt>
    <trkpt lat="46.036903" lon="11.124609"><ele>188.5</ele></trkpt>
    <trkpt lat="46.036814" lon="11.124602"><ele>187.75</ele></trkpt>
    <trkpt lat="46.036609" lon="11.124662"><ele>187.5</ele></trkpt>
    <trkpt lat="46.036314" lon="11.124649"><ele>187.75</ele></trkpt>
    <trkpt lat="46.036113" lon="11.124658"><ele>188.0</ele></trkpt>
    <trkpt lat="46.035334" lon="11.124605"><ele>189.75</ele></trkpt>
    <trkpt lat="46.035271" lon="11.124602"><ele>189.75</ele></trkpt>
    <trkpt lat="46.035246" lon="11.124604"><ele>189.75</ele></trkpt>
    <trkpt lat="46.035231" lon="11.124641"><ele>189.75</ele></trkpt>
    <trkpt lat="46.03522" lon="11.124647"><ele>189.75</ele></trkpt>
    <trkpt lat="46.035142" lon="11.124659"><ele>189.5</ele></trkpt>
    <trkpt lat="46.035067" lon="11.124652"><ele>189.5</ele></trkpt>
    <trkpt lat="46.034764" lon="11.124587"><ele>191.5</ele></trkpt>
    <trkpt lat="46.034635" lon="11.124558"><ele>191.5</ele></trkpt>
    <trkpt lat="46.034329" lon="11.124501"><ele>190.5</ele></trkpt>
    <trkpt lat="46.034071" lon="11.124471"><ele>189.75</ele></trkpt>
    <trkpt lat="46.033943" lon="11.124433"><ele>189.75</ele></trkpt>
    <trkpt lat="46.033608" lon="11.124521"><ele>188.0</ele></trkpt>
    <trkpt lat="46.033271" lon="11.124608"><ele>188.0</ele></trkpt>
    <trkpt lat="46.033028" lon="11.124638"><ele>188.75</ele></trkpt>
    <trkpt lat="46.03277" lon="11.124646"><ele>188.5</ele></trkpt>
    <trkpt lat="46.032654" lon="11.124642"><ele>188.5</ele></trkpt>
    <trkpt lat="46.032446" lon="11.124636"><ele>188.25</ele></trkpt>
    <trkpt lat="46.032123" lon="11.124583"><ele>188.0</ele></trkpt>
    <trkpt lat="46.031873" lon="11.124519"><ele>188.25</ele></trkpt>
    <trkpt lat="46.031401" lon="11.124363"><ele>187.0</ele></trkpt>
    <trkpt lat="46.030941" lon="11.124191"><ele>188.75</ele></trkpt>
    <trkpt lat="46.030313" lon="11.123976"><ele>188.0</ele></trkpt>
    <trkpt lat="46.029831" lon="11.123836"><ele>187.5</ele></trkpt>
    <trkpt lat="46.029245" lon="11.123705"><ele>186.5</ele></trkpt>
    <trkpt lat="46.029098" lon="11.123682"><ele>186.75</ele></trkpt>
    <trkpt lat="46.028845" lon="11.123734"><ele>187.5</ele></trkpt>
    <trkpt lat="46.026589" lon="11.123737"><ele>187.0</ele></trkpt>
    <trkpt lat="46.026547" lon="11.123749"><ele>187.0</ele></trkpt>
    <trkpt lat="46.026485" lon="11.123743"><ele>187.25</ele></trkpt>
    <trkpt lat="46.026444" lon="11.12373"><ele>187.5</ele></trkpt>
    <trkpt lat="46.016277" lon="11.123726"><ele>186.5</ele></trkpt>
    <trkpt lat="46.015479" lon="11.123714"><ele>186.25</ele></trkpt>
    <trkpt lat="46.01521" lon="11.123662"><ele>186.25</ele></trkpt>
    <trkpt lat="46.015115" lon="11.123619"><ele>186.75</ele></trkpt>
    <trkpt lat="46.01417" lon="11.123621"><ele>186.75</ele></trkpt>
    <trkpt lat="46.01244" lon="11.123621"><ele>187.5</ele></trkpt>
    <trkpt lat="46.010885" lon="11.12361"><ele>185.75</ele></trkpt>
    <trkpt lat="46.010754" lon="11.123662"><ele>185.5</ele></trkpt>
    <trkpt lat="46.010336" lon="11.123738"><ele>185.0</ele></trkpt>
    <trkpt lat="46.010279" lon="11.12379"><ele>184.5</ele></trkpt>
    <trkpt lat="46.010109" lon="11.124025"><ele>184.25</ele></trkpt>
    <trkpt lat="46.010009" lon="11.124135"><ele>184.0</ele></trkpt>
    <trkpt lat="46.009832" lon="11.124307"><ele>184.5</ele></trkpt>
    <trkpt lat="46.009763" lon="11.124361"><ele>184.75</ele></trkpt>
    <trkpt lat="46.009694" lon="11.124396"><ele>185.25</ele></trkpt>
    <trkpt lat="46.009621" lon="11.124405"><ele>186.5</ele></trkpt>
    <trkpt lat="46.009574" lon="11.124398"><ele>187.25</ele></trkpt>
    <trkpt lat="46.009435" lon="11.124352"><ele>188.75</ele></trkpt>
    <trkpt lat="46.009302" lon="11.124296"><ele>187.5</ele></trkpt>
    <trkpt lat="46.008925" lon="11.124109"><ele>185.75</ele></trkpt>
    <trkpt lat="46.008701" lon="11.12401"><ele>186.25</ele></trkpt>
    <trkpt lat="46.008302" lon="11.123802"><ele>186.25</ele></trkpt>
    <trkpt lat="46.008229" lon="11.123747"><ele>186.5</ele></trkpt>
    <trkpt lat="46.008108" lon="11.123594"><ele>186.5</ele></trkpt>
    <trkpt lat="46.007396" lon="11.123597"><ele>185.5</ele></trkpt>
    <trkpt lat="46.007075" lon="11.123606"><ele>185.75</ele></trkpt>
    <trkpt lat="46.006826" lon="11.123703"><ele>186.0</ele></trkpt>
    <trkpt lat="46.006668" lon="11.123669"><ele>185.25</ele></trkpt>
    <trkpt lat="46.006319" lon="11.123629"><ele>186.0</ele></trkpt>
    <trkpt lat="46.006089" lon="11.123567"><ele>185.75</ele></trkpt>
    <trkpt lat="46.006" lon="11.123526"><ele>185.0</ele></trkpt>
    <trkpt lat="46.005478" lon="11.123289"><ele>185.5</ele></trkpt>
    <trkpt lat="46.005015" lon="11.123197"><ele>183.75</ele></trkpt>
    <trkpt lat="45.999938" lon="11.122492"><ele>186.25</ele></trkpt>
    <trkpt lat="45.999667" lon="11.12246"><ele>184.25</ele></trkpt>
    <trkpt lat="45.997287" lon="11.122109"><ele>182.5</ele></trkpt>
    <trkpt lat="45.996923" lon="11.122041"><ele>183.0</ele></trkpt>
    <trkpt lat="45.99656" lon="11.121956"><ele>185.75</ele></trkpt>
    <trkpt lat="45.996214" lon="11.121858"><ele>183.25</ele></trkpt>
    <trkpt lat="45.995838" lon="11.121732"><ele>185.25</ele></trkpt>
    <trkpt lat="45.995515" lon="11.121601"><ele>184.0</ele></trkpt>
    <trkpt lat="45.995169" lon="11.121442"><ele>184.0</ele></trkpt>
    <trkpt lat="45.994661" lon="11.12117"><ele>184.0</ele></trkpt>
    <trkpt lat="45.994503" lon="11.121067"><ele>183.75</ele></trkpt>
    <trkpt lat="45.99321" lon="11.120304"><ele>184.25</ele></trkpt>
    <trkpt lat="45.991533" lon="11.119271"><ele>184.0</ele></trkpt>
    <trkpt lat="45.990999" lon="11.118928"><ele>183.75</ele></trkpt>
    <trkpt lat="45.990338" lon="11.118437"><ele>183.5</ele></trkpt>
    <trkpt lat="45.989697" lon="11.117906"><ele>182.5</ele></trkpt>
    <trkpt lat="45.988431" lon="11.116735"><ele>183.5</ele></trkpt>
    <trkpt lat="45.985389" lon="11.113842"><ele>183.0</ele></trkpt>
    <trkpt lat="45.985192" lon="11.113731"><ele>183.0</ele></trkpt>
    <trkpt lat="45.984994" lon="11.113577"><ele>184.75</ele></trkpt>
    <trkpt lat="45.984866" lon="11.113356"><ele>184.0</ele></trkpt>
    <trkpt lat="45.984786" lon="11.113265"><ele>183.5</ele></trkpt>
    <trkpt lat="45.984584" lon="11.113063"><ele>183.0</ele></trkpt>
    <trkpt lat="45.983073" lon="11.111695"><ele>183.5</ele></trkpt>
    <trkpt lat="45.981983" lon="11.111002"><ele>182.0</ele></trkpt>
    <trkpt lat="45.980687" lon="11.110445"><ele>181.75</ele></trkpt>
    <trkpt lat="45.978779" lon="11.110123"><ele>181.5</ele></trkpt>
    <trkpt lat="45.976759" lon="11.109814"><ele>181.5</ele></trkpt>
    <trkpt lat="45.974622" lon="11.109543"><ele>182.5</ele></trkpt>
    <trkpt lat="45.973676" lon="11.109412"><ele>183.25</ele></trkpt>
    <trkpt lat="45.968963" lon="11.108719"><ele>181.5</ele></trkpt>
    <trkpt lat="45.966396" lon="11.108361"><ele>182.75</ele></trkpt>
    <trkpt lat="45.965858" lon="11.108333"><ele>182.75</ele></trkpt>
    <trkpt lat="45.96563" lon="11.108331"><ele>182.75</ele></trkpt>
    <trkpt lat="45.964845" lon="11.108354"><ele>183.25</ele></trkpt>
    <trkpt lat="45.963473" lon="11.108628"><ele>182.25</ele></trkpt>
    <trkpt lat="45.961593" lon="11.108912"><ele>183.0</ele></trkpt>
    <trkpt lat="45.961184" lon="11.108981"><ele>180.25</ele></trkpt>
    <trkpt lat="45.96071" lon="11.109143"><ele>181.5</ele></trkpt>
    <trkpt lat="45.959919" lon="11.109372"><ele>181.5</ele></trkpt>
    <trkpt lat="45.959156" lon="11.109539"><ele>185.25</ele></trkpt>
    <trkpt lat="45.958609" lon="11.10957"><ele>185.75</ele></trkpt>
    <trkpt lat="45.957514" lon="11.109461"><ele>182.5</ele></trkpt>
    <trkpt lat="45.956763" lon="11.109297"><ele>181.5</ele></trkpt>
    <trkpt lat="45.956299" lon="11.109083"><ele>180.25</ele></trkpt>
    <trkpt lat="45.955653" lon="11.108712"><ele>180.5</ele></trkpt>
    <trkpt lat="45.955195" lon="11.108339"><ele>180.5</ele></trkpt>
    <trkpt lat="45.954744" lon="11.107916"><ele>180.25</ele></trkpt>
    <trkpt lat="45.952339" lon="11.105228"><ele>179.5</ele></trkpt>
    <trkpt lat="45.951629" lon="11.104577"><ele>179.5</ele></trkpt>
    <trkpt lat="45.951246" lon="11.104304"><ele>179.75</ele></trkpt>
    <trkpt lat="45.950763" lon="11.104062"><ele>179.75</ele></trkpt>
    <trkpt lat="45.945981" lon="11.101962"><ele>181.0</ele></trkpt>
    <trkpt lat="45.945436" lon="11.101706"><ele>180.75</ele></trkpt>
    <trkpt lat="45.945349" lon="11.101619"><ele>180.25</ele></trkpt>
    <trkpt lat="45.945619" lon="11.100471"><ele>179.75</ele></trkpt>
    <trkpt lat="45.942295" lon="11.098971"><ele>179.25</ele></trkpt>
    <trkpt lat="45.941706" lon="11.098622"><ele>180.5</ele></trkpt>
    <trkpt lat="45.941219" lon="11.098251"><ele>180.25</ele></trkpt>
    <trkpt lat="45.940993" lon="11.09805"><ele>180.5</ele></trkpt>
    <trkpt lat="45.940745" lon="11.09782"><ele>180.25</ele></trkpt>
    <trkpt lat="45.940651" lon="11.097692"><ele>179.5</ele></trkpt>
    <trkpt lat="45.940553" lon="11.097552"><ele>178.75</ele></trkpt>
    <trkpt lat="45.940431" lon="11.097403"><ele>178.0</ele></trkpt>
    <trkpt lat="45.940367" lon="11.09735"><ele>178.0</ele></trkpt>
    <trkpt lat="45.940195" lon="11.09715"><ele>179.25</ele></trkpt>
    <trkpt lat="45.939879" lon="11.096659"><ele>179.0</ele></trkpt>
    <trkpt lat="45.939685" lon="11.096289"><ele>179.75</ele></trkpt>
    <trkpt lat="45.939288" lon="11.09544"><ele>179.0</ele></trkpt>
    <trkpt lat="45.937363" lon="11.090634"><ele>179.5</ele></trkpt>
    <trkpt lat="45.937172" lon="11.090321"><ele>179.75</ele></trkpt>
    <trkpt lat="45.936758" lon="11.089763"><ele>180.5</ele></trkpt>
    <trkpt lat="45.933005" lon="11.085889"><ele>180.0</ele></trkpt>
    <trkpt lat="45.928863" lon="11.081578"><ele>178.75</ele></trkpt>
    <trkpt lat="45.928652" lon="11.081348"><ele>178.5</ele></trkpt>
    <trkpt lat="45.928462" lon="11.081088"><ele>178.5</ele></trkpt>
    <trkpt lat="45.928371" lon="11.080961"><ele>178.75</ele></trkpt>
    <trkpt lat="45.928295" lon="11.080841"><ele>179.0</ele></trkpt>
    <trkpt lat="45.928198" lon="11.08066"><ele>179.0</ele></trkpt>
    <trkpt lat="45.928139" lon="11.080557"><ele>179.75</ele></trkpt>
    <trkpt lat="45.928023" lon="11.080259"><ele>180.5</ele></trkpt>
    <trkpt lat="45.927997" lon="11.080217"><ele>180.25</ele></trkpt>
    <trkpt lat="45.927958" lon="11.080192"><ele>179.75</ele></trkpt>
    <trkpt lat="45.927892" lon="11.08028"><ele>179.0</ele></trkpt>
    <trkpt lat="45.927214" lon="11.081166"><ele>178.0</ele></trkpt>
    <trkpt lat="45.92713" lon="11.081256"><ele>179.75</ele></trkpt>
    <trkpt lat="45.927091" lon="11.081268"><ele>180.0</ele></trkpt>
    <trkpt lat="45.927047" lon="11.081258"><ele>180.0</ele></trkpt>
    <trkpt lat="45.926981" lon="11.081181"><ele>180.25</ele></trkpt>
    <trkpt lat="45.926954" lon="11.081061"><ele>180.5</ele></trkpt>
    <trkpt lat="45.926945" lon="11.080941"><ele>180.25</ele></trkpt>
    <trkpt lat="45.926913" lon="11.080836"><ele>180.0</ele></trkpt>
    <trkpt lat="45.926784" lon="11.080692"><ele>179.0</ele></trkpt>
    <trkpt lat="45.926743" lon="11.080577"><ele>178.75</ele></trkpt>
    <trkpt lat="45.926712" lon="11.080447"><ele>178.5</ele></trkpt>
    <trkpt lat="45.926652" lon="11.080303"><ele>179.0</ele></trkpt>
    <trkpt lat="45.926541" lon="11.080137"><ele>178.5</ele></trkpt>
    <trkpt lat="45.92642" lon="11.079954"><ele>179.25</ele></trkpt>
    <trkpt lat="45.926372" lon="11.079847"><ele>179.75</ele></trkpt>
    <trkpt lat="45.926327" lon="11.079688"><ele>179.25</ele></trkpt>
    <trkpt lat="45.926271" lon="11.079321"><ele>175.5</ele></trkpt>
    <trkpt lat="45.926055" lon="11.078747"><ele>176.75</ele></trkpt>
    <trkpt lat="45.925839" lon="11.078055"><ele>177.75</ele></trkpt>
    <trkpt lat="45.925698" lon="11.077519"><ele>175.75</ele></trkpt>
    <trkpt lat="45.925571" lon="11.076979"><ele>178.25</ele></trkpt>
    <trkpt lat="45.925478" lon="11.07644"><ele>176.0</ele></trkpt>
    <trkpt lat="45.925383" lon="11.075566"><ele>175.0</ele></trkpt>
    <trkpt lat="45.925316" lon="11.074689"><ele>177.75</ele></trkpt>
    <trkpt lat="45.925322" lon="11.073991"><ele>176.0</ele></trkpt>
    <trkpt lat="45.925336" lon="11.073444"><ele>175.5</ele></trkpt>
    <trkpt lat="45.925362" lon="11.072887"><ele>174.25</ele></trkpt>
    <trkpt lat="45.925432" lon="11.072117"><ele>173.25</ele></trkpt>
    <trkpt lat="45.925519" lon="11.071548"><ele>176.0</ele></trkpt>
    <trkpt lat="45.925554" lon="11.071279"><ele>177.75</ele></trkpt>
    <trkpt lat="45.925585" lon="11.070941"><ele>177.25</ele></trkpt>
    <trkpt lat="45.925683" lon="11.070423"><ele>173.75</ele></trkpt>
    <trkpt lat="45.926696" lon="11.066325"><ele>176.0</ele></trkpt>
    <trkpt lat="45.92686" lon="11.065555"><ele>174.5</ele></trkpt>
    <trkpt lat="45.92697" lon="11.064791"><ele>176.25</ele></trkpt>
    <trkpt lat="45.927032" lon="11.063971"><ele>173.5</ele></trkpt>
    <trkpt lat="45.927057" lon="11.063361"><ele>173.25</ele></trkpt>
    <trkpt lat="45.927045" lon="11.062667"><ele>173.5</ele></trkpt>
    <trkpt lat="45.926947" lon="11.06143"><ele>176.75</ele></trkpt>
    <trkpt lat="45.926792" lon="11.060607"><ele>173.25</ele></trkpt>
    <trkpt lat="45.926552" lon="11.0597"><ele>174.25</ele></trkpt>
    <trkpt lat="45.926407" lon="11.059314"><ele>175.5</ele></trkpt>
    <trkpt lat="45.926229" lon="11.058908"><ele>175.0</ele></trkpt>
    <trkpt lat="45.925636" lon="11.057854"><ele>175.5</ele></trkpt>
    <trkpt lat="45.925496" lon="11.057611"><ele>176.0</ele></trkpt>
    <trkpt lat="45.925406" lon="11.057458"><ele>175.75</ele></trkpt>
    <trkpt lat="45.925313" lon="11.057344"><ele>175.75</ele></trkpt>
    <trkpt lat="45.925106" lon="11.057018"><ele>175.5</ele></trkpt>
    <trkpt lat="45.925043" lon="11.056875"><ele>175.75</ele></trkpt>
    <trkpt lat="45.924933" lon="11.056614"><ele>175.5</ele></trkpt>
    <trkpt lat="45.923882" lon="11.0548"><ele>175.0</ele></trkpt>
    <trkpt lat="45.922617" lon="11.053064"><ele>174.75</ele></trkpt>
    <trkpt lat="45.92109" lon="11.051294"><ele>174.75</ele></trkpt>
    <trkpt lat="45.920405" lon="11.050615"><ele>175.0</ele></trkpt>
    <trkpt lat="45.920191" lon="11.050247"><ele>175.0</ele></trkpt>
    <trkpt lat="45.919802" lon="11.049345"><ele>174.5</ele></trkpt>
    <trkpt lat="45.91896" lon="11.047982"><ele>174.0</ele></trkpt>
    <trkpt lat="45.918678" lon="11.047391"><ele>174.0</ele></trkpt>
    <trkpt lat="45.91713" lon="11.044031"><ele>173.75</ele></trkpt>
    <trkpt lat="45.916406" lon="11.042883"><ele>173.75</ele></trkpt>
    <trkpt lat="45.915974" lon="11.042329"><ele>173.75</ele></trkpt>
    <trkpt lat="45.915471" lon="11.041768"><ele>173.75</ele></trkpt>
    <trkpt lat="45.914349" lon="11.040715"><ele>173.75</ele></trkpt>
    <trkpt lat="45.914275" lon="11.040637"><ele>173.75</ele></trkpt>
    <trkpt lat="45.914225" lon="11.040573"><ele>173.75</ele></trkpt>
    <trkpt lat="45.914172" lon="11.040448"><ele>173.75</ele></trkpt>
    <trkpt lat="45.914122" lon="11.040293"><ele>174.0</ele></trkpt>
    <trkpt lat="45.914072" lon="11.040198"><ele>172.75</ele></trkpt>
    <trkpt lat="45.914022" lon="11.040179"><ele>172.75</ele></trkpt>
    <trkpt lat="45.913915" lon="11.040149"><ele>173.25</ele></trkpt>
    <trkpt lat="45.913899" lon="11.040132"><ele>173.25</ele></trkpt>
    <trkpt lat="45.913751" lon="11.039886"><ele>173.0</ele></trkpt>
    <trkpt lat="45.913648" lon="11.039777"><ele>173.0</ele></trkpt>
    <trkpt lat="45.913509" lon="11.039662"><ele>173.25</ele></trkpt>
    <trkpt lat="45.912529" lon="11.038747"><ele>174.75</ele></trkpt>
    <trkpt lat="45.912476" lon="11.038781"><ele>174.75</ele></trkpt>
    <trkpt lat="45.912334" lon="11.038632"><ele>175.0</ele></trkpt>
    <trkpt lat="45.912195" lon="11.038435"><ele>175.25</ele></trkpt>
    <trkpt lat="45.912068" lon="11.038302"><ele>174.75</ele></trkpt>
    <trkpt lat="45.911863" lon="11.038182"><ele>175.25</ele></trkpt>
    <trkpt lat="45.911823" lon="11.038179"><ele>175.25</ele></trkpt>
    <trkpt lat="45.911773" lon="11.038203"><ele>175.5</ele></trkpt>
    <trkpt lat="45.911731" lon="11.038255"><ele>175.5</ele></trkpt>
    <trkpt lat="45.911713" lon="11.038266"><ele>175.75</ele></trkpt>
    <trkpt lat="45.911654" lon="11.038117"><ele>175.0</ele></trkpt>
    <trkpt lat="45.911599" lon="11.038066"><ele>175.0</ele></trkpt>
    <trkpt lat="45.911516" lon="11.038018"><ele>174.75</ele></trkpt>
    <trkpt lat="45.911384" lon="11.037957"><ele>174.5</ele></trkpt>
    <trkpt lat="45.911142" lon="11.03788"><ele>174.0</ele></trkpt>
    <trkpt lat="45.911" lon="11.037861"><ele>174.0</ele></trkpt>
    <trkpt lat="45.910706" lon="11.037805"><ele>174.5</ele></trkpt>
    <trkpt lat="45.910621" lon="11.037771"><ele>174.5</ele></trkpt>
    <trkpt lat="45.910508" lon="11.037692"><ele>174.75</ele></trkpt>
    <trkpt lat="45.910134" lon="11.037371"><ele>175.0</ele></trkpt>
    <trkpt lat="45.909592" lon="11.036949"><ele>174.25</ele></trkpt>
    <trkpt lat="45.90898" lon="11.036644"><ele>173.5</ele></trkpt>
    <trkpt lat="45.908855" lon="11.036566"><ele>173.75</ele></trkpt>
    <trkpt lat="45.908765" lon="11.036398"><ele>173.75</ele></trkpt>
    <trkpt lat="45.908635" lon="11.036125"><ele>174.75</ele></trkpt>
    <trkpt lat="45.908349" lon="11.035657"><ele>173.75</ele></trkpt>
    <trkpt lat="45.907937" lon="11.035018"><ele>173.25</ele></trkpt>
    <trkpt lat="45.907801" lon="11.034861"><ele>173.75</ele></trkpt>
    <trkpt lat="45.907712" lon="11.034816"><ele>174.0</ele></trkpt>
    <trkpt lat="45.907033" lon="11.034873"><ele>174.0</ele></trkpt>
    <trkpt lat="45.906049" lon="11.034972"><ele>173.75</ele></trkpt>
    <trkpt lat="45.905797" lon="11.034939"><ele>173.75</ele></trkpt>
    <trkpt lat="45.905405" lon="11.03487"><ele>173.0</ele></trkpt>
    <trkpt lat="45.905174" lon="11.034816"><ele>173.0</ele></trkpt>
    <trkpt lat="45.904699" lon="11.034687"><ele>173.75</ele></trkpt>
    <trkpt lat="45.904134" lon="11.034519"><ele>173.5</ele></trkpt>
    <trkpt lat="45.903567" lon="11.034335"><ele>173.5</ele></trkpt>
    <trkpt lat="45.903237" lon="11.034211"><ele>173.25</ele></trkpt>
    <trkpt lat="45.902781" lon="11.034039"><ele>173.5</ele></trkpt>
    <trkpt lat="45.902452" lon="11.033894"><ele>173.75</ele></trkpt>
    <trkpt lat="45.90213" lon="11.033694"><ele>173.5</ele></trkpt>
    <trkpt lat="45.901938" lon="11.033642"><ele>173.0</ele></trkpt>
    <trkpt lat="45.901684" lon="11.033594"><ele>173.75</ele></trkpt>
    <trkpt lat="45.901525" lon="11.033578"><ele>173.75</ele></trkpt>
    <trkpt lat="45.901392" lon="11.033587"><ele>173.75</ele></trkpt>
    <trkpt lat="45.901251" lon="11.033507"><ele>173.5</ele></trkpt>
    <trkpt lat="45.900661" lon="11.033261"><ele>173.25</ele></trkpt>
    <trkpt lat="45.900452" lon="11.033201"><ele>173.5</ele></trkpt>
    <trkpt lat="45.900368" lon="11.033186"><ele>173.75</ele></trkpt>
    <trkpt lat="45.900302" lon="11.033214"><ele>173.75</ele></trkpt>
    <trkpt lat="45.900279" lon="11.033239"><ele>173.75</ele></trkpt>
    <trkpt lat="45.900239" lon="11.033282"><ele>174.25</ele></trkpt>
    <trkpt lat="45.900144" lon="11.033495"><ele>175.25</ele></trkpt>
    <trkpt lat="45.900107" lon="11.033526"><ele>175.75</ele></trkpt>
    <trkpt lat="45.90009" lon="11.033528"><ele>176.0</ele></trkpt>
    <trkpt lat="45.900059" lon="11.033514"><ele>176.25</ele></trkpt>
    <trkpt lat="45.900046" lon="11.033497"><ele>176.5</ele></trkpt>
    <trkpt lat="45.900032" lon="11.033466"><ele>176.5</ele></trkpt>
    <trkpt lat="45.900019" lon="11.033413"><ele>176.75</ele></trkpt>
    <trkpt lat="45.90001" lon="11.033309"><ele>177.0</ele></trkpt>
    <trkpt lat="45.900011" lon="11.033215"><ele>177.5</ele></trkpt>
    <trkpt lat="45.900021" lon="11.033096"><ele>178.25</ele></trkpt>
    <trkpt lat="45.900025" lon="11.033017"><ele>178.75</ele></trkpt>
    <trkpt lat="45.900028" lon="11.032961"><ele>179.25</ele></trkpt>
    <trkpt lat="45.900022" lon="11.032753"><ele>181.25</ele></trkpt>
    <trkpt lat="45.899995" lon="11.032386"><ele>181.5</ele></trkpt>
    <trkpt lat="45.899989" lon="11.032338"><ele>181.5</ele></trkpt>
    <trkpt lat="45.899932" lon="11.031878"><ele>178.0</ele></trkpt>
    <trkpt lat="45.899912" lon="11.031761"><ele>178.25</ele></trkpt>
    <trkpt lat="45.899849" lon="11.031528"><ele>178.5</ele></trkpt>
    <trkpt lat="45.899792" lon="11.031422"><ele>179.0</ele></trkpt>
    <trkpt lat="45.899738" lon="11.031338"><ele>179.5</ele></trkpt>
    <trkpt lat="45.899563" lon="11.031142"><ele>178.75</ele></trkpt>
    <trkpt lat="45.899466" lon="11.031059"><ele>179.5</ele></trkpt>
    <trkpt lat="45.899397" lon="11.031026"><ele>179.75</ele></trkpt>
    <trkpt lat="45.899335" lon="11.031003"><ele>180.0</ele></trkpt>
    <trkpt lat="45.899113" lon="11.030984"><ele>181.25</ele></trkpt>
    <trkpt lat="45.89904" lon="11.030967"><ele>181.25</ele></trkpt>
    <trkpt lat="45.898778" lon="11.030838"><ele>181.75</ele></trkpt>
    <trkpt lat="45.898407" lon="11.030669"><ele>180.75</ele></trkpt>
    <trkpt lat="45.898263" lon="11.030596"><ele>180.75</ele></trkpt>
    <trkpt lat="45.898146" lon="11.030525"><ele>180.75</ele></trkpt>
    <trkpt lat="45.898113" lon="11.030504"><ele>180.75</ele></trkpt>
    <trkpt lat="45.897888" lon="11.030368"><ele>180.5</ele></trkpt>
    <trkpt lat="45.897264" lon="11.029929"><ele>181.0</ele></trkpt>
    <trkpt lat="45.896995" lon="11.029733"><ele>181.5</ele></trkpt>
    <trkpt lat="45.896765" lon="11.029521"><ele>181.75</ele></trkpt>
    <trkpt lat="45.896602" lon="11.029431"><ele>183.5</ele></trkpt>
    <trkpt lat="45.896486" lon="11.029375"><ele>184.0</ele></trkpt>
    <trkpt lat="45.89642" lon="11.029328"><ele>184.0</ele></trkpt>
    <trkpt lat="45.896358" lon="11.029272"><ele>183.5</ele></trkpt>
    <trkpt lat="45.896235" lon="11.029116"><ele>181.5</ele></trkpt>
    <trkpt lat="45.896215" lon="11.02904"><ele>181.25</ele></trkpt>
    <trkpt lat="45.896179" lon="11.029064"><ele>181.5</ele></trkpt>
    <trkpt lat="45.89616" lon="11.029064"><ele>181.5</ele></trkpt>
    <trkpt lat="45.895905" lon="11.029052"><ele>181.75</ele></trkpt>
    <trkpt lat="45.89583" lon="11.029063"><ele>182.0</ele></trkpt>
    <trkpt lat="45.895805" lon="11.029005"><ele>182.0</ele></trkpt>
    <trkpt lat="45.89575" lon="11.028953"><ele>182.0</ele></trkpt>
    <trkpt lat="45.89551" lon="11.028802"><ele>182.0</ele></trkpt>
    <trkpt lat="45.895479" lon="11.028799"><ele>182.0</ele></trkpt>
    <trkpt lat="45.895453" lon="11.028818"><ele>182.0</ele></trkpt>
    <trkpt lat="45.895427" lon="11.028907"><ele>182.0</ele></trkpt>
    <trkpt lat="45.895299" lon="11.029329"><ele>182.0</ele></trkpt>
    <trkpt lat="45.895296" lon="11.029396"><ele>182.0</ele></trkpt>
    <trkpt lat="45.895301" lon="11.029442"><ele>182.0</ele></trkpt>
    <trkpt lat="45.895243" lon="11.029462"><ele>182.0</ele></trkpt>
    <trkpt lat="45.895059" lon="11.029467"><ele>182.0</ele></trkpt>
    <trkpt lat="45.895002" lon="11.029476"><ele>182.0</ele></trkpt>
    <trkpt lat="45.89484" lon="11.029543"><ele>182.5</ele></trkpt>
    <trkpt lat="45.894723" lon="11.029606"><ele>182.75</ele></trkpt>
    <trkpt lat="45.894581" lon="11.029696"><ele>183.0</ele></trkpt>
    <trkpt lat="45.894377" lon="11.029818"><ele>183.0</ele></trkpt>
    <trkpt lat="45.894169" lon="11.029946"><ele>183.75</ele></trkpt>
    <trkpt lat="45.894146" lon="11.029967"><ele>184.0</ele></trkpt>
    <trkpt lat="45.894124" lon="11.029986"><ele>184.0</ele></trkpt>
    <trkpt lat="45.893962" lon="11.03019"><ele>184.0</ele></trkpt>
    <trkpt lat="45.893885" lon="11.030283"><ele>184.0</ele></trkpt>
    <trkpt lat="45.893828" lon="11.030348"><ele>184.25</ele></trkpt>
    <trkpt lat="45.893456" lon="11.030829"><ele>185.5</ele></trkpt>
    <trkpt lat="45.893252" lon="11.031068"><ele>186.0</ele></trkpt>
    <trkpt lat="45.893081" lon="11.031272"><ele>186.0</ele></trkpt>
    <trkpt lat="45.892062" lon="11.032503"><ele>188.0</ele></trkpt>
    <trkpt lat="45.891814" lon="11.032787"><ele>188.75</ele></trkpt>
    <trkpt lat="45.891741" lon="11.032871"><ele>188.75</ele></trkpt>
    <trkpt lat="45.891272" lon="11.032778"><ele>188.0</ele></trkpt>
    <trkpt lat="45.891175" lon="11.032759"><ele>188.0</ele></trkpt>
    <trkpt lat="45.890212" lon="11.032584"><ele>188.5</ele></trkpt>
    <trkpt lat="45.890217" lon="11.032514"><ele>188.75</ele></trkpt>
    <trkpt lat="45.889845" lon="11.032441"><ele>189.0</ele></trkpt>
    <trkpt lat="45.889534" lon="11.032406"><ele>188.75</ele></trkpt>
    <trkpt lat="45.88939" lon="11.032379"><ele>188.5</ele></trkpt>
    <trkpt lat="45.88928" lon="11.03236"><ele>189.0</ele></trkpt>
    <trkpt lat="45.889213" lon="11.032349"><ele>189.25</ele></trkpt>
    <trkpt lat="45.887807" lon="11.032097"><ele>192.5</ele></trkpt>
    <trkpt lat="45.887714" lon="11.032055"><ele>192.5</ele></trkpt>
    <trkpt lat="45.887707" lon="11.032144"><ele>193.5</ele></trkpt>
    <trkpt lat="45.887694" lon="11.032276"><ele>193.75</ele></trkpt>
    <trkpt lat="45.887666" lon="11.032308"><ele>193.75</ele></trkpt>
    <trkpt lat="45.887601" lon="11.032428"><ele>193.75</ele></trkpt>
    <trkpt lat="45.887583" lon="11.032488"><ele>193.75</ele></trkpt>
    <trkpt lat="45.887578" lon="11.032539"><ele>193.0</ele></trkpt>
    <trkpt lat="45.887569" lon="11.032603"><ele>192.0</ele></trkpt>
    <trkpt lat="45.887508" lon="11.033348"><ele>191.0</ele></trkpt>
    <trkpt lat="45.887521" lon="11.033413"><ele>192.0</ele></trkpt>
    <trkpt lat="45.887533" lon="11.033532"><ele>193.5</ele></trkpt>
    <trkpt lat="45.887623" lon="11.033553"><ele>193.5</ele></trkpt>
    <trkpt lat="45.887963" lon="11.033764"><ele>192.75</ele></trkpt>
    <trkpt lat="45.888086" lon="11.033847"><ele>193.25</ele></trkpt>
    <trkpt lat="45.888145" lon="11.033907"><ele>193.5</ele></trkpt>
    <trkpt lat="45.888196" lon="11.033972"><ele>193.25</ele></trkpt>
    <trkpt lat="45.888232" lon="11.034048"><ele>193.0</ele></trkpt>
    <trkpt lat="45.888385" lon="11.034552"><ele>193.75</ele></trkpt>
    <trkpt lat="45.888562" lon="11.035065"><ele>193.5</ele></trkpt>
    <trkpt lat="45.888761" lon="11.035577"><ele>194.75</ele></trkpt>
    <trkpt lat="45.888915" lon="11.036021"><ele>194.75</ele></trkpt>
    <trkpt lat="45.889068" lon="11.036307"><ele>194.5</ele></trkpt>
    <trkpt lat="45.889222" lon="11.036644"><ele>195.5</ele></trkpt>
    <trkpt lat="45.889418" lon="11.037218"><ele>195.75</ele></trkpt>
    <trkpt lat="45.889604" lon="11.038099"><ele>196.5</ele></trkpt>
    <trkpt lat="45.889632" lon="11.038182"><ele>196.5</ele></trkpt>
    <trkpt lat="45.889673" lon="11.038267"><ele>196.75</ele></trkpt>
    <trkpt lat="45.88969" lon="11.038284"><ele>196.75</ele></trkpt>
    <trkpt lat="45.889719" lon="11.038315"><ele>196.75</ele></trkpt>
    <trkpt lat="45.889769" lon="11.038391"><ele>196.75</ele></trkpt>
    <trkpt lat="45.889799" lon="11.038575"><ele>196.5</ele></trkpt>
    <trkpt lat="45.88984" lon="11.039018"><ele>197.0</ele></trkpt>
    <trkpt lat="45.889877" lon="11.039643"><ele>197.0</ele></trkpt>
    <trkpt lat="45.889929" lon="11.039844"><ele>197.25</ele></trkpt>
    <trkpt lat="45.889947" lon="11.040012"><ele>197.75</ele></trkpt>
    <trkpt lat="45.889961" lon="11.040127"><ele>197.75</ele></trkpt>
    <trkpt lat="45.889978" lon="11.040348"><ele>197.75</ele></trkpt>
    <trkpt lat="45.889946" lon="11.040475"><ele>197.75</ele></trkpt>
    <trkpt lat="45.889864" lon="11.040472"><ele>197.75</ele></trkpt>
    <trkpt lat="45.889777" lon="11.040468"><ele>197.5</ele></trkpt>
    <trkpt lat="45.8884" lon="11.040412"><ele>196.75</ele></trkpt>
    <trkpt lat="45.88831" lon="11.040408"><ele>196.75</ele></trkpt>
    <trkpt lat="45.888068" lon="11.040398"><ele>196.0</ele></trkpt>
    <trkpt lat="45.887977" lon="11.040395"><ele>196.0</ele></trkpt>
    <trkpt lat="45.887398" lon="11.040371"><ele>196.0</ele></trkpt>
    <trkpt lat="45.887359" lon="11.040369"><ele>196.0</ele></trkpt>
    <trkpt lat="45.88727" lon="11.040365"><ele>196.0</ele></trkpt>
    <trkpt lat="45.887181" lon="11.040359"><ele>195.75</ele></trkpt>
    <trkpt lat="45.887072" lon="11.040352"><ele>195.5</ele></trkpt>
    <trkpt lat="45.886598" lon="11.040323"><ele>195.0</ele></trkpt>
    <trkpt lat="45.886594" lon="11.040271"><ele>194.75</ele></trkpt>
    <trkpt lat="45.886584" lon="11.040164"><ele>194.75</ele></trkpt>
    <trkpt lat="45.886519" lon="11.039475"><ele>194.0</ele></trkpt>
    <trkpt lat="45.886512" lon="11.039409"><ele>194.0</ele></trkpt>
    <trkpt lat="45.886511" lon="11.039392"><ele>194.0</ele></trkpt>
    <trkpt lat="45.886504" lon="11.039291"><ele>194.0</ele></trkpt>
    <trkpt lat="45.88646" lon="11.03882"><ele>193.25</ele></trkpt>
    <trkpt lat="45.886441" lon="11.038646"><ele>193.0</ele></trkpt>
    <trkpt lat="45.886309" lon="11.038571"><ele>192.75</ele></trkpt>
    <trkpt lat="45.88618" lon="11.03851"><ele>192.5</ele></trkpt>
    <trkpt lat="45.885763" lon="11.038273"><ele>191.75</ele></trkpt>
    <trkpt lat="45.88555" lon="11.038137"><ele>191.25</ele></trkpt>
    <trkpt lat="45.885447" lon="11.037964"><ele>191.25</ele></trkpt>
    <trkpt lat="45.885436" lon="11.037931"><ele>191.25</ele></trkpt>
    <trkpt lat="45.885317" lon="11.037539"><ele>191.0</ele></trkpt>
    <trkpt lat="45.88473" lon="11.037926"><ele>190.5</ele></trkpt>
    <trkpt lat="45.884626" lon="11.037995"><ele>189.0</ele></trkpt>
    <trkpt lat="45.884565" lon="11.038035"><ele>187.5</ele></trkpt>
    <trkpt lat="45.88452" lon="11.038074"><ele>186.5</ele></trkpt>
    <trkpt lat="45.884299" lon="11.03822"><ele>188.0</ele></trkpt>
    <trkpt lat="45.884274" lon="11.038235"><ele>188.5</ele></trkpt>
    <trkpt lat="45.884012" lon="11.037187"><ele>186.75</ele></trkpt>
    <trkpt lat="45.883875" lon="11.036614"><ele>187.25</ele></trkpt>
    <trkpt lat="45.883687" lon="11.035611"><ele>186.0</ele></trkpt>
    <trkpt lat="45.883564" lon="11.034763"><ele>183.75</ele></trkpt>
    <trkpt lat="45.883455" lon="11.034045"><ele>184.0</ele></trkpt>
    <trkpt lat="45.883447" lon="11.033996"><ele>184.0</ele></trkpt>
    <trkpt lat="45.883464" lon="11.033992"><ele>183.75</ele></trkpt>
    <trkpt lat="45.883709" lon="11.03392"><ele>184.0</ele></trkpt>
    <trkpt lat="45.883731" lon="11.033913"><ele>184.5</ele></trkpt>
    <trkpt lat="45.88367" lon="11.033422"><ele>184.0</ele></trkpt>
    <trkpt lat="45.883621" lon="11.03309"><ele>184.75</ele></trkpt>
    <trkpt lat="45.883632" lon="11.032696"><ele>184.0</ele></trkpt>
    <trkpt lat="45.883636" lon="11.032491"><ele>184.0</ele></trkpt>
    <trkpt lat="45.883624" lon="11.032475"><ele>184.25</ele></trkpt>
    <trkpt lat="45.883535" lon="11.032465"><ele>183.0</ele></trkpt>
    <trkpt lat="45.883527" lon="11.032447"><ele>183.0</ele></trkpt>
    <trkpt lat="45.883523" lon="11.03241"><ele>183.0</ele></trkpt>
    <trkpt lat="45.88351" lon="11.032378"><ele>183.0</ele></trkpt>
    <trkpt lat="45.883505" lon="11.032342"><ele>183.0</ele></trkpt>
    <trkpt lat="45.883499" lon="11.032061"><ele>182.25</ele></trkpt>
    <trkpt lat="45.883463" lon="11.031946"><ele>180.75</ele></trkpt>
    <trkpt lat="45.883299" lon="11.0308"><ele>181.25</ele></trkpt>
    <trkpt lat="45.883286" lon="11.03072"><ele>180.75</ele></trkpt>
    <trkpt lat="45.88292" lon="11.02836"><ele>177.5</ele></trkpt>
    <trkpt lat="45.88282" lon="11.027903"><ele>178.5</ele></trkpt>
    <trkpt lat="45.882703" lon="11.027414"><ele>177.0</ele></trkpt>
    <trkpt lat="45.882348" lon="11.026221"><ele>175.25</ele></trkpt>
    <trkpt lat="45.882246" lon="11.025895"><ele>176.5</ele></trkpt>
    <trkpt lat="45.88215" lon="11.025557"><ele>175.0</ele></trkpt>
    <trkpt lat="45.882115" lon="11.025197"><ele>174.5</ele></trkpt>
    <trkpt lat="45.881917" lon="11.024511"><ele>174.75</ele></trkpt>
    <trkpt lat="45.88188" lon="11.024401"><ele>173.75</ele></trkpt>
    <trkpt lat="45.881829" lon="11.024284"><ele>173.75</ele></trkpt>
    <trkpt lat="45.88171" lon="11.02409"><ele>175.0</ele></trkpt>
    <trkpt lat="45.88165" lon="11.023939"><ele>175.5</ele></trkpt>
    <trkpt lat="45.881589" lon="11.023744"><ele>174.25</ele></trkpt>
    <trkpt lat="45.881577" lon="11.02368"><ele>173.75</ele></trkpt>
    <trkpt lat="45.881568" lon="11.023431"><ele>173.5</ele></trkpt>
    <trkpt lat="45.881552" lon="11.023322"><ele>173.5</ele></trkpt>
    <trkpt lat="45.881486" lon="11.023105"><ele>173.75</ele></trkpt>
    <trkpt lat="45.881467" lon="11.023059"><ele>174.0</ele></trkpt>
    <trkpt lat="45.881355" lon="11.02292"><ele>174.0</ele></trkpt>
    <trkpt lat="45.88133" lon="11.022867"><ele>173.75</ele></trkpt>
    <trkpt lat="45.881305" lon="11.022793"><ele>173.0</ele></trkpt>
    <trkpt lat="45.881149" lon="11.022272"><ele>172.75</ele></trkpt>
    <trkpt lat="45.881148" lon="11.022095"><ele>173.25</ele></trkpt>
    <trkpt lat="45.881085" lon="11.022136"><ele>173.0</ele></trkpt>
    <trkpt lat="45.880839" lon="11.022296"><ele>172.75</ele></trkpt>
    <trkpt lat="45.880796" lon="11.022325"><ele>173.0</ele></trkpt>
    <trkpt lat="45.880778" lon="11.022272"><ele>173.0</ele></trkpt>
    <trkpt lat="45.880762" lon="11.022224"><ele>173.25</ele></trkpt>
    <trkpt lat="45.880772" lon="11.02215"><ele>172.5</ele></trkpt>
    <trkpt lat="45.880775" lon="11.022101"><ele>172.0</ele></trkpt>
    <trkpt lat="45.880525" lon="11.021367"><ele>171.5</ele></trkpt>
    <trkpt lat="45.880411" lon="11.021096"><ele>169.5</ele></trkpt>
    <trkpt lat="45.880256" lon="11.020783"><ele>171.25</ele></trkpt>
    <trkpt lat="45.879866" lon="11.020069"><ele>169.5</ele></trkpt>
    <trkpt lat="45.879635" lon="11.019852"><ele>169.75</ele></trkpt>
    <trkpt lat="45.877498" lon="11.018139"><ele>169.0</ele></trkpt>
    <trkpt lat="45.877136" lon="11.0179"><ele>169.0</ele></trkpt>
    <trkpt lat="45.877077" lon="11.017884"><ele>169.0</ele></trkpt>
    <trkpt lat="45.876988" lon="11.017879"><ele>169.25</ele></trkpt>
    <trkpt lat="45.876854" lon="11.017791"><ele>169.0</ele></trkpt>
    <trkpt lat="45.876715" lon="11.017683"><ele>168.75</ele></trkpt>
    <trkpt lat="45.876479" lon="11.017471"><ele>168.75</ele></trkpt>
    <trkpt lat="45.876247" lon="11.017283"><ele>168.5</ele></trkpt>
    <trkpt lat="45.874729" lon="11.016078"><ele>168.5</ele></trkpt>
    <trkpt lat="45.874701" lon="11.016023"><ele>168.5</ele></trkpt>
    <trkpt lat="45.874679" lon="11.015954"><ele>168.25</ele></trkpt>
    <trkpt lat="45.874647" lon="11.015886"><ele>168.25</ele></trkpt>
    <trkpt lat="45.874517" lon="11.015756"><ele>168.75</ele></trkpt>
    <trkpt lat="45.873437" lon="11.015044"><ele>169.0</ele></trkpt>
    <trkpt lat="45.872123" lon="11.01411"><ele>169.75</ele></trkpt>
    <trkpt lat="45.871297" lon="11.013584"><ele>169.25</ele></trkpt>
    <trkpt lat="45.871112" lon="11.013405"><ele>168.75</ele></trkpt>
    <trkpt lat="45.870972" lon="11.01331"><ele>168.25</ele></trkpt>
    <trkpt lat="45.870124" lon="11.012845"><ele>167.75</ele></trkpt>
    <trkpt lat="45.869715" lon="11.012606"><ele>167.25</ele></trkpt>
    <trkpt lat="45.869342" lon="11.012343"><ele>167.25</ele></trkpt>
    <trkpt lat="45.869071" lon="11.012113"><ele>168.0</ele></trkpt>
    <trkpt lat="45.868762" lon="11.011833"><ele>168.0</ele></trkpt>
    <trkpt lat="45.868396" lon="11.011412"><ele>168.25</ele></trkpt>
    <trkpt lat="45.868116" lon="11.011057"><ele>167.25</ele></trkpt>
    <trkpt lat="45.867921" lon="11.010769"><ele>169.25</ele></trkpt>
    <trkpt lat="45.867571" lon="11.010167"><ele>169.0</ele></trkpt>
    <trkpt lat="45.867256" lon="11.009515"><ele>169.0</ele></trkpt>
    <trkpt lat="45.867006" lon="11.008829"><ele>169.75</ele></trkpt>
    <trkpt lat="45.866817" lon="11.008189"><ele>167.25</ele></trkpt>
    <trkpt lat="45.866779" lon="11.008008"><ele>167.25</ele></trkpt>
    <trkpt lat="45.866679" lon="11.007502"><ele>168.75</ele></trkpt>
    <trkpt lat="45.866599" lon="11.007008"><ele>167.25</ele></trkpt>
    <trkpt lat="45.866515" lon="11.006392"><ele>167.5</ele></trkpt>
    <trkpt lat="45.866467" lon="11.004861"><ele>168.75</ele></trkpt>
    <trkpt lat="45.866459" lon="11.004714"><ele>169.0</ele></trkpt>
    <trkpt lat="45.866412" lon="11.004168"><ele>169.5</ele></trkpt>
    <trkpt lat="45.866366" lon="11.003925"><ele>168.5</ele></trkpt>
    <trkpt lat="45.86627" lon="11.003512"><ele>168.5</ele></trkpt>
    <trkpt lat="45.866185" lon="11.003274"><ele>168.75</ele></trkpt>
    <trkpt lat="45.866019" lon="11.002862"><ele>168.25</ele></trkpt>
    <trkpt lat="45.865975" lon="11.002774"><ele>168.75</ele></trkpt>
    <trkpt lat="45.865644" lon="11.002268"><ele>169.0</ele></trkpt>
    <trkpt lat="45.865226" lon="11.00184"><ele>168.75</ele></trkpt>
    <trkpt lat="45.863895" lon="11.000711"><ele>168.0</ele></trkpt>
    <trkpt lat="45.862593" lon="10.999587"><ele>167.25</ele></trkpt>
    <trkpt lat="45.8625" lon="10.999514"><ele>167.5</ele></trkpt>
    <trkpt lat="45.86248" lon="10.999509"><ele>167.75</ele></trkpt>
    <trkpt lat="45.862464" lon="10.999519"><ele>168.0</ele></trkpt>
    <trkpt lat="45.862365" lon="10.999846"><ele>168.75</ele></trkpt>
    <trkpt lat="45.862333" lon="10.99989"><ele>169.25</ele></trkpt>
    <trkpt lat="45.862305" lon="10.999894"><ele>169.25</ele></trkpt>
    <trkpt lat="45.862149" lon="10.999909"><ele>170.0</ele></trkpt>
    <trkpt lat="45.86209" lon="10.9999"><ele>170.25</ele></trkpt>
    <trkpt lat="45.862004" lon="10.999855"><ele>170.75</ele></trkpt>
    <trkpt lat="45.86193" lon="10.999797"><ele>171.25</ele></trkpt>
    <trkpt lat="45.861722" lon="10.99959"><ele>171.25</ele></trkpt>
    <trkpt lat="45.861657" lon="10.99947"><ele>171.0</ele></trkpt>
    <trkpt lat="45.861626" lon="10.999431"><ele>171.25</ele></trkpt>
    <trkpt lat="45.861635" lon="10.999395"><ele>171.0</ele></trkpt>
    <trkpt lat="45.861656" lon="10.99935"><ele>171.0</ele></trkpt>
    <trkpt lat="45.862064" lon="10.999909"><ele>171.0</ele></trkpt>
    <trkpt lat="45.862121" lon="10.999986"><ele>171.0</ele></trkpt>
    <trkpt lat="45.862274" lon="10.999605"><ele>169.75</ele></trkpt>
    <trkpt lat="45.862303" lon="10.999533"><ele>169.5</ele></trkpt>
    <trkpt lat="45.862727" lon="10.998401"><ele>169.0</ele></trkpt>
    <trkpt lat="45.862742" lon="10.998359"><ele>169.75</ele></trkpt>
    <trkpt lat="45.86214" lon="10.997992"><ele>166.5</ele></trkpt>
    <trkpt lat="45.861554" lon="10.99758"><ele>165.75</ele></trkpt>
    <trkpt lat="45.861509" lon="10.997519"><ele>165.75</ele></trkpt>
    <trkpt lat="45.861359" lon="10.996536"><ele>166.25</ele></trkpt>
    <trkpt lat="45.861337" lon="10.996287"><ele>166.25</ele></trkpt>
    <trkpt lat="45.861343" lon="10.996172"><ele>166.5</ele></trkpt>
    <trkpt lat="45.861455" lon="10.995693"><ele>167.5</ele></trkpt>
    <trkpt lat="45.861466" lon="10.995604"><ele>167.25</ele></trkpt>
    <trkpt lat="45.861462" lon="10.995493"><ele>167.5</ele></trkpt>
    <trkpt lat="45.861413" lon="10.995119"><ele>169.25</ele></trkpt>
    <trkpt lat="45.861409" lon="10.995035"><ele>169.75</ele></trkpt>
    <trkpt lat="45.861384" lon="10.994972"><ele>169.75</ele></trkpt>
    <trkpt lat="45.861373" lon="10.994918"><ele>169.5</ele></trkpt>
    <trkpt lat="45.861317" lon="10.994443"><ele>170.75</ele></trkpt>
    <trkpt lat="45.861298" lon="10.994356"><ele>171.5</ele></trkpt>
    <trkpt lat="45.861239" lon="10.994172"><ele>173.5</ele></trkpt>
    <trkpt lat="45.861183" lon="10.994045"><ele>175.25</ele></trkpt>
    <trkpt lat="45.861102" lon="10.993894"><ele>177.0</ele></trkpt>
    <trkpt lat="45.86091" lon="10.993585"><ele>179.75</ele></trkpt>
    <trkpt lat="45.860861" lon="10.993423"><ele>180.0</ele></trkpt>
    <trkpt lat="45.860825" lon="10.993232"><ele>180.75</ele></trkpt>
    <trkpt lat="45.860802" lon="10.99303"><ele>182.25</ele></trkpt>
    <trkpt lat="45.860774" lon="10.992864"><ele>184.25</ele></trkpt>
    <trkpt lat="45.860685" lon="10.992639"><ele>185.25</ele></trkpt>
    <trkpt lat="45.860449" lon="10.992235"><ele>188.0</ele></trkpt>
    <trkpt lat="45.860414" lon="10.992161"><ele>188.5</ele></trkpt>
    <trkpt lat="45.860396" lon="10.992096"><ele>189.25</ele></trkpt>
    <trkpt lat="45.860393" lon="10.992044"><ele>190.0</ele></trkpt>
    <trkpt lat="45.860398" lon="10.992019"><ele>190.5</ele></trkpt>
    <trkpt lat="45.860404" lon="10.991989"><ele>190.75</ele></trkpt>
    <trkpt lat="45.860412" lon="10.991981"><ele>191.0</ele></trkpt>
    <trkpt lat="45.860455" lon="10.991934"><ele>191.25</ele></trkpt>
    <trkpt lat="45.860436" lon="10.991843"><ele>191.25</ele></trkpt>
    <trkpt lat="45.860366" lon="10.991697"><ele>191.25</ele></trkpt>
    <trkpt lat="45.860312" lon="10.991601"><ele>191.25</ele></trkpt>
    <trkpt lat="45.860232" lon="10.991486"><ele>191.5</ele></trkpt>
    <trkpt lat="45.860201" lon="10.991445"><ele>191.75</ele></trkpt>
    <trkpt lat="45.860165" lon="10.991397"><ele>191.75</ele></trkpt>
    <trkpt lat="45.860085" lon="10.991311"><ele>192.0</ele></trkpt>
    <trkpt lat="45.860005" lon="10.99124"><ele>192.5</ele></trkpt>
    <trkpt lat="45.859847" lon="10.991138"><ele>192.75</ele></trkpt>
    <trkpt lat="45.859805" lon="10.991123"><ele>192.75</ele></trkpt>
    <trkpt lat="45.859733" lon="10.991096"><ele>193.0</ele></trkpt>
    <trkpt lat="45.859635" lon="10.991038"><ele>193.0</ele></trkpt>
    <trkpt lat="45.85947" lon="10.990938"><ele>193.0</ele></trkpt>
    <trkpt lat="45.859391" lon="10.990891"><ele>192.75</ele></trkpt>
    <trkpt lat="45.859251" lon="10.990807"><ele>193.0</ele></trkpt>
    <trkpt lat="45.85896" lon="10.990639"><ele>193.0</ele></trkpt>
    <trkpt lat="45.858819" lon="10.990558"><ele>192.75</ele></trkpt>
    <trkpt lat="45.858755" lon="10.990522"><ele>193.0</ele></trkpt>
    <trkpt lat="45.858512" lon="10.990381"><ele>192.5</ele></trkpt>
    <trkpt lat="45.858478" lon="10.990362"><ele>192.5</ele></trkpt>
    <trkpt lat="45.85831" lon="10.990264"><ele>192.0</ele></trkpt>
    <trkpt lat="45.858192" lon="10.990196"><ele>192.0</ele></trkpt>
    <trkpt lat="45.857838" lon="10.989989"><ele>192.0</ele></trkpt>
    <trkpt lat="45.85779" lon="10.989963"><ele>192.0</ele></trkpt>
    <trkpt lat="45.85778" lon="10.989957"><ele>192.0</ele></trkpt>
    <trkpt lat="45.857747" lon="10.989938"><ele>192.0</ele></trkpt>
    <trkpt lat="45.857602" lon="10.989825"><ele>192.0</ele></trkpt>
    <trkpt lat="45.857165" lon="10.98954"><ele>192.0</ele></trkpt>
    <trkpt lat="45.857128" lon="10.989484"><ele>192.0</ele></trkpt>
    <trkpt lat="45.857012" lon="10.989341"><ele>191.75</ele></trkpt>
    <trkpt lat="45.856793" lon="10.989068"><ele>191.5</ele></trkpt>
    <trkpt lat="45.856595" lon="10.988815"><ele>191.5</ele></trkpt>
    <trkpt lat="45.856486" lon="10.988678"><ele>191.5</ele></trkpt>
    <trkpt lat="45.855986" lon="10.988027"><ele>192.0</ele></trkpt>
    <trkpt lat="45.855916" lon="10.987912"><ele>192.5</ele></trkpt>
    <trkpt lat="45.855862" lon="10.987818"><ele>192.75</ele></trkpt>
    <trkpt lat="45.855755" lon="10.987608"><ele>193.25</ele></trkpt>
    <trkpt lat="45.855498" lon="10.987009"><ele>193.25</ele></trkpt>
    <trkpt lat="45.855371" lon="10.986507"><ele>193.75</ele></trkpt>
    <trkpt lat="45.855354" lon="10.986442"><ele>194.5</ele></trkpt>
    <trkpt lat="45.85517" lon="10.985632"><ele>193.75</ele></trkpt>
    <trkpt lat="45.855112" lon="10.985439"><ele>193.5</ele></trkpt>
    <trkpt lat="45.854982" lon="10.984623"><ele>195.75</ele></trkpt>
    <trkpt lat="45.854968" lon="10.9845"><ele>196.0</ele></trkpt>
    <trkpt lat="45.854914" lon="10.984069"><ele>197.0</ele></trkpt>
    <trkpt lat="45.85489" lon="10.983784"><ele>196.75</ele></trkpt>
    <trkpt lat="45.854857" lon="10.983518"><ele>196.75</ele></trkpt>
    <trkpt lat="45.854817" lon="10.983349"><ele>196.5</ele></trkpt>
    <trkpt lat="45.854787" lon="10.983254"><ele>196.25</ele></trkpt>
    <trkpt lat="45.854761" lon="10.98317"><ele>195.75</ele></trkpt>
    <trkpt lat="45.854641" lon="10.982796"><ele>194.5</ele></trkpt>
    <trkpt lat="45.854575" lon="10.98255"><ele>195.0</ele></trkpt>
    <trkpt lat="45.854513" lon="10.982162"><ele>196.0</ele></trkpt>
    <trkpt lat="45.854399" lon="10.981654"><ele>196.0</ele></trkpt>
    <trkpt lat="45.854336" lon="10.981358"><ele>195.75</ele></trkpt>
    <trkpt lat="45.854311" lon="10.981268"><ele>195.75</ele></trkpt>
    <trkpt lat="45.854291" lon="10.981152"><ele>196.25</ele></trkpt>
    <trkpt lat="45.854225" lon="10.980709"><ele>198.25</ele></trkpt>
    <trkpt lat="45.854195" lon="10.98056"><ele>198.5</ele></trkpt>
    <trkpt lat="45.854141" lon="10.980301"><ele>200.0</ele></trkpt>
    <trkpt lat="45.854096" lon="10.980153"><ele>199.75</ele></trkpt>
    <trkpt lat="45.854058" lon="10.980042"><ele>199.25</ele></trkpt>
    <trkpt lat="45.853964" lon="10.979793"><ele>199.25</ele></trkpt>
    <trkpt lat="45.853944" lon="10.979614"><ele>199.75</ele></trkpt>
    <trkpt lat="45.853935" lon="10.979542"><ele>199.5</ele></trkpt>
    <trkpt lat="45.853928" lon="10.979405"><ele>199.5</ele></trkpt>
    <trkpt lat="45.853924" lon="10.979149"><ele>200.5</ele></trkpt>
    <trkpt lat="45.853929" lon="10.979063"><ele>200.75</ele></trkpt>
    <trkpt lat="45.853949" lon="10.978703"><ele>202.0</ele></trkpt>
    <trkpt lat="45.853976" lon="10.978451"><ele>202.5</ele></trkpt>
    <trkpt lat="45.853982" lon="10.978403"><ele>202.5</ele></trkpt>
    <trkpt lat="45.854006" lon="10.978184"><ele>202.75</ele></trkpt>
    <trkpt lat="45.854039" lon="10.977943"><ele>203.0</ele></trkpt>
    <trkpt lat="45.854092" lon="10.977624"><ele>202.75</ele></trkpt>
    <trkpt lat="45.854483" lon="10.977534"><ele>206.75</ele></trkpt>
    <trkpt lat="45.854631" lon="10.977535"><ele>210.5</ele></trkpt>
    <trkpt lat="45.854768" lon="10.977492"><ele>214.25</ele></trkpt>
    <trkpt lat="45.85484" lon="10.977479"><ele>216.5</ele></trkpt>
    <trkpt lat="45.854932" lon="10.977457"><ele>219.25</ele></trkpt>
    <trkpt lat="45.854959" lon="10.97745"><ele>220.25</ele></trkpt>
    <trkpt lat="45.854941" lon="10.977794"><ele>219.75</ele></trkpt>
    <trkpt lat="45.85495" lon="10.977998"><ele>220.0</ele></trkpt>
    <trkpt lat="45.85495" lon="10.977998"><ele>220.0</ele></trkpt>
    <trkpt lat="45.854941" lon="10.977794"><ele>219.75</ele></trkpt>
    <trkpt lat="45.854959" lon="10.97745"><ele>220.25</ele></trkpt>
    <trkpt lat="45.854932" lon="10.977457"><ele>219.25</ele></trkpt>
    <trkpt lat="45.85484" lon="10.977479"><ele>216.5</ele></trkpt>
    <trkpt lat="45.854768" lon="10.977492"><ele>214.25</ele></trkpt>
    <trkpt lat="45.854631" lon="10.977535"><ele>210.5</ele></trkpt>
    <trkpt lat="45.854483" lon="10.977534"><ele>206.75</ele></trkpt>
    <trkpt lat="45.854092" lon="10.977624"><ele>202.75</ele></trkpt>
    <trkpt lat="45.854103" lon="10.977553"><ele>202.75</ele></trkpt>
    <trkpt lat="45.854117" lon="10.977311"><ele>202.75</ele></trkpt>
    <trkpt lat="45.85413" lon="10.977149"><ele>202.5</ele></trkpt>
    <trkpt lat="45.853776" lon="10.977071"><ele>201.75</ele></trkpt>
    <trkpt lat="45.853307" lon="10.976983"><ele>200.75</ele></trkpt>
    <trkpt lat="45.853163" lon="10.976956"><ele>200.25</ele></trkpt>
    <trkpt lat="45.853107" lon="10.976945"><ele>200.0</ele></trkpt>
    <trkpt lat="45.85275" lon="10.976879"><ele>199.75</ele></trkpt>
    <trkpt lat="45.852661" lon="10.976863"><ele>199.5</ele></trkpt>
    <trkpt lat="45.852517" lon="10.976828"><ele>199.0</ele></trkpt>
    <trkpt lat="45.852581" lon="10.976697"><ele>199.25</ele></trkpt>
    <trkpt lat="45.852679" lon="10.976427"><ele>199.75</ele></trkpt>
    <trkpt lat="45.852844" lon="10.97597"><ele>200.0</ele></trkpt>
    <trkpt lat="45.852905" lon="10.9758"><ele>200.25</ele></trkpt>
    <trkpt lat="45.852999" lon="10.97552"><ele>200.75</ele></trkpt>
    <trkpt lat="45.853048" lon="10.975384"><ele>200.75</ele></trkpt>
    <trkpt lat="45.853099" lon="10.975241"><ele>201.0</ele></trkpt>
    <trkpt lat="45.853116" lon="10.975192"><ele>201.0</ele></trkpt>
    <trkpt lat="45.85313" lon="10.975157"><ele>201.0</ele></trkpt>
    <trkpt lat="45.853236" lon="10.974864"><ele>200.75</ele></trkpt>
    <trkpt lat="45.853248" lon="10.974831"><ele>200.75</ele></trkpt>
    <trkpt lat="45.853299" lon="10.974689"><ele>200.75</ele></trkpt>
    <trkpt lat="45.853319" lon="10.974635"><ele>200.5</ele></trkpt>
    <trkpt lat="45.853633" lon="10.973746"><ele>200.0</ele></trkpt>
    <trkpt lat="45.853827" lon="10.973194"><ele>200.0</ele></trkpt>
    <trkpt lat="45.853872" lon="10.973083"><ele>200.0</ele></trkpt>
    <trkpt lat="45.853944" lon="10.972931"><ele>200.0</ele></trkpt>
    <trkpt lat="45.854136" lon="10.972557"><ele>199.75</ele></trkpt>
    <trkpt lat="45.854192" lon="10.97244"><ele>200.0</ele></trkpt>
    <trkpt lat="45.854238" lon="10.972299"><ele>200.0</ele></trkpt>
    <trkpt lat="45.85426" lon="10.972151"><ele>200.25</ele></trkpt>
    <trkpt lat="45.854283" lon="10.971955"><ele>200.25</ele></trkpt>
    <trkpt lat="45.854321" lon="10.971482"><ele>200.25</ele></trkpt>
    <trkpt lat="45.854327" lon="10.971085"><ele>200.5</ele></trkpt>
    <trkpt lat="45.854325" lon="10.970846"><ele>200.0</ele></trkpt>
    <trkpt lat="45.854319" lon="10.970178"><ele>200.25</ele></trkpt>
    <trkpt lat="45.854317" lon="10.970092"><ele>200.0</ele></trkpt>
    <trkpt lat="45.854317" lon="10.970061"><ele>200.0</ele></trkpt>
    <trkpt lat="45.854075" lon="10.970096"><ele>200.0</ele></trkpt>
    <trkpt lat="45.854039" lon="10.970102"><ele>200.0</ele></trkpt>
    <trkpt lat="45.853497" lon="10.970181"><ele>200.75</ele></trkpt>
    <trkpt lat="45.853434" lon="10.97019"><ele>200.75</ele></trkpt>
    <trkpt lat="45.853241" lon="10.970215"><ele>201.0</ele></trkpt>
    <trkpt lat="45.853169" lon="10.970225"><ele>201.0</ele></trkpt>
    <trkpt lat="45.852909" lon="10.97026"><ele>201.0</ele></trkpt>
    <trkpt lat="45.85282" lon="10.970252"><ele>201.0</ele></trkpt>
    <trkpt lat="45.852778" lon="10.970248"><ele>201.0</ele></trkpt>
    <trkpt lat="45.852752" lon="10.970237"><ele>201.0</ele></trkpt>
    <trkpt lat="45.852675" lon="10.970163"><ele>201.25</ele></trkpt>
    <trkpt lat="45.852658" lon="10.970125"><ele>201.5</ele></trkpt>
    <trkpt lat="45.852636" lon="10.970103"><ele>201.25</ele></trkpt>
    <trkpt lat="45.852611" lon="10.970092"><ele>201.25</ele></trkpt>
    <trkpt lat="45.852584" lon="10.970092"><ele>201.25</ele></trkpt>
    <trkpt lat="45.852559" lon="10.970105"><ele>201.25</ele></trkpt>
    <trkpt lat="45.852539" lon="10.970128"><ele>201.25</ele></trkpt>
    <trkpt lat="45.852524" lon="10.97016"><ele>201.5</ele></trkpt>
    <trkpt lat="45.852517" lon="10.970196"><ele>201.5</ele></trkpt>
    <trkpt lat="45.852521" lon="10.970249"><ele>201.75</ele></trkpt>
    <trkpt lat="45.852512" lon="10.97032"><ele>201.75</ele></trkpt>
    <trkpt lat="45.852445" lon="10.970544"><ele>202.0</ele></trkpt>
    <trkpt lat="45.852364" lon="10.970485"><ele>202.0</ele></trkpt>
    <trkpt lat="45.852376" lon="10.970453"><ele>202.0</ele></trkpt>
    <trkpt lat="45.85242" lon="10.970411"><ele>202.0</ele></trkpt>
    <trkpt lat="45.852431" lon="10.97039"><ele>202.0</ele></trkpt>
    <trkpt lat="45.852435" lon="10.970368"><ele>202.0</ele></trkpt>
    <trkpt lat="45.852434" lon="10.970132"><ele>201.0</ele></trkpt>
    <trkpt lat="45.852469" lon="10.970073"><ele>201.0</ele></trkpt>
    <trkpt lat="45.852471" lon="10.969986"><ele>200.5</ele></trkpt>
    <trkpt lat="45.85249" lon="10.969986"><ele>200.75</ele></trkpt>
    <trkpt lat="45.852514" lon="10.969985"><ele>201.0</ele></trkpt>
    <trkpt lat="45.852513" lon="10.969632"><ele>201.0</ele></trkpt>
    <trkpt lat="45.852512" lon="10.969373"><ele>201.0</ele></trkpt>
    <trkpt lat="45.852512" lon="10.969332"><ele>201.0</ele></trkpt>
    <trkpt lat="45.852511" lon="10.969083"><ele>201.0</ele></trkpt>
    <trkpt lat="45.85251" lon="10.968838"><ele>200.75</ele></trkpt>
    <trkpt lat="45.852508" lon="10.968429"><ele>201.0</ele></trkpt>
    <trkpt lat="45.852508" lon="10.968341"><ele>201.0</ele></trkpt>
    <trkpt lat="45.852506" lon="10.968212"><ele>201.0</ele></trkpt>
    <trkpt lat="45.852481" lon="10.967835"><ele>200.5</ele></trkpt>
    <trkpt lat="45.852465" lon="10.96762"><ele>200.25</ele></trkpt>
    <trkpt lat="45.852446" lon="10.96744"><ele>200.0</ele></trkpt>
    <trkpt lat="45.852424" lon="10.967163"><ele>201.0</ele></trkpt>
    <trkpt lat="45.852402" lon="10.96688"><ele>201.5</ele></trkpt>
    <trkpt lat="45.852386" lon="10.966686"><ele>201.5</ele></trkpt>
    <trkpt lat="45.852374" lon="10.966538"><ele>201.0</ele></trkpt>
    <trkpt lat="45.852336" lon="10.965956"><ele>200.25</ele></trkpt>
    <trkpt lat="45.852322" lon="10.96552"><ele>200.5</ele></trkpt>
    <trkpt lat="45.852339" lon="10.965051"><ele>201.0</ele></trkpt>
    <trkpt lat="45.85234" lon="10.964687"><ele>201.0</ele></trkpt>
    <trkpt lat="45.852371" lon="10.963822"><ele>201.0</ele></trkpt>
    <trkpt lat="45.852366" lon="10.963326"><ele>201.0</ele></trkpt>
    <trkpt lat="45.852304" lon="10.962325"><ele>201.0</ele></trkpt>
    <trkpt lat="45.852242" lon="10.961535"><ele>201.75</ele></trkpt>
    <trkpt lat="45.852236" lon="10.961345"><ele>201.75</ele></trkpt>
    <trkpt lat="45.85224" lon="10.961194"><ele>201.75</ele></trkpt>
    <trkpt lat="45.852296" lon="10.96067"><ele>201.5</ele></trkpt>
    <trkpt lat="45.852294" lon="10.96059"><ele>201.5</ele></trkpt>
    <trkpt lat="45.852278" lon="10.960473"><ele>201.75</ele></trkpt>
    <trkpt lat="45.85226" lon="10.960308"><ele>201.75</ele></trkpt>
    <trkpt lat="45.852278" lon="10.959448"><ele>202.5</ele></trkpt>
    <trkpt lat="45.852301" lon="10.959253"><ele>202.25</ele></trkpt>
    <trkpt lat="45.852344" lon="10.959093"><ele>202.0</ele></trkpt>
    <trkpt lat="45.852375" lon="10.958031"><ele>203.0</ele></trkpt>
    <trkpt lat="45.852511" lon="10.956048"><ele>203.75</ele></trkpt>
    <trkpt lat="45.852543" lon="10.955419"><ele>203.75</ele></trkpt>
    <trkpt lat="45.852539" lon="10.954909"><ele>204.5</ele></trkpt>
    <trkpt lat="45.852563" lon="10.954709"><ele>204.5</ele></trkpt>
    <trkpt lat="45.852582" lon="10.954612"><ele>204.5</ele></trkpt>
    <trkpt lat="45.85261" lon="10.954512"><ele>204.5</ele></trkpt>
    <trkpt lat="45.852845" lon="10.953933"><ele>205.25</ele></trkpt>
    <trkpt lat="45.853054" lon="10.953448"><ele>205.5</ele></trkpt>
    <trkpt lat="45.853137" lon="10.953314"><ele>205.75</ele></trkpt>
    <trkpt lat="45.853415" lon="10.952936"><ele>205.5</ele></trkpt>
    <trkpt lat="45.853439" lon="10.952898"><ele>205.25</ele></trkpt>
    <trkpt lat="45.853556" lon="10.952654"><ele>205.75</ele></trkpt>
    <trkpt lat="45.853628" lon="10.952453"><ele>206.0</ele></trkpt>
    <trkpt lat="45.85369" lon="10.952149"><ele>206.0</ele></trkpt>
    <trkpt lat="45.853794" lon="10.951558"><ele>206.0</ele></trkpt>
    <trkpt lat="45.853867" lon="10.950858"><ele>206.75</ele></trkpt>
    <trkpt lat="45.854022" lon="10.949149"><ele>206.75</ele></trkpt>
    <trkpt lat="45.854077" lon="10.948683"><ele>207.5</ele></trkpt>
    <trkpt lat="45.854099" lon="10.948435"><ele>207.5</ele></trkpt>
    <trkpt lat="45.854104" lon="10.948171"><ele>207.0</ele></trkpt>
    <trkpt lat="45.854049" lon="10.94756"><ele>207.25</ele></trkpt>
    <trkpt lat="45.854036" lon="10.947434"><ele>207.5</ele></trkpt>
    <trkpt lat="45.853921" lon="10.946146"><ele>207.0</ele></trkpt>
    <trkpt lat="45.853893" lon="10.945608"><ele>207.0</ele></trkpt>
    <trkpt lat="45.853856" lon="10.944725"><ele>207.75</ele></trkpt>
    <trkpt lat="45.853857" lon="10.94394"><ele>208.0</ele></trkpt>
    <trkpt lat="45.853854" lon="10.943585"><ele>208.0</ele></trkpt>
    <trkpt lat="45.853888" lon="10.943061"><ele>208.75</ele></trkpt>
    <trkpt lat="45.854011" lon="10.94201"><ele>210.0</ele></trkpt>
    <trkpt lat="45.854243" lon="10.940932"><ele>212.0</ele></trkpt>
    <trkpt lat="45.854352" lon="10.940493"><ele>212.75</ele></trkpt>
    <trkpt lat="45.854543" lon="10.939665"><ele>215.0</ele></trkpt>
    <trkpt lat="45.854588" lon="10.939377"><ele>215.75</ele></trkpt>
    <trkpt lat="45.854606" lon="10.939131"><ele>217.0</ele></trkpt>
    <trkpt lat="45.854603" lon="10.939007"><ele>217.25</ele></trkpt>
    <trkpt lat="45.854563" lon="10.938818"><ele>217.25</ele></trkpt>
    <trkpt lat="45.854509" lon="10.938616"><ele>217.0</ele></trkpt>
    <trkpt lat="45.854237" lon="10.937843"><ele>219.0</ele></trkpt>
    <trkpt lat="45.854069" lon="10.937339"><ele>220.0</ele></trkpt>
    <trkpt lat="45.854078" lon="10.936941"><ele>220.5</ele></trkpt>
    <trkpt lat="45.854093" lon="10.93659"><ele>221.5</ele></trkpt>
    <trkpt lat="45.854094" lon="10.936393"><ele>221.5</ele></trkpt>
    <trkpt lat="45.854125" lon="10.93617"><ele>222.5</ele></trkpt>
    <trkpt lat="45.854221" lon="10.93572"><ele>223.5</ele></trkpt>
    <trkpt lat="45.854386" lon="10.934943"><ele>225.75</ele></trkpt>
    <trkpt lat="45.854476" lon="10.934533"><ele>226.5</ele></trkpt>
    <trkpt lat="45.854483" lon="10.934493"><ele>226.75</ele></trkpt>
    <trkpt lat="45.854838" lon="10.932949"><ele>229.0</ele></trkpt>
    <trkpt lat="45.854908" lon="10.932604"><ele>229.25</ele></trkpt>
    <trkpt lat="45.854912" lon="10.932453"><ele>229.25</ele></trkpt>
    <trkpt lat="45.854902" lon="10.932383"><ele>229.25</ele></trkpt>
    <trkpt lat="45.854833" lon="10.932085"><ele>228.75</ele></trkpt>
    <trkpt lat="45.854819" lon="10.932021"><ele>228.5</ele></trkpt>
    <trkpt lat="45.854817" lon="10.931991"><ele>228.5</ele></trkpt>
    <trkpt lat="45.854856" lon="10.931783"><ele>228.5</ele></trkpt>
    <trkpt lat="45.854897" lon="10.931609"><ele>228.75</ele></trkpt>
    <trkpt lat="45.854909" lon="10.931583"><ele>228.75</ele></trkpt>
    <trkpt lat="45.854945" lon="10.931516"><ele>228.75</ele></trkpt>
    <trkpt lat="45.855114" lon="10.931277"><ele>229.0</ele></trkpt>
    <trkpt lat="45.855274" lon="10.93109"><ele>228.75</ele></trkpt>
    <trkpt lat="45.855418" lon="10.930937"><ele>228.5</ele></trkpt>
    <trkpt lat="45.855429" lon="10.930894"><ele>228.5</ele></trkpt>
    <trkpt lat="45.85553" lon="10.930458"><ele>228.5</ele></trkpt>
    <trkpt lat="45.855566" lon="10.930333"><ele>228.0</ele></trkpt>
    <trkpt lat="45.855604" lon="10.930239"><ele>227.75</ele></trkpt>
    <trkpt lat="45.855667" lon="10.929963"><ele>226.75</ele></trkpt>
    <trkpt lat="45.855876" lon="10.928966"><ele>225.25</ele></trkpt>
    <trkpt lat="45.855877" lon="10.928959"><ele>225.25</ele></trkpt>
    <trkpt lat="45.856035" lon="10.928177"><ele>224.5</ele></trkpt>
    <trkpt lat="45.856135" lon="10.92769"><ele>224.5</ele></trkpt>
    <trkpt lat="45.85683" lon="10.924667"><ele>223.75</ele></trkpt>
    <trkpt lat="45.857541" lon="10.9215"><ele>224.25</ele></trkpt>
    <trkpt lat="45.857657" lon="10.921185"><ele>223.75</ele></trkpt>
    <trkpt lat="45.857683" lon="10.92114"><ele>223.5</ele></trkpt>
    <trkpt lat="45.857707" lon="10.921127"><ele>223.5</ele></trkpt>
    <trkpt lat="45.857757" lon="10.92107"><ele>223.25</ele></trkpt>
    <trkpt lat="45.857855" lon="10.920895"><ele>222.75</ele></trkpt>
    <trkpt lat="45.85792" lon="10.920801"><ele>222.0</ele></trkpt>
    <trkpt lat="45.857933" lon="10.920758"><ele>222.0</ele></trkpt>
    <trkpt lat="45.857939" lon="10.920719"><ele>222.0</ele></trkpt>
    <trkpt lat="45.857976" lon="10.92064"><ele>222.0</ele></trkpt>
    <trkpt lat="45.858033" lon="10.92057"><ele>222.0</ele></trkpt>
    <trkpt lat="45.858177" lon="10.920429"><ele>221.75</ele></trkpt>
    <trkpt lat="45.858994" lon="10.91978"><ele>223.25</ele></trkpt>
    <trkpt lat="45.860089" lon="10.918878"><ele>222.25</ele></trkpt>
    <trkpt lat="45.860622" lon="10.918454"><ele>223.25</ele></trkpt>
    <trkpt lat="45.861231" lon="10.917899"><ele>222.75</ele></trkpt>
    <trkpt lat="45.861698" lon="10.917558"><ele>223.25</ele></trkpt>
    <trkpt lat="45.861798" lon="10.917505"><ele>223.0</ele></trkpt>
    <trkpt lat="45.862429" lon="10.917239"><ele>222.5</ele></trkpt>
    <trkpt lat="45.862786" lon="10.917072"><ele>224.25</ele></trkpt>
    <trkpt lat="45.863041" lon="10.916996"><ele>224.5</ele></trkpt>
    <trkpt lat="45.86336" lon="10.916999"><ele>222.75</ele></trkpt>
    <trkpt lat="45.863492" lon="10.916992"><ele>222.75</ele></trkpt>
    <trkpt lat="45.863665" lon="10.916984"><ele>222.75</ele></trkpt>
    <trkpt lat="45.863755" lon="10.916967"><ele>223.0</ele></trkpt>
    <trkpt lat="45.863782" lon="10.916961"><ele>223.0</ele></trkpt>
    <trkpt lat="45.863882" lon="10.916908"><ele>224.0</ele></trkpt>
    <trkpt lat="45.864099" lon="10.916779"><ele>224.75</ele></trkpt>
    <trkpt lat="45.864551" lon="10.916457"><ele>224.25</ele></trkpt>
    <trkpt lat="45.864992" lon="10.916114"><ele>224.0</ele></trkpt>
    <trkpt lat="45.865627" lon="10.915392"><ele>224.25</ele></trkpt>
    <trkpt lat="45.865781" lon="10.915287"><ele>223.75</ele></trkpt>
    <trkpt lat="45.866239" lon="10.915036"><ele>224.75</ele></trkpt>
    <trkpt lat="45.866415" lon="10.914983"><ele>223.5</ele></trkpt>
    <trkpt lat="45.866671" lon="10.914938"><ele>224.75</ele></trkpt>
    <trkpt lat="45.867751" lon="10.914896"><ele>224.5</ele></trkpt>
    <trkpt lat="45.867829" lon="10.91488"><ele>224.0</ele></trkpt>
    <trkpt lat="45.867943" lon="10.914793"><ele>223.75</ele></trkpt>
    <trkpt lat="45.868033" lon="10.914678"><ele>223.0</ele></trkpt>
    <trkpt lat="45.868118" lon="10.914555"><ele>224.0</ele></trkpt>
    <trkpt lat="45.868171" lon="10.914459"><ele>224.0</ele></trkpt>
    <trkpt lat="45.868226" lon="10.914329"><ele>223.5</ele></trkpt>
    <trkpt lat="45.868275" lon="10.914132"><ele>223.0</ele></trkpt>
    <trkpt lat="45.86829" lon="10.914011"><ele>222.75</ele></trkpt>
    <trkpt lat="45.868286" lon="10.913868"><ele>223.25</ele></trkpt>
    <trkpt lat="45.868239" lon="10.913484"><ele>224.75</ele></trkpt>
    <trkpt lat="45.868237" lon="10.913352"><ele>225.0</ele></trkpt>
    <trkpt lat="45.86824" lon="10.913257"><ele>225.25</ele></trkpt>
    <trkpt lat="45.868285" lon="10.913071"><ele>225.25</ele></trkpt>
    <trkpt lat="45.868357" lon="10.912879"><ele>227.0</ele></trkpt>
    <trkpt lat="45.86854" lon="10.912479"><ele>228.25</ele></trkpt>
    <trkpt lat="45.868891" lon="10.911898"><ele>223.75</ele></trkpt>
    <trkpt lat="45.868924" lon="10.911794"><ele>224.75</ele></trkpt>
    <trkpt lat="45.869061" lon="10.911442"><ele>225.25</ele></trkpt>
    <trkpt lat="45.869199" lon="10.911228"><ele>224.25</ele></trkpt>
    <trkpt lat="45.86926" lon="10.91107"><ele>224.75</ele></trkpt>
    <trkpt lat="45.869318" lon="10.910816"><ele>224.75</ele></trkpt>
    <trkpt lat="45.869507" lon="10.910027"><ele>224.75</ele></trkpt>
    <trkpt lat="45.869537" lon="10.909709"><ele>225.5</ele></trkpt>
    <trkpt lat="45.869526" lon="10.909513"><ele>225.75</ele></trkpt>
    <trkpt lat="45.869485" lon="10.908784"><ele>229.25</ele></trkpt>
    <trkpt lat="45.869506" lon="10.908714"><ele>229.75</ele></trkpt>
    <trkpt lat="45.869541" lon="10.908659"><ele>230.25</ele></trkpt>
    <trkpt lat="45.869624" lon="10.90859"><ele>231.75</ele></trkpt>
    <trkpt lat="45.869717" lon="10.908564"><ele>233.25</ele></trkpt>
    <trkpt lat="45.870114" lon="10.908591"><ele>234.75</ele></trkpt>
    <trkpt lat="45.870592" lon="10.908666"><ele>238.5</ele></trkpt>
    <trkpt lat="45.87081" lon="10.908656"><ele>240.75</ele></trkpt>
    <trkpt lat="45.870885" lon="10.908655"><ele>241.25</ele></trkpt>
    <trkpt lat="45.871545" lon="10.908563"><ele>247.0</ele></trkpt>
    <trkpt lat="45.871825" lon="10.908595"><ele>247.5</ele></trkpt>
    <trkpt lat="45.871861" lon="10.908604"><ele>247.75</ele></trkpt>
    <trkpt lat="45.871892" lon="10.908622"><ele>247.5</ele></trkpt>
    <trkpt lat="45.871942" lon="10.908687"><ele>246.5</ele></trkpt>
    <trkpt lat="45.872034" lon="10.908836"><ele>244.75</ele></trkpt>
    <trkpt lat="45.872278" lon="10.909224"><ele>245.0</ele></trkpt>
    <trkpt lat="45.872345" lon="10.909305"><ele>243.25</ele></trkpt>
    <trkpt lat="45.872416" lon="10.909373"><ele>243.75</ele></trkpt>
    <trkpt lat="45.872475" lon="10.909408"><ele>245.5</ele></trkpt>
    <trkpt lat="45.872534" lon="10.90943"><ele>247.0</ele></trkpt>
    <trkpt lat="45.872599" lon="10.90944"><ele>248.0</ele></trkpt>
    <trkpt lat="45.872668" lon="10.909446"><ele>248.5</ele></trkpt>
    <trkpt lat="45.872743" lon="10.909435"><ele>249.5</ele></trkpt>
    <trkpt lat="45.872815" lon="10.909408"><ele>251.0</ele></trkpt>
    <trkpt lat="45.87284" lon="10.909396"><ele>251.75</ele></trkpt>
    <trkpt lat="45.87294" lon="10.90934"><ele>254.0</ele></trkpt>
    <trkpt lat="45.872991" lon="10.909293"><ele>254.5</ele></trkpt>
    <trkpt lat="45.873033" lon="10.90924"><ele>254.25</ele></trkpt>
    <trkpt lat="45.873088" lon="10.909163"><ele>254.0</ele></trkpt>
    <trkpt lat="45.873124" lon="10.909096"><ele>255.0</ele></trkpt>
    <trkpt lat="45.873157" lon="10.909027"><ele>255.5</ele></trkpt>
    <trkpt lat="45.873195" lon="10.908925"><ele>255.25</ele></trkpt>
    <trkpt lat="45.873263" lon="10.908845"><ele>255.5</ele></trkpt>
    <trkpt lat="45.873334" lon="10.908853"><ele>256.5</ele></trkpt>
    <trkpt lat="45.873426" lon="10.908885"><ele>258.25</ele></trkpt>
    <trkpt lat="45.873532" lon="10.908877"><ele>259.5</ele></trkpt>
    <trkpt lat="45.873609" lon="10.908826"><ele>260.25</ele></trkpt>
    <trkpt lat="45.873652" lon="10.908753"><ele>260.75</ele></trkpt>
    <trkpt lat="45.873685" lon="10.908649"><ele>261.25</ele></trkpt>
    <trkpt lat="45.8737" lon="10.908579"><ele>262.0</ele></trkpt>
    <trkpt lat="45.8737" lon="10.908499"><ele>263.0</ele></trkpt>
    <trkpt lat="45.873678" lon="10.908303"><ele>264.0</ele></trkpt>
    <trkpt lat="45.873601" lon="10.907874"><ele>265.75</ele></trkpt>
    <trkpt lat="45.873478" lon="10.907577"><ele>269.75</ele></trkpt>
    <trkpt lat="45.873444" lon="10.907546"><ele>270.0</ele></trkpt>
    <trkpt lat="45.873391" lon="10.907522"><ele>270.0</ele></trkpt>
    <trkpt lat="45.87334" lon="10.907529"><ele>269.0</ele></trkpt>
    <trkpt lat="45.873309" lon="10.907522"><ele>268.75</ele></trkpt>
    <trkpt lat="45.873284" lon="10.907502"><ele>269.0</ele></trkpt>
    <trkpt lat="45.873268" lon="10.907459"><ele>269.25</ele></trkpt>
    <trkpt lat="45.873273" lon="10.907406"><ele>270.0</ele></trkpt>
    <trkpt lat="45.873336" lon="10.907291"><ele>271.5</ele></trkpt>
    <trkpt lat="45.873396" lon="10.907231"><ele>273.25</ele></trkpt>
    <trkpt lat="45.873433" lon="10.907201"><ele>274.0</ele></trkpt>
    <trkpt lat="45.873563" lon="10.9071"><ele>275.25</ele></trkpt>
    <trkpt lat="45.87367" lon="10.90703"><ele>274.5</ele></trkpt>
    <trkpt lat="45.873808" lon="10.90684"><ele>273.25</ele></trkpt>
    <trkpt lat="45.87395" lon="10.906626"><ele>273.5</ele></trkpt>
    <trkpt lat="45.87401" lon="10.906506"><ele>273.75</ele></trkpt>
    <trkpt lat="45.874033" lon="10.906424"><ele>274.0</ele></trkpt>
    <trkpt lat="45.874079" lon="10.906341"><ele>274.25</ele></trkpt>
    <trkpt lat="45.874348" lon="10.905906"><ele>274.5</ele></trkpt>
    <trkpt lat="45.874442" lon="10.905794"><ele>274.5</ele></trkpt>
    <trkpt lat="45.874617" lon="10.905635"><ele>275.0</ele></trkpt>
    <trkpt lat="45.87481" lon="10.905522"><ele>273.5</ele></trkpt>
    <trkpt lat="45.874953" lon="10.905471"><ele>273.0</ele></trkpt>
    <trkpt lat="45.87504" lon="10.905457"><ele>272.25</ele></trkpt>
    <trkpt lat="45.875055" lon="10.905461"><ele>272.25</ele></trkpt>
    <trkpt lat="45.875062" lon="10.905483"><ele>272.25</ele></trkpt>
    <trkpt lat="45.875081" lon="10.905817"><ele>275.0</ele></trkpt>
    <trkpt lat="45.875092" lon="10.905839"><ele>275.0</ele></trkpt>
    <trkpt lat="45.875109" lon="10.905847"><ele>274.5</ele></trkpt>
    <trkpt lat="45.875125" lon="10.905844"><ele>273.75</ele></trkpt>
    <trkpt lat="45.875148" lon="10.905821"><ele>273.0</ele></trkpt>
    <trkpt lat="45.875155" lon="10.905801"><ele>272.75</ele></trkpt>
    <trkpt lat="45.875155" lon="10.905712"><ele>272.0</ele></trkpt>
    <trkpt lat="45.875145" lon="10.905608"><ele>271.75</ele></trkpt>
    <trkpt lat="45.875155" lon="10.905541"><ele>271.0</ele></trkpt>
    <trkpt lat="45.875192" lon="10.90538"><ele>270.25</ele></trkpt>
    <trkpt lat="45.875249" lon="10.90523"><ele>267.5</ele></trkpt>
    <trkpt lat="45.875272" lon="10.905198"><ele>265.75</ele></trkpt>
    <trkpt lat="45.875375" lon="10.90517"><ele>267.0</ele></trkpt>
    <trkpt lat="45.875431" lon="10.90513"><ele>268.0</ele></trkpt>
    <trkpt lat="45.875712" lon="10.905067"><ele>272.25</ele></trkpt>
    <trkpt lat="45.875968" lon="10.904969"><ele>271.75</ele></trkpt>
    <trkpt lat="45.876105" lon="10.904873"><ele>273.25</ele></trkpt>
    <trkpt lat="45.876239" lon="10.904757"><ele>273.0</ele></trkpt>
    <trkpt lat="45.876344" lon="10.904628"><ele>270.0</ele></trkpt>
    <trkpt lat="45.876495" lon="10.904391"><ele>268.0</ele></trkpt>
    <trkpt lat="45.87654" lon="10.90429"><ele>266.5</ele></trkpt>
    <trkpt lat="45.876572" lon="10.904191"><ele>265.25</ele></trkpt>
    <trkpt lat="45.876598" lon="10.904076"><ele>264.25</ele></trkpt>
    <trkpt lat="45.876615" lon="10.903955"><ele>263.25</ele></trkpt>
    <trkpt lat="45.876628" lon="10.903735"><ele>261.0</ele></trkpt>
    <trkpt lat="45.87662" lon="10.903032"><ele>255.25</ele></trkpt>
    <trkpt lat="45.876641" lon="10.902809"><ele>253.0</ele></trkpt>
    <trkpt lat="45.876661" lon="10.902661"><ele>252.5</ele></trkpt>
    <trkpt lat="45.876311" lon="10.902245"><ele>248.0</ele></trkpt>
    <trkpt lat="45.87627" lon="10.902163"><ele>247.5</ele></trkpt>
    <trkpt lat="45.87625" lon="10.902086"><ele>247.0</ele></trkpt>
    <trkpt lat="45.876237" lon="10.901968"><ele>246.0</ele></trkpt>
    <trkpt lat="45.876247" lon="10.901872"><ele>246.0</ele></trkpt>
    <trkpt lat="45.87626" lon="10.901833"><ele>246.0</ele></trkpt>
    <trkpt lat="45.876272" lon="10.901796"><ele>246.0</ele></trkpt>
    <trkpt lat="45.876369" lon="10.90159"><ele>243.75</ele></trkpt>
    <trkpt lat="45.876393" lon="10.901492"><ele>242.5</ele></trkpt>
    <trkpt lat="45.876387" lon="10.901419"><ele>242.25</ele></trkpt>
    <trkpt lat="45.876367" lon="10.901329"><ele>241.75</ele></trkpt>
    <trkpt lat="45.876288" lon="10.901179"><ele>242.25</ele></trkpt>
    <trkpt lat="45.87609" lon="10.900856"><ele>237.75</ele></trkpt>
    <trkpt lat="45.875933" lon="10.900577"><ele>235.25</ele></trkpt>
    <trkpt lat="45.875858" lon="10.900415"><ele>235.0</ele></trkpt>
    <trkpt lat="45.875752" lon="10.900144"><ele>236.5</ele></trkpt>
    <trkpt lat="45.875713" lon="10.900013"><ele>239.5</ele></trkpt>
    <trkpt lat="45.875712" lon="10.899882"><ele>239.75</ele></trkpt>
    <trkpt lat="45.875724" lon="10.899792"><ele>239.25</ele></trkpt>
    <trkpt lat="45.875758" lon="10.899644"><ele>236.75</ele></trkpt>
    <trkpt lat="45.875825" lon="10.899446"><ele>233.0</ele></trkpt>
    <trkpt lat="45.875859" lon="10.899322"><ele>232.0</ele></trkpt>
    <trkpt lat="45.875902" lon="10.899109"><ele>231.25</ele></trkpt>
    <trkpt lat="45.875977" lon="10.898817"><ele>231.25</ele></trkpt>
    <trkpt lat="45.876046" lon="10.898628"><ele>231.5</ele></trkpt>
    <trkpt lat="45.876118" lon="10.898488"><ele>231.5</ele></trkpt>
    <trkpt lat="45.876195" lon="10.898368"><ele>230.75</ele></trkpt>
    <trkpt lat="45.876304" lon="10.89813"><ele>229.75</ele></trkpt>
    <trkpt lat="45.87637" lon="10.897948"><ele>229.25</ele></trkpt>
    <trkpt lat="45.876409" lon="10.897809"><ele>229.75</ele></trkpt>
    <trkpt lat="45.876425" lon="10.897737"><ele>229.5</ele></trkpt>
    <trkpt lat="45.876438" lon="10.89761"><ele>229.0</ele></trkpt>
    <trkpt lat="45.876433" lon="10.897228"><ele>227.75</ele></trkpt>
    <trkpt lat="45.876403" lon="10.897068"><ele>227.25</ele></trkpt>
    <trkpt lat="45.876403" lon="10.896974"><ele>227.0</ele></trkpt>
    <trkpt lat="45.876413" lon="10.896836"><ele>226.5</ele></trkpt>
    <trkpt lat="45.876446" lon="10.896591"><ele>225.5</ele></trkpt>
    <trkpt lat="45.876532" lon="10.896283"><ele>225.0</ele></trkpt>
    <trkpt lat="45.876675" lon="10.895932"><ele>225.5</ele></trkpt>
    <trkpt lat="45.876791" lon="10.895693"><ele>225.25</ele></trkpt>
    <trkpt lat="45.876828" lon="10.895649"><ele>225.0</ele></trkpt>
    <trkpt lat="45.876841" lon="10.895558"><ele>225.25</ele></trkpt>
    <trkpt lat="45.876859" lon="10.89539"><ele>224.5</ele></trkpt>
    <trkpt lat="45.876845" lon="10.895272"><ele>224.25</ele></trkpt>
    <trkpt lat="45.876795" lon="10.895078"><ele>224.5</ele></trkpt>
    <trkpt lat="45.876729" lon="10.894885"><ele>224.0</ele></trkpt>
    <trkpt lat="45.876655" lon="10.894687"><ele>222.75</ele></trkpt>
    <trkpt lat="45.876635" lon="10.894606"><ele>222.75</ele></trkpt>
    <trkpt lat="45.876632" lon="10.89452"><ele>222.75</ele></trkpt>
    <trkpt lat="45.876643" lon="10.894435"><ele>222.75</ele></trkpt>
    <trkpt lat="45.876791" lon="10.894124"><ele>222.25</ele></trkpt>
    <trkpt lat="45.876805" lon="10.894089"><ele>222.25</ele></trkpt>
    <trkpt lat="45.876967" lon="10.893685"><ele>222.75</ele></trkpt>
    <trkpt lat="45.877085" lon="10.893426"><ele>222.0</ele></trkpt>
    <trkpt lat="45.877308" lon="10.892938"><ele>222.25</ele></trkpt>
    <trkpt lat="45.877327" lon="10.892721"><ele>222.0</ele></trkpt>
    <trkpt lat="45.87735" lon="10.892696"><ele>222.0</ele></trkpt>
    <trkpt lat="45.87738" lon="10.8926"><ele>222.5</ele></trkpt>
    <trkpt lat="45.8774" lon="10.892508"><ele>222.75</ele></trkpt>
    <trkpt lat="45.877418" lon="10.89237"><ele>222.0</ele></trkpt>
    <trkpt lat="45.877424" lon="10.892221"><ele>221.25</ele></trkpt>
    <trkpt lat="45.877451" lon="10.891982"><ele>221.0</ele></trkpt>
    <trkpt lat="45.877476" lon="10.89171"><ele>220.0</ele></trkpt>
    <trkpt lat="45.877538" lon="10.891578"><ele>219.75</ele></trkpt>
    <trkpt lat="45.877546" lon="10.891543"><ele>219.5</ele></trkpt>
    <trkpt lat="45.877627" lon="10.891204"><ele>218.5</ele></trkpt>
    <trkpt lat="45.877723" lon="10.89101"><ele>217.25</ele></trkpt>
    <trkpt lat="45.87778" lon="10.890883"><ele>216.25</ele></trkpt>
    <trkpt lat="45.877814" lon="10.890842"><ele>216.0</ele></trkpt>
    <trkpt lat="45.877736" lon="10.890762"><ele>216.0</ele></trkpt>
    <trkpt lat="45.877674" lon="10.890686"><ele>216.0</ele></trkpt>
    <trkpt lat="45.877392" lon="10.89042"><ele>217.0</ele></trkpt>
    <trkpt lat="45.877212" lon="10.890258"><ele>218.0</ele></trkpt>
    <trkpt lat="45.877032" lon="10.89015"><ele>219.25</ele></trkpt>
    <trkpt lat="45.87677" lon="10.890026"><ele>220.25</ele></trkpt>
    <trkpt lat="45.876628" lon="10.889959"><ele>221.25</ele></trkpt>
    <trkpt lat="45.876418" lon="10.889824"><ele>223.0</ele></trkpt>
    <trkpt lat="45.876196" lon="10.889676"><ele>223.25</ele></trkpt>
    <trkpt lat="45.876079" lon="10.889619"><ele>223.75</ele></trkpt>
    <trkpt lat="45.876081" lon="10.889607"><ele>223.75</ele></trkpt>
    <trkpt lat="45.876111" lon="10.889456"><ele>223.0</ele></trkpt>
    <trkpt lat="45.876125" lon="10.889389"><ele>222.75</ele></trkpt>
    <trkpt lat="45.876149" lon="10.889263"><ele>222.75</ele></trkpt>
    <trkpt lat="45.876172" lon="10.889161"><ele>222.75</ele></trkpt>
    <trkpt lat="45.876253" lon="10.888804"><ele>226.25</ele></trkpt>
    <trkpt lat="45.876247" lon="10.888776"><ele>227.25</ele></trkpt>
    <trkpt lat="45.87623" lon="10.888751"><ele>228.0</ele></trkpt>
    <trkpt lat="45.876212" lon="10.888676"><ele>230.25</ele></trkpt>
    <trkpt lat="45.876266" lon="10.888641"><ele>233.25</ele></trkpt>
    <trkpt lat="45.8763" lon="10.888601"><ele>236.25</ele></trkpt>
    <trkpt lat="45.876323" lon="10.888587"><ele>237.75</ele></trkpt>
    <trkpt lat="45.87635" lon="10.888585"><ele>239.0</ele></trkpt>
    <trkpt lat="45.876401" lon="10.888626"><ele>238.25</ele></trkpt>
    <trkpt lat="45.876419" lon="10.888551"><ele>242.5</ele></trkpt>
    <trkpt lat="45.876402" lon="10.888512"><ele>244.25</ele></trkpt>
    <trkpt lat="45.876341" lon="10.888465"><ele>245.25</ele></trkpt>
    <trkpt lat="45.87621" lon="10.888444"><ele>242.5</ele></trkpt>
    <trkpt lat="45.876159" lon="10.88842"><ele>242.75</ele></trkpt>
    <trkpt lat="45.876106" lon="10.888351"><ele>245.5</ele></trkpt>
    <trkpt lat="45.876073" lon="10.88829"><ele>247.0</ele></trkpt>
    <trkpt lat="45.876036" lon="10.888251"><ele>247.25</ele></trkpt>
    <trkpt lat="45.875999" lon="10.888238"><ele>246.25</ele></trkpt>
    <trkpt lat="45.87592" lon="10.888171"><ele>247.25</ele></trkpt>
    <trkpt lat="45.875891" lon="10.888119"><ele>249.75</ele></trkpt>
    <trkpt lat="45.87592" lon="10.888171"><ele>247.25</ele></trkpt>
    <trkpt lat="45.875999" lon="10.888238"><ele>246.25</ele></trkpt>
    <trkpt lat="45.876036" lon="10.888251"><ele>247.25</ele></trkpt>
    <trkpt lat="45.876073" lon="10.88829"><ele>247.0</ele></trkpt>
    <trkpt lat="45.876106" lon="10.888351"><ele>245.5</ele></trkpt>
    <trkpt lat="45.876159" lon="10.88842"><ele>242.75</ele></trkpt>
    <trkpt lat="45.87621" lon="10.888444"><ele>242.5</ele></trkpt>
    <trkpt lat="45.876341" lon="10.888465"><ele>245.25</ele></trkpt>
    <trkpt lat="45.876402" lon="10.888512"><ele>244.25</ele></trkpt>
    <trkpt lat="45.876419" lon="10.888551"><ele>242.5</ele></trkpt>
    <trkpt lat="45.876401" lon="10.888626"><ele>238.25</ele></trkpt>
    <trkpt lat="45.87635" lon="10.888585"><ele>239.0</ele></trkpt>
    <trkpt lat="45.876323" lon="10.888587"><ele>237.75</ele></trkpt>
    <trkpt lat="45.8763" lon="10.888601"><ele>236.25</ele></trkpt>
    <trkpt lat="45.876266" lon="10.888641"><ele>233.25</ele></trkpt>
    <trkpt lat="45.876212" lon="10.888676"><ele>230.25</ele></trkpt>
    <trkpt lat="45.87623" lon="10.888751"><ele>228.0</ele></trkpt>
    <trkpt lat="45.876247" lon="10.888776"><ele>227.25</ele></trkpt>
    <trkpt lat="45.876253" lon="10.888804"><ele>226.25</ele></trkpt>
    <trkpt lat="45.876172" lon="10.889161"><ele>222.75</ele></trkpt>
    <trkpt lat="45.876149" lon="10.889263"><ele>222.75</ele></trkpt>
    <trkpt lat="45.876125" lon="10.889389"><ele>222.75</ele></trkpt>
    <trkpt lat="45.876111" lon="10.889456"><ele>223.0</ele></trkpt>
    <trkpt lat="45.876081" lon="10.889607"><ele>223.75</ele></trkpt>
    <trkpt lat="45.876079" lon="10.889619"><ele>223.75</ele></trkpt>
    <trkpt lat="45.876196" lon="10.889676"><ele>223.25</ele></trkpt>
    <trkpt lat="45.876418" lon="10.889824"><ele>223.0</ele></trkpt>
    <trkpt lat="45.876628" lon="10.889959"><ele>221.25</ele></trkpt>
    <trkpt lat="45.87677" lon="10.890026"><ele>220.25</ele></trkpt>
    <trkpt lat="45.877032" lon="10.89015"><ele>219.25</ele></trkpt>
    <trkpt lat="45.877212" lon="10.890258"><ele>218.0</ele></trkpt>
    <trkpt lat="45.877392" lon="10.89042"><ele>217.0</ele></trkpt>
    <trkpt lat="45.877674" lon="10.890686"><ele>216.0</ele></trkpt>
    <trkpt lat="45.877736" lon="10.890762"><ele>216.0</ele></trkpt>
    <trkpt lat="45.877814" lon="10.890842"><ele>216.0</ele></trkpt>
    <trkpt lat="45.877885" lon="10.89076"><ele>215.75</ele></trkpt>
    <trkpt lat="45.877907" lon="10.890722"><ele>215.75</ele></trkpt>
    <trkpt lat="45.877942" lon="10.890638"><ele>215.5</ele></trkpt>
    <trkpt lat="45.877967" lon="10.890532"><ele>215.0</ele></trkpt>
    <trkpt lat="45.877992" lon="10.890374"><ele>214.5</ele></trkpt>
    <trkpt lat="45.878003" lon="10.890322"><ele>214.25</ele></trkpt>
    <trkpt lat="45.878014" lon="10.890259"><ele>214.0</ele></trkpt>
    <trkpt lat="45.878074" lon="10.889873"><ele>215.0</ele></trkpt>
    <trkpt lat="45.878185" lon="10.889182"><ele>214.5</ele></trkpt>
    <trkpt lat="45.878243" lon="10.888852"><ele>213.25</ele></trkpt>
    <trkpt lat="45.878281" lon="10.888649"><ele>212.5</ele></trkpt>
    <trkpt lat="45.878263" lon="10.888504"><ele>212.75</ele></trkpt>
    <trkpt lat="45.878257" lon="10.888472"><ele>212.75</ele></trkpt>
    <trkpt lat="45.878222" lon="10.888253"><ele>214.0</ele></trkpt>
    <trkpt lat="45.878218" lon="10.888155"><ele>214.75</ele></trkpt>
    <trkpt lat="45.878231" lon="10.887989"><ele>214.5</ele></trkpt>
    <trkpt lat="45.878277" lon="10.887736"><ele>209.75</ele></trkpt>
    <trkpt lat="45.878286" lon="10.887593"><ele>207.0</ele></trkpt>
    <trkpt lat="45.87829" lon="10.887415"><ele>205.25</ele></trkpt>
    <trkpt lat="45.878287" lon="10.887112"><ele>204.5</ele></trkpt>
    <trkpt lat="45.878255" lon="10.886842"><ele>205.0</ele></trkpt>
    <trkpt lat="45.878246" lon="10.886763"><ele>204.0</ele></trkpt>
    <trkpt lat="45.878207" lon="10.886583"><ele>201.75</ele></trkpt>
    <trkpt lat="45.878136" lon="10.88643"><ele>199.75</ele></trkpt>
    <trkpt lat="45.878056" lon="10.88631"><ele>202.0</ele></trkpt>
    <trkpt lat="45.877867" lon="10.886086"><ele>200.5</ele></trkpt>
    <trkpt lat="45.877735" lon="10.885959"><ele>199.0</ele></trkpt>
    <trkpt lat="45.875249" lon="10.883281"><ele>161.0</ele></trkpt>
    <trkpt lat="45.87493" lon="10.882918"><ele>157.0</ele></trkpt>
    <trkpt lat="45.874045" lon="10.881804"><ele>145.5</ele></trkpt>
    <trkpt lat="45.872557" lon="10.879778"><ele>125.0</ele></trkpt>
    <trkpt lat="45.871266" lon="10.878134"><ele>110.0</ele></trkpt>
    <trkpt lat="45.871017" lon="10.877905"><ele>107.75</ele></trkpt>
    <trkpt lat="45.870477" lon="10.877523"><ele>98.75</ele></trkpt>
    <trkpt lat="45.870413" lon="10.877494"><ele>97.5</ele></trkpt>
    <trkpt lat="45.870329" lon="10.877469"><ele>96.25</ele></trkpt>
    <trkpt lat="45.870295" lon="10.877475"><ele>96.25</ele></trkpt>
    <trkpt lat="45.870279" lon="10.877488"><ele>96.5</ele></trkpt>
    <trkpt lat="45.870255" lon="10.877551"><ele>95.0</ele></trkpt>
    <trkpt lat="45.870251" lon="10.877591"><ele>94.0</ele></trkpt>
    <trkpt lat="45.87026" lon="10.877634"><ele>93.0</ele></trkpt>
    <trkpt lat="45.870369" lon="10.877808"><ele>95.75</ele></trkpt>
    <trkpt lat="45.870425" lon="10.877936"><ele>99.5</ele></trkpt>
    <trkpt lat="45.870443" lon="10.878005"><ele>100.75</ele></trkpt>
    <trkpt lat="45.870446" lon="10.878069"><ele>100.75</ele></trkpt>
    <trkpt lat="45.870426" lon="10.878147"><ele>97.5</ele></trkpt>
    <trkpt lat="45.870381" lon="10.878197"><ele>94.25</ele></trkpt>
    <trkpt lat="45.870198" lon="10.878327"><ele>89.25</ele></trkpt>
    <trkpt lat="45.870114" lon="10.878376"><ele>88.75</ele></trkpt>
    <trkpt lat="45.870019" lon="10.878298"><ele>88.0</ele></trkpt>
    <trkpt lat="45.869919" lon="10.878138"><ele>87.0</ele></trkpt>
    <trkpt lat="45.869854" lon="10.87802"><ele>86.75</ele></trkpt>
    <trkpt lat="45.869781" lon="10.877852"><ele>85.25</ele></trkpt>
    <trkpt lat="45.869716" lon="10.877651"><ele>81.75</ele></trkpt>
    <trkpt lat="45.869705" lon="10.877606"><ele>81.0</ele></trkpt>
    <trkpt lat="45.869687" lon="10.877461"><ele>79.25</ele></trkpt>
    <trkpt lat="45.86968" lon="10.87729"><ele>76.75</ele></trkpt>
    <trkpt lat="45.869687" lon="10.87724"><ele>76.0</ele></trkpt>
    <trkpt lat="45.869697" lon="10.877225"><ele>75.5</ele></trkpt>
    <trkpt lat="45.869714" lon="10.877163"><ele>74.75</ele></trkpt>
    <trkpt lat="45.869714" lon="10.877142"><ele>74.75</ele></trkpt>
    <trkpt lat="45.869694" lon="10.877105"><ele>74.75</ele></trkpt>
    <trkpt lat="45.869671" lon="10.877078"><ele>74.5</ele></trkpt>
    <trkpt lat="45.869613" lon="10.877033"><ele>73.75</ele></trkpt>
    <trkpt lat="45.869481" lon="10.876953"><ele>70.75</ele></trkpt>
    <trkpt lat="45.869461" lon="10.876933"><ele>70.0</ele></trkpt>
    <trkpt lat="45.86927" lon="10.876739"><ele>67.5</ele></trkpt>
    <trkpt lat="45.869192" lon="10.87665"><ele>66.75</ele></trkpt>
    <trkpt lat="45.869279" lon="10.876504"><ele>66.25</ele></trkpt>
    <trkpt lat="45.869351" lon="10.876364"><ele>66.0</ele></trkpt>
    <trkpt lat="45.869405" lon="10.876354"><ele>66.0</ele></trkpt>
    <trkpt lat="45.869444" lon="10.876276"><ele>66.25</ele></trkpt>
    <trkpt lat="45.869519" lon="10.876098"><ele>67.5</ele></trkpt>
    <trkpt lat="45.869561" lon="10.875961"><ele>67.5</ele></trkpt>
    <trkpt lat="45.869584" lon="10.875885"><ele>67.5</ele></trkpt>
    <trkpt lat="45.86968" lon="10.875826"><ele>67.75</ele></trkpt>
    <trkpt lat="45.869672" lon="10.875787"><ele>67.5</ele></trkpt>
    <trkpt lat="45.869706" lon="10.875751"><ele>67.5</ele></trkpt>
    <trkpt lat="45.869703" lon="10.875733"><ele>67.5</ele></trkpt>
    <trkpt lat="45.869684" lon="10.875699"><ele>67.25</ele></trkpt>
    <trkpt lat="45.869537" lon="10.875507"><ele>67.0</ele></trkpt>
    <trkpt lat="45.869371" lon="10.875367"><ele>67.0</ele></trkpt>
    <trkpt lat="45.869181" lon="10.875203"><ele>66.5</ele></trkpt>
    <trkpt lat="45.869001" lon="10.87504"><ele>66.0</ele></trkpt>
    <trkpt lat="45.868995" lon="10.875035"><ele>66.0</ele></trkpt>
    <trkpt lat="45.868963" lon="10.875003"><ele>66.0</ele></trkpt>
    <trkpt lat="45.868871" lon="10.874917"><ele>65.75</ele></trkpt>
    <trkpt lat="45.868916" lon="10.874779"><ele>66.0</ele></trkpt>
    <trkpt lat="45.868923" lon="10.874762"><ele>66.0</ele></trkpt>
    <trkpt lat="45.868938" lon="10.874722"><ele>66.0</ele></trkpt>
    <trkpt lat="45.868997" lon="10.8746"><ele>66.25</ele></trkpt>
    <trkpt lat="45.86904" lon="10.874505"><ele>66.5</ele></trkpt>
    <trkpt lat="45.869124" lon="10.874362"><ele>66.5</ele></trkpt>
    <trkpt lat="45.869187" lon="10.874295"><ele>66.5</ele></trkpt>
    <trkpt lat="45.869281" lon="10.874258"><ele>66.5</ele></trkpt>
    <trkpt lat="45.869313" lon="10.874238"><ele>66.5</ele></trkpt>
    <trkpt lat="45.869602" lon="10.873608"><ele>66.5</ele></trkpt>
    <trkpt lat="45.86967" lon="10.87357"><ele>66.75</ele></trkpt>
    <trkpt lat="45.869673" lon="10.873467"><ele>66.75</ele></trkpt>
    <trkpt lat="45.869679" lon="10.873434"><ele>66.75</ele></trkpt>
    <trkpt lat="45.869696" lon="10.873394"><ele>66.75</ele></trkpt>
    <trkpt lat="45.869815" lon="10.873148"><ele>66.5</ele></trkpt>
    <trkpt lat="45.86984" lon="10.873027"><ele>66.25</ele></trkpt>
    <trkpt lat="45.869852" lon="10.873"><ele>66.25</ele></trkpt>
    <trkpt lat="45.869974" lon="10.872781"><ele>66.75</ele></trkpt>
    <trkpt lat="45.870092" lon="10.872582"><ele>66.5</ele></trkpt>
    <trkpt lat="45.870459" lon="10.871975"><ele>66.0</ele></trkpt>
    <trkpt lat="45.870637" lon="10.871689"><ele>65.5</ele></trkpt>
    <trkpt lat="45.870701" lon="10.871766"><ele>65.5</ele></trkpt>
    <trkpt lat="45.870743" lon="10.8717"><ele>65.25</ele></trkpt>
    <trkpt lat="45.870902" lon="10.871807"><ele>65.5</ele></trkpt>
    <trkpt lat="45.87095" lon="10.871693"><ele>65.25</ele></trkpt>
    <trkpt lat="45.871015" lon="10.871525"><ele>65.5</ele></trkpt>
    <trkpt lat="45.871029" lon="10.871488"><ele>65.5</ele></trkpt>
    <trkpt lat="45.870821" lon="10.871303"><ele>65.25</ele></trkpt>
    <trkpt lat="45.870836" lon="10.871095"><ele>66.0</ele></trkpt>
    <trkpt lat="45.870984" lon="10.870919"><ele>66.25</ele></trkpt>
    <trkpt lat="45.871068" lon="10.870802"><ele>66.5</ele></trkpt>
    <trkpt lat="45.871121" lon="10.870771"><ele>66.5</ele></trkpt>
    <trkpt lat="45.871288" lon="10.870627"><ele>66.0</ele></trkpt>
    <trkpt lat="45.871489" lon="10.87043"><ele>66.0</ele></trkpt>
    <trkpt lat="45.871568" lon="10.870317"><ele>66.0</ele></trkpt>
    <trkpt lat="45.871613" lon="10.870232"><ele>65.75</ele></trkpt>
    <trkpt lat="45.871636" lon="10.870215"><ele>65.75</ele></trkpt>
    <trkpt lat="45.871735" lon="10.870174"><ele>66.0</ele></trkpt>
    <trkpt lat="45.871777" lon="10.870144"><ele>66.0</ele></trkpt>
    <trkpt lat="45.872018" lon="10.869903"><ele>65.5</ele></trkpt>
    <trkpt lat="45.872079" lon="10.869845"><ele>65.5</ele></trkpt>
    <trkpt lat="45.872105" lon="10.869798"><ele>65.5</ele></trkpt>
    <trkpt lat="45.872248" lon="10.869416"><ele>65.75</ele></trkpt>
    <trkpt lat="45.872413" lon="10.86891"><ele>65.5</ele></trkpt>
    <trkpt lat="45.872434" lon="10.868784"><ele>65.75</ele></trkpt>
    <trkpt lat="45.872491" lon="10.868602"><ele>65.75</ele></trkpt>
    <trkpt lat="45.872496" lon="10.868555"><ele>65.75</ele></trkpt>
    <trkpt lat="45.872486" lon="10.868453"><ele>65.75</ele></trkpt>
    <trkpt lat="45.872507" lon="10.868166"><ele>66.0</ele></trkpt>
    <trkpt lat="45.872532" lon="10.867997"><ele>66.0</ele></trkpt>
    <trkpt lat="45.872461" lon="10.867557"><ele>65.75</ele></trkpt>
    <trkpt lat="45.872532" lon="10.867442"><ele>65.5</ele></trkpt>
    <trkpt lat="45.872556" lon="10.867453"><ele>65.5</ele></trkpt>
    <trkpt lat="45.872676" lon="10.867597"><ele>65.5</ele></trkpt>
    <trkpt lat="45.872767" lon="10.867792"><ele>66.0</ele></trkpt>
    <trkpt lat="45.872942" lon="10.868168"><ele>65.5</ele></trkpt>
    <trkpt lat="45.873051" lon="10.868498"><ele>66.5</ele></trkpt>
    <trkpt lat="45.873062" lon="10.868492"><ele>66.25</ele></trkpt>
    <trkpt lat="45.873387" lon="10.868313"><ele>65.75</ele></trkpt>
    <trkpt lat="45.873712" lon="10.868134"><ele>65.25</ele></trkpt>
    <trkpt lat="45.873727" lon="10.868126"><ele>65.25</ele></trkpt>
    <trkpt lat="45.873661" lon="10.867776"><ele>66.0</ele></trkpt>
    <trkpt lat="45.873659" lon="10.86768"><ele>66.0</ele></trkpt>
    <trkpt lat="45.873622" lon="10.867358"><ele>66.0</ele></trkpt>
    <trkpt lat="45.873629" lon="10.867344"><ele>66.0</ele></trkpt>
    <trkpt lat="45.87364" lon="10.867339"><ele>66.0</ele></trkpt>
    <trkpt lat="45.873694" lon="10.86735"><ele>66.0</ele></trkpt>
    <trkpt lat="45.873737" lon="10.867341"><ele>66.0</ele></trkpt>
    <trkpt lat="45.873768" lon="10.86732"><ele>66.0</ele></trkpt>
    <trkpt lat="45.873921" lon="10.867098"><ele>66.0</ele></trkpt>
    <trkpt lat="45.873956" lon="10.867064"><ele>66.0</ele></trkpt>
    <trkpt lat="45.874052" lon="10.867024"><ele>66.0</ele></trkpt>
    <trkpt lat="45.874283" lon="10.866938"><ele>65.75</ele></trkpt>
    <trkpt lat="45.874314" lon="10.866938"><ele>65.75</ele></trkpt>
    <trkpt lat="45.874368" lon="10.86697"><ele>66.0</ele></trkpt>
    <trkpt lat="45.874488" lon="10.867082"><ele>65.75</ele></trkpt>
    <trkpt lat="45.874551" lon="10.867137"><ele>65.5</ele></trkpt>
    <trkpt lat="45.874575" lon="10.867143"><ele>65.5</ele></trkpt>
    <trkpt lat="45.874599" lon="10.867138"><ele>65.5</ele></trkpt>
    <trkpt lat="45.874708" lon="10.867098"><ele>65.5</ele></trkpt>
    <trkpt lat="45.874817" lon="10.867058"><ele>65.5</ele></trkpt>
    <trkpt lat="45.874889" lon="10.867038"><ele>65.5</ele></trkpt>
    <trkpt lat="45.874949" lon="10.867028"><ele>65.75</ele></trkpt>
    <trkpt lat="45.874996" lon="10.867036"><ele>65.75</ele></trkpt>
    <trkpt lat="45.875079" lon="10.867081"><ele>66.0</ele></trkpt>
    <trkpt lat="45.875116" lon="10.867084"><ele>66.0</ele></trkpt>
    <trkpt lat="45.875176" lon="10.867069"><ele>66.0</ele></trkpt>
    <trkpt lat="45.875299" lon="10.867091"><ele>66.0</ele></trkpt>
    <trkpt lat="45.875392" lon="10.867097"><ele>66.0</ele></trkpt>
    <trkpt lat="45.875437" lon="10.867083"><ele>66.0</ele></trkpt>
    <trkpt lat="45.875493" lon="10.86705"><ele>66.0</ele></trkpt>
    <trkpt lat="45.875553" lon="10.866993"><ele>66.0</ele></trkpt>
    <trkpt lat="45.875637" lon="10.866885"><ele>65.75</ele></trkpt>
    <trkpt lat="45.875771" lon="10.866768"><ele>65.75</ele></trkpt>
    <trkpt lat="45.876361" lon="10.866089"><ele>65.75</ele></trkpt>
    <trkpt lat="45.876578" lon="10.865805"><ele>65.75</ele></trkpt>
    <trkpt lat="45.876747" lon="10.865541"><ele>66.0</ele></trkpt>
    <trkpt lat="45.876997" lon="10.865015"><ele>66.75</ele></trkpt>
    <trkpt lat="45.87704" lon="10.864907"><ele>67.75</ele></trkpt>
    <trkpt lat="45.877124" lon="10.864683"><ele>70.25</ele></trkpt>
    <trkpt lat="45.877172" lon="10.864611"><ele>72.25</ele></trkpt>
    <trkpt lat="45.877096" lon="10.86421"><ele>73.75</ele></trkpt>
    <trkpt lat="45.877086" lon="10.864076"><ele>76.5</ele></trkpt>
    <trkpt lat="45.876852" lon="10.863235"><ele>73.75</ele></trkpt>
    <trkpt lat="45.876787" lon="10.862942"><ele>76.5</ele></trkpt>
    <trkpt lat="45.876766" lon="10.862808"><ele>76.0</ele></trkpt>
    <trkpt lat="45.8767" lon="10.861931"><ele>72.5</ele></trkpt>
    <trkpt lat="45.876684" lon="10.861798"><ele>71.0</ele></trkpt>
    <trkpt lat="45.876642" lon="10.861557"><ele>69.0</ele></trkpt>
    <trkpt lat="45.87661" lon="10.861212"><ele>69.25</ele></trkpt>
    <trkpt lat="45.876618" lon="10.86098"><ele>70.25</ele></trkpt>
    <trkpt lat="45.876599" lon="10.860738"><ele>70.5</ele></trkpt>
    <trkpt lat="45.876564" lon="10.860479"><ele>72.25</ele></trkpt>
    <trkpt lat="45.876521" lon="10.860225"><ele>77.25</ele></trkpt>
    <trkpt lat="45.876349" lon="10.859416"><ele>71.75</ele></trkpt>
    <trkpt lat="45.876332" lon="10.859271"><ele>70.75</ele></trkpt>
    <trkpt lat="45.876331" lon="10.858962"><ele>69.25</ele></trkpt>
    <trkpt lat="45.876357" lon="10.858794"><ele>68.5</ele></trkpt>
    <trkpt lat="45.876391" lon="10.858665"><ele>67.75</ele></trkpt>
    <trkpt lat="45.8765" lon="10.858403"><ele>71.5</ele></trkpt>
    <trkpt lat="45.876586" lon="10.858217"><ele>70.75</ele></trkpt>
    <trkpt lat="45.876658" lon="10.857938"><ele>69.75</ele></trkpt>
    <trkpt lat="45.876827" lon="10.85754"><ele>70.25</ele></trkpt>
    <trkpt lat="45.876964" lon="10.857337"><ele>70.75</ele></trkpt>
    <trkpt lat="45.877014" lon="10.857274"><ele>70.25</ele></trkpt>
    <trkpt lat="45.877064" lon="10.857229"><ele>69.5</ele></trkpt>
    <trkpt lat="45.877101" lon="10.857211"><ele>69.25</ele></trkpt>
    <trkpt lat="45.877165" lon="10.857203"><ele>69.0</ele></trkpt>
    <trkpt lat="45.877213" lon="10.857219"><ele>69.0</ele></trkpt>
    <trkpt lat="45.877368" lon="10.857331"><ele>70.25</ele></trkpt>
    <trkpt lat="45.87745" lon="10.857393"><ele>70.25</ele></trkpt>
    <trkpt lat="45.877707" lon="10.857631"><ele>69.25</ele></trkpt>
    <trkpt lat="45.877729" lon="10.857677"><ele>69.25</ele></trkpt>
    <trkpt lat="45.877786" lon="10.85765"><ele>68.0</ele></trkpt>
    <trkpt lat="45.878047" lon="10.857485"><ele>66.75</ele></trkpt>
    <trkpt lat="45.878136" lon="10.857405"><ele>67.0</ele></trkpt>
    <trkpt lat="45.878155" lon="10.857388"><ele>67.0</ele></trkpt>
    <trkpt lat="45.878276" lon="10.857337"><ele>67.25</ele></trkpt>
    <trkpt lat="45.878427" lon="10.857273"><ele>67.0</ele></trkpt>
    <trkpt lat="45.878555" lon="10.857219"><ele>67.0</ele></trkpt>
    <trkpt lat="45.878705" lon="10.857155"><ele>67.0</ele></trkpt>
    <trkpt lat="45.878722" lon="10.857148"><ele>67.0</ele></trkpt>
    <trkpt lat="45.878705" lon="10.857042"><ele>67.0</ele></trkpt>
    <trkpt lat="45.87873" lon="10.857031"><ele>67.0</ele></trkpt>
    <trkpt lat="45.878663" lon="10.856714"><ele>67.0</ele></trkpt>
    <trkpt lat="45.878629" lon="10.856566"><ele>66.5</ele></trkpt>
    <trkpt lat="45.878698" lon="10.856524"><ele>66.5</ele></trkpt>
    <trkpt lat="45.878814" lon="10.85646"><ele>66.75</ele></trkpt>
    <trkpt lat="45.878802" lon="10.856381"><ele>66.5</ele></trkpt>
    <trkpt lat="45.878796" lon="10.85634"><ele>66.5</ele></trkpt>
    <trkpt lat="45.878826" lon="10.856316"><ele>66.75</ele></trkpt>
    <trkpt lat="45.878825" lon="10.856293"><ele>66.75</ele></trkpt>
    <trkpt lat="45.878796" lon="10.856074"><ele>66.75</ele></trkpt>
    <trkpt lat="45.87877" lon="10.855954"><ele>66.5</ele></trkpt>
    <trkpt lat="45.878707" lon="10.855732"><ele>66.25</ele></trkpt>
    <trkpt lat="45.878669" lon="10.855652"><ele>66.25</ele></trkpt>
    <trkpt lat="45.878674" lon="10.855617"><ele>66.0</ele></trkpt>
    <trkpt lat="45.878805" lon="10.855289"><ele>66.0</ele></trkpt>
    <trkpt lat="45.878911" lon="10.855006"><ele>66.0</ele></trkpt>
    <trkpt lat="45.878931" lon="10.854968"><ele>66.0</ele></trkpt>
    <trkpt lat="45.878949" lon="10.854951"><ele>66.0</ele></trkpt>
    <trkpt lat="45.878968" lon="10.854946"><ele>66.0</ele></trkpt>
    <trkpt lat="45.87908" lon="10.854974"><ele>66.0</ele></trkpt>
    <trkpt lat="45.879093" lon="10.85497"><ele>66.0</ele></trkpt>
    <trkpt lat="45.879119" lon="10.854944"><ele>66.0</ele></trkpt>
    <trkpt lat="45.879212" lon="10.854754"><ele>66.0</ele></trkpt>
    <trkpt lat="45.879356" lon="10.854579"><ele>66.75</ele></trkpt>
    <trkpt lat="45.879406" lon="10.854494"><ele>66.75</ele></trkpt>
    <trkpt lat="45.87955" lon="10.854184"><ele>66.75</ele></trkpt>
    <trkpt lat="45.879833" lon="10.853551"><ele>66.25</ele></trkpt>
    <trkpt lat="45.879832" lon="10.85351"><ele>66.25</ele></trkpt>
    <trkpt lat="45.879825" lon="10.853492"><ele>66.25</ele></trkpt>
    <trkpt lat="45.879768" lon="10.853423"><ele>66.0</ele></trkpt>
    <trkpt lat="45.879716" lon="10.853356"><ele>66.0</ele></trkpt>
    <trkpt lat="45.879683" lon="10.853253"><ele>66.25</ele></trkpt>
    <trkpt lat="45.879429" lon="10.852923"><ele>65.75</ele></trkpt>
    <trkpt lat="45.879424" lon="10.852904"><ele>65.75</ele></trkpt>
    <trkpt lat="45.87943" lon="10.852869"><ele>65.75</ele></trkpt>
    <trkpt lat="45.879498" lon="10.852741"><ele>66.0</ele></trkpt>
    <trkpt lat="45.879588" lon="10.852573"><ele>65.75</ele></trkpt>
    <trkpt lat="45.879639" lon="10.85248"><ele>65.5</ele></trkpt>
    <trkpt lat="45.879719" lon="10.852295"><ele>65.5</ele></trkpt>
    <trkpt lat="45.879887" lon="10.851904"><ele>65.0</ele></trkpt>
    <trkpt lat="45.879923" lon="10.85182"><ele>65.25</ele></trkpt>
    <trkpt lat="45.880038" lon="10.851543"><ele>66.0</ele></trkpt>
    <trkpt lat="45.880073" lon="10.851429"><ele>66.0</ele></trkpt>
    <trkpt lat="45.880063" lon="10.851259"><ele>65.75</ele></trkpt>
    <trkpt lat="45.880082" lon="10.851141"><ele>65.5</ele></trkpt>
    <trkpt lat="45.880172" lon="10.850651"><ele>66.0</ele></trkpt>
    <trkpt lat="45.880222" lon="10.850496"><ele>65.75</ele></trkpt>
    <trkpt lat="45.880256" lon="10.850411"><ele>65.75</ele></trkpt>
    <trkpt lat="45.880514" lon="10.849988"><ele>65.25</ele></trkpt>
    <trkpt lat="45.880548" lon="10.84994"><ele>65.25</ele></trkpt>
    <trkpt lat="45.88063" lon="10.849836"><ele>65.75</ele></trkpt>
    <trkpt lat="45.880664" lon="10.849804"><ele>66.0</ele></trkpt>
    <trkpt lat="45.880693" lon="10.849787"><ele>66.25</ele></trkpt>
    <trkpt lat="45.880743" lon="10.849775"><ele>66.25</ele></trkpt>
    <trkpt lat="45.880785" lon="10.849791"><ele>66.5</ele></trkpt>
    <trkpt lat="45.880815" lon="10.849819"><ele>66.5</ele></trkpt>
    <trkpt lat="45.881148" lon="10.850282"><ele>66.75</ele></trkpt>
    <trkpt lat="45.881185" lon="10.850308"><ele>66.5</ele></trkpt>
    <trkpt lat="45.881206" lon="10.85031"><ele>66.5</ele></trkpt>
    <trkpt lat="45.881235" lon="10.8503"><ele>66.5</ele></trkpt>
    <trkpt lat="45.881274" lon="10.850274"><ele>66.25</ele></trkpt>
    <trkpt lat="45.881308" lon="10.85024"><ele>66.25</ele></trkpt>
    <trkpt lat="45.881361" lon="10.850158"><ele>66.25</ele></trkpt>
    <trkpt lat="45.881394" lon="10.850061"><ele>66.75</ele></trkpt>
    <trkpt lat="45.881447" lon="10.849985"><ele>66.75</ele></trkpt>
    <trkpt lat="45.881557" lon="10.849829"><ele>66.75</ele></trkpt>
    <trkpt lat="45.881617" lon="10.849752"><ele>66.75</ele></trkpt>
    <trkpt lat="45.881628" lon="10.849692"><ele>67.0</ele></trkpt>
    <trkpt lat="45.881621" lon="10.849634"><ele>67.0</ele></trkpt>
    <trkpt lat="45.881624" lon="10.849569"><ele>67.0</ele></trkpt>
    <trkpt lat="45.881694" lon="10.849392"><ele>66.75</ele></trkpt>
    <trkpt lat="45.881709" lon="10.849318"><ele>66.5</ele></trkpt>
    <trkpt lat="45.881715" lon="10.849258"><ele>66.25</ele></trkpt>
    <trkpt lat="45.881704" lon="10.848935"><ele>66.0</ele></trkpt>
    <trkpt lat="45.881729" lon="10.848769"><ele>66.0</ele></trkpt>
    <trkpt lat="45.881733" lon="10.848705"><ele>66.0</ele></trkpt>
    <trkpt lat="45.881735" lon="10.848618"><ele>66.0</ele></trkpt>
    <trkpt lat="45.88172" lon="10.848447"><ele>66.0</ele></trkpt>
    <trkpt lat="45.881714" lon="10.848258"><ele>66.0</ele></trkpt>
    <trkpt lat="45.881723" lon="10.848215"><ele>66.0</ele></trkpt>
    <trkpt lat="45.881768" lon="10.848094"><ele>65.75</ele></trkpt>
    <trkpt lat="45.881777" lon="10.848055"><ele>66.0</ele></trkpt>
    <trkpt lat="45.881778" lon="10.848012"><ele>66.0</ele></trkpt>
    <trkpt lat="45.881733" lon="10.847786"><ele>66.0</ele></trkpt>
    <trkpt lat="45.881734" lon="10.847735"><ele>66.0</ele></trkpt>
    <trkpt lat="45.881744" lon="10.847685"><ele>66.0</ele></trkpt>
    <trkpt lat="45.881804" lon="10.847483"><ele>66.0</ele></trkpt>
    <trkpt lat="45.881818" lon="10.847418"><ele>66.0</ele></trkpt>
    <trkpt lat="45.881822" lon="10.847364"><ele>66.0</ele></trkpt>
    <trkpt lat="45.881822" lon="10.847306"><ele>66.0</ele></trkpt>
    <trkpt lat="45.881784" lon="10.847046"><ele>66.0</ele></trkpt>
    <trkpt lat="45.88178" lon="10.846986"><ele>66.0</ele></trkpt>
    <trkpt lat="45.881789" lon="10.846774"><ele>66.25</ele></trkpt>
    <trkpt lat="45.881802" lon="10.846673"><ele>66.25</ele></trkpt>
    <trkpt lat="45.881817" lon="10.846603"><ele>66.75</ele></trkpt>
    <trkpt lat="45.881838" lon="10.846552"><ele>67.0</ele></trkpt>
    <trkpt lat="45.881863" lon="10.846519"><ele>67.0</ele></trkpt>
    <trkpt lat="45.881924" lon="10.846481"><ele>67.5</ele></trkpt>
    <trkpt lat="45.882005" lon="10.846462"><ele>67.75</ele></trkpt>
    <trkpt lat="45.882019" lon="10.846453"><ele>67.75</ele></trkpt>
    <trkpt lat="45.882037" lon="10.846468"><ele>67.75</ele></trkpt>
    <trkpt lat="45.882066" lon="10.846476"><ele>67.75</ele></trkpt>
    <trkpt lat="45.882178" lon="10.846485"><ele>67.75</ele></trkpt>
    <trkpt lat="45.882253" lon="10.846501"><ele>67.75</ele></trkpt>
    <trkpt lat="45.882282" lon="10.846523"><ele>67.75</ele></trkpt>
    <trkpt lat="45.882305" lon="10.846553"><ele>68.0</ele></trkpt>
    <trkpt lat="45.882322" lon="10.846598"><ele>68.0</ele></trkpt>
    <trkpt lat="45.882347" lon="10.846701"><ele>68.25</ele></trkpt>
    <trkpt lat="45.882427" lon="10.84693"><ele>68.0</ele></trkpt>
    <trkpt lat="45.882456" lon="10.846978"><ele>67.75</ele></trkpt>
    <trkpt lat="45.882713" lon="10.847312"><ele>68.5</ele></trkpt>
    <trkpt lat="45.883013" lon="10.84775"><ele>68.75</ele></trkpt>
    <trkpt lat="45.883196" lon="10.84803"><ele>69.0</ele></trkpt>
    <trkpt lat="45.883276" lon="10.848184"><ele>69.25</ele></trkpt>
    <trkpt lat="45.88334" lon="10.848327"><ele>70.0</ele></trkpt>
    <trkpt lat="45.883378" lon="10.848431"><ele>69.5</ele></trkpt>
    <trkpt lat="45.883403" lon="10.848463"><ele>69.5</ele></trkpt>
    <trkpt lat="45.883417" lon="10.848467"><ele>69.5</ele></trkpt>
    <trkpt lat="45.883603" lon="10.848394"><ele>69.75</ele></trkpt>
    <trkpt lat="45.883662" lon="10.848341"><ele>69.75</ele></trkpt>
    <trkpt lat="45.88369" lon="10.848296"><ele>69.75</ele></trkpt>
    <trkpt lat="45.883926" lon="10.847788"><ele>70.75</ele></trkpt>
    <trkpt lat="45.88396" lon="10.847741"><ele>70.75</ele></trkpt>
    <trkpt lat="45.884" lon="10.847701"><ele>70.5</ele></trkpt>
    <trkpt lat="45.884064" lon="10.847677"><ele>70.5</ele></trkpt>
    <trkpt lat="45.884098" lon="10.847682"><ele>70.5</ele></trkpt>
    <trkpt lat="45.884485" lon="10.847909"><ele>70.75</ele></trkpt>
    <trkpt lat="45.885194" lon="10.848321"><ele>72.5</ele></trkpt>
    <trkpt lat="45.885243" lon="10.848346"><ele>72.75</ele></trkpt>
    <trkpt lat="45.885283" lon="10.848368"><ele>72.75</ele></trkpt>
    <trkpt lat="45.885312" lon="10.848259"><ele>72.5</ele></trkpt>
    <trkpt lat="45.886025" lon="10.848584"><ele>72.75</ele></trkpt>
    <trkpt lat="45.886143" lon="10.848637"><ele>72.75</ele></trkpt>
    <trkpt lat="45.886658" lon="10.848866"><ele>72.75</ele></trkpt>
    <trkpt lat="45.887025" lon="10.84903"><ele>75.0</ele></trkpt>
    <trkpt lat="45.887077" lon="10.849047"><ele>75.25</ele></trkpt>
    <trkpt lat="45.887081" lon="10.849026"><ele>75.0</ele></trkpt>
    <trkpt lat="45.887089" lon="10.84898"><ele>75.0</ele></trkpt>
    <trkpt lat="45.887159" lon="10.848605"><ele>73.75</ele></trkpt>
    <trkpt lat="45.887202" lon="10.84837"><ele>73.75</ele></trkpt>
    <trkpt lat="45.887236" lon="10.848189"><ele>73.75</ele></trkpt>
    <trkpt lat="45.887272" lon="10.847982"><ele>73.75</ele></trkpt>
    <trkpt lat="45.887301" lon="10.847836"><ele>73.25</ele></trkpt>
    <trkpt lat="45.88733" lon="10.8477"><ele>73.25</ele></trkpt>
    <trkpt lat="45.887356" lon="10.847564"><ele>73.25</ele></trkpt>
    <trkpt lat="45.887391" lon="10.847377"><ele>73.0</ele></trkpt>
    <trkpt lat="45.88755" lon="10.846536"><ele>72.5</ele></trkpt>
    <trkpt lat="45.887568" lon="10.846442"><ele>72.25</ele></trkpt>
    <trkpt lat="45.887614" lon="10.846201"><ele>72.0</ele></trkpt>
    <trkpt lat="45.887638" lon="10.846074"><ele>72.0</ele></trkpt>
    <trkpt lat="45.887666" lon="10.845923"><ele>72.25</ele></trkpt>
    <trkpt lat="45.887745" lon="10.845493"><ele>72.75</ele></trkpt>
    <trkpt lat="45.88776" lon="10.845408"><ele>72.75</ele></trkpt>
    <trkpt lat="45.887798" lon="10.845299"><ele>73.0</ele></trkpt>
    <trkpt lat="45.887864" lon="10.844965"><ele>73.0</ele></trkpt>
    <trkpt lat="45.887873" lon="10.844824"><ele>73.0</ele></trkpt>
    <trkpt lat="45.887899" lon="10.844687"><ele>73.25</ele></trkpt>
    <trkpt lat="45.887956" lon="10.844391"><ele>73.5</ele></trkpt>
    <trkpt lat="45.887976" lon="10.844355"><ele>73.5</ele></trkpt>
    <trkpt lat="45.888001" lon="10.84433"><ele>73.75</ele></trkpt>
    <trkpt lat="45.888058" lon="10.844305"><ele>74.0</ele></trkpt>
    <trkpt lat="45.888079" lon="10.844218"><ele>74.0</ele></trkpt>
    <trkpt lat="45.888077" lon="10.844183"><ele>74.0</ele></trkpt>
    <trkpt lat="45.888173" lon="10.843912"><ele>74.25</ele></trkpt>
    <trkpt lat="45.888241" lon="10.843724"><ele>75.0</ele></trkpt>
    <trkpt lat="45.888423" lon="10.843322"><ele>76.25</ele></trkpt>
    <trkpt lat="45.888505" lon="10.843102"><ele>76.5</ele></trkpt>
    <trkpt lat="45.888529" lon="10.843042"><ele>76.5</ele></trkpt>
    <trkpt lat="45.888555" lon="10.843033"><ele>76.75</ele></trkpt>
    <trkpt lat="45.888626" lon="10.843058"><ele>77.0</ele></trkpt>
    <trkpt lat="45.888661" lon="10.843031"><ele>77.0</ele></trkpt>
    <trkpt lat="45.888675" lon="10.842988"><ele>77.0</ele></trkpt>
    <trkpt lat="45.888684" lon="10.842921"><ele>77.25</ele></trkpt>
    <trkpt lat="45.888707" lon="10.842884"><ele>77.25</ele></trkpt>
    <trkpt lat="45.888748" lon="10.842854"><ele>77.25</ele></trkpt>
    <trkpt lat="45.888756" lon="10.842833"><ele>77.5</ele></trkpt>
    <trkpt lat="45.888852" lon="10.842822"><ele>77.75</ele></trkpt>
    <trkpt lat="45.888906" lon="10.842844"><ele>78.0</ele></trkpt>
    <trkpt lat="45.888971" lon="10.842915"><ele>78.0</ele></trkpt>
    <trkpt lat="45.888994" lon="10.842962"><ele>78.0</ele></trkpt>
    <trkpt lat="45.889004" lon="10.842996"><ele>78.0</ele></trkpt>
  </trkseg></trk></gpx>